id;burnout_true;burnout_pred
881650;2,9688409274218213;0,34149465
441738;3,2766784486338825;3,5478373
234225;3,1086169316973544;1,3891666
836405;0,0;0,5786363
46351;5,883328905144274;2,9209936
167072;0,2655685084698478;1,4233043
100743;4,973857358804937;3,0582182
925493;1,77922152104931;1,5349977
297845;2,111562545888532;2,1802711
248310;0,0;0,3461953
712113;2,977986026367666;2,5178888
418434;5,017022598382101;4,829506
5798;0,4440726739871896;1,6952332
70015;0,0;1,0909442
571221;3,217202651903291;1,5041964
846189;3,266153155436621;3,6933289
428415;4,179494898376657;4,03067
806795;6,725330377649399;2,0772738
889674;0,211311097810715;0,8582351
881632;2,225315226209278;2,7812202
545236;4,319923900057948;3,0173717
227545;4,718058359091034;2,9074051
429673;0,4179347637073904;1,2074533
612323;1,9075788114033592;2,3621132
246799;2,608044323534994;2,7813892
86181;3,280647396748867;4,5567856
403860;1,8746777685487244;2,244942
504029;2,4024704905833048;0,5885252
386807;0,0;0,41584575
781259;2,016997840535492;2,8540785
315522;5,653993592531394;4,148999
546949;0,0;0,26190543
817264;2,6751686869127185;2,6804554
341001;4,019458656123765;2,2639747
622174;0,394790685638295;0,6817672
273443;2,544005432729641;1,7152703
941520;4,059935864005075;3,2095296
62209;0,0;0,78050953
969645;3,563071336474796;2,1840103
36408;4,541387912500808;3,3174791
140391;2,738214709390248;1,8768756
151833;2,4396524634516616;1,8602005
529130;1,3020046750206862;0,34252536
964445;1,0806167980431944;2,462415
155477;0,5660147009847762;1,4913377
650997;3,2265516105788565;2,6585968
326343;0,0;1,1986077
471235;3,8152672012094775;2,6276398
546331;0,0;0,21329951
881480;3,0605533162007896;1,3857341
132036;0,9653396654698636;0,7467851
730623;5,741723225291818;4,5132213
541075;1,1140294290893518;1,9858433
766087;2,1434553142315425;1,7527013
218407;1,371683978467406;1,1573339
487651;2,310461076442633;3,8010733
7855;0,0200745678201805;0,52263296
143787;1,9928690732068275;2,7355294
637417;5,708302347226029;5,6937504
326185;3,1428650967404645;1,5084708
52555;0,1400181126165466;1,4336306
362416;2,0049708521228005;0,3297066
385786;0,3093704062020743;0,61017394
564163;1,3135895247515554;1,864383
654045;0,0;0,36784986
848465;0,9900533104532048;1,6547658
726444;1,7429591254556216;3,7416403
546926;1,829557658280575;1,9440517
727253;0,0;-0,1073727
382569;3,4962710186345056;2,4474487
277523;1,798912661679407;2,5929937
573976;1,8831216276319245;0,73277915
907724;2,073149749415128;2,7416182
753384;3,201463111302059;2,8840868
513070;4,284599005992956;2,8313527
635779;6,355090954359018;2,4616556
850799;0,832276673281928;2,8004055
616043;0,0;1,2208446
123863;3,95872150594504;1,7938668
844227;1,7614221966548858;0,2788574
148532;4,472517474694441;2,3394709
472324;0,0;0,2794118
835307;2,4199632164335747;2,3498864
446327;3,5371998631754664;1,6670184
308805;1,3370732282741202;1,2314309
867842;3,0250395520372093;2,228972
512333;0,0;0,29115888
725499;3,4114121130342223;1,5671217
369656;1,687491672680574;1,1657487
31506;2,254523512423133;1,8619909
463842;2,292027853265256;3,2880335
550670;0,4962352382824541;1,5839946
853268;3,261942244277507;1,075988
499090;0,0;0,38720143
763880;0,9076377252899382;0,52787775
568497;1,3553670298008766;2,2615333
120650;5,196801346283399;2,893417
800652;2,38458681572127;0,54032385
315174;2,0418659110522555;1,8184785
389110;1,013606546272063;1,6879971
615380;1,3737332523986598;1,467025
153440;5,530515538870446;4,812112
539016;0,0;-0,027314305
794813;0,0;0,42557544
343038;4,892529693499281;3,2906706
780235;1,2635856195209263;1,1815933
910406;0,6234252082839788;0,664984
895182;1,5937156383851367;3,1584098
131769;0,9401562743627272;1,3483809
180967;2,100105617920597;0,7425989
120240;2,597945888011303;1,5473946
796660;0,254731117994053;0,9021615
763311;0,0;0,3721524
102896;1,2556034511966925;0,4107204
800898;1,934349469801445;1,5191144
510719;4,856900522888891;1,8006134
368905;2,9983636576573773;0,43405282
672430;1,1032460025408173;0,57469785
311092;0,3471832057024354;1,3441381
465098;4,494168267317266;4,039117
172794;2,8839939198487743;1,171074
235973;2,657782212360724;0,6610625
341781;3,209298563521182;3,7570956
866697;0,0;0,59059477
690258;0,6405012667358008;1,6561129
778389;0,8764436149751385;1,9584823
606200;0,069028742778735;1,093149
23908;3,0059587346567787;1,1212358
917061;0,0;0,35842413
19988;3,558808953350036;1,4739397
326094;4,174236663711528;5,357934
976448;0,0;0,9226139
502772;1,1394249334631763;2,0996022
139;6,632176112447946;3,72237
558451;3,8492277055655366;2,2343712
547652;1,887587795598284;4,833724
188952;2,1821828174975737;1,2927243
828747;4,557802021506934;4,139556
401413;0,0;0,83581626
764839;3,1000502019781293;3,104023
8354;0,0;0,424514
436374;0,2840654916922157;0,48709306
45507;0,0;0,25824928
758589;1,8706251678879635;1,1539118
362691;1,4011170233437635;0,9689947
882949;2,524258967952852;3,247903
2511;0,6055858933005779;0,7073692
55778;0,0;1,1157798
806753;3,4786211108426097;2,4594412
295606;2,91268036712606;3,3400097
951927;0,2698089834950949;1,0428584
170133;1,3023209907501871;1,863496
493559;4,502492432669904;2,307479
877257;1,3744564340357033;3,2596593
94762;3,292145866968164;3,4102747
74514;1,3390448721231312;0,27398145
156229;1,9185694462545864;0,40810865
341653;0,0;0,47642007
514104;0,0;1,6491499
793441;1,492943608229406;1,7308996
76194;0,0;0,81926996
261785;6,269524690133678;4,2186203
382075;2,372163424542628;1,2830942
988338;1,4061524864173331;3,074837
202714;3,208578479122677;2,3208823
565953;2,372524871588155;1,7783315
129650;0,0;0,25182116
465310;0,0;0,3834111
39434;3,384523531510712;2,4453106
921111;1,6918390296636905;0,92109734
4919;5,271012728429922;4,118123
243044;5,844314560777711;3,569502
348893;1,754210277715456;2,7173522
282133;4,502452398390132;4,996764
627372;3,33916305197306;1,0653732
918554;2,752144596970642;0,58240116
608240;3,4947800722679623;3,0564916
232929;0,0;1,6504755
858039;4,719445339963371;2,93
542246;2,2084801806323826;1,1330266
390578;3,2783329012947955;1,324722
820131;5,188889630168807;4,691746
337982;2,5942404033723143;1,591959
816798;2,960922327510481;1,8117608
22654;0,0;0,44645065
112048;0,0;0,4487459
479534;3,2691874576737576;1,7764552
568795;3,375556102512654;1,8525486
59670;0,0;0,33134788
679310;0,9837355503703048;0,6576716
703835;3,771119644005573;1,8163536
810236;0,0;0,5115672
810428;0,0;0,12244314
117101;1,243697330175009;0,96128905
358184;0,0;0,31310064
425992;2,8510564258121645;2,9177039
601301;0,7468166996691263;2,7095773
66117;0,0;0,2944799
543366;0,1413661912029995;1,004656
981387;3,181926196422648;2,9753282
488657;0,0;0,22383809
678498;1,0113084786670292;0,99098957
756012;0,0;0,3303226
99043;0,0;1,6614225
374682;0,1570381912483083;1,6341312
573574;4,340043358946036;2,3090577
741504;1,0594427035453635;0,623318
763334;4,260645824461127;2,1943223
872218;0,8662810777867732;0,9084066
594443;3,83681594022763;2,9505408
500297;4,231766832251823;2,7726538
170833;0,0;0,6142348
505135;0,0;0,61222196
206734;3,5723831679458127;2,1760526
44000;4,530462594344827;4,803873
777270;0,586507829603287;0,40273803
650569;6,444068266561333;4,5729437
121275;1,913307946877881;0,9647074
103837;0,0;1,5248084
251126;3,40798420211794;3,3273609
890198;1,1020153338428649;1,0184553
479157;1,463722744400041;2,3782651
825386;0,5787207179402019;0,7639318
741164;2,840922864786509;2,2120297
232583;3,2131938007979954;1,3744016
207511;0,5417460483254347;1,3818996
418265;3,427358530840478;4,363126
200319;2,466727037295912;3,9164476
987510;3,2169416149243952;2,5523891
110995;0,2091667489788476;1,0033034
479573;6,740075431456817;3,1734068
244966;0,704023331900263;0,5955949
788532;3,368840916131451;1,6339251
425323;3,5691806377987163;3,6493979
920384;2,41069308577585;2,7190282
308624;2,627932033596284;2,474278
187907;2,581672509224568;1,5844994
320080;0,0;0,17302847
418865;0,2747179665348037;0,65880346
837094;3,972458649888444;2,8675745
989559;2,355863744472362;2,6320653
565217;1,817116558274466;2,6532402
809343;1,0422281642532711;0,334561
54136;0,0;0,530042
794598;0,0869412598028414;2,6310964
637398;1,336529238705079;0,7682355
567250;4,610740582988389;3,6794846
968396;2,129974647703785;1,6352286
256352;0,2444620161913875;0,87576586
750977;2,429165209092774;1,0687146
124605;0,0;0,39705893
750717;1,991999301880984;2,8920443
915919;0,0;0,33786574
331531;1,009157049886332;1,8076949
67801;0,904465550045084;0,9176356
424415;0,0;1,5809194
376948;0,0;1,7707115
912312;5,163407650066816;5,6659107
537251;1,6370373730213137;1,7885036
584818;2,0781333350452456;2,2789748
742823;2,629490513666641;1,8401401
106657;1,1325779520707002;0,7042951
707170;3,913649301138139;1,137831
514845;0,0783609523251221;0,3415509
6045;3,742858862466667;3,0677395
33926;1,6943459565469077;2,1679525
572499;1,0389822693329651;0,953128
695196;0,0;0,25772893
69895;2,772186426580584;2,304472
887765;0,768364631373007;0,8459864
977690;2,538701880112996;1,4907987
364086;2,78008950623916;1,534427
214705;0,4808823595397367;2,1006994
823444;1,072323778841923;2,5683749
879021;3,4015827552771025;2,3485548
242987;0,8982197229649155;0,31826487
955193;0,2791572843914465;1,5169346
924758;0,0;1,073038
464462;0,8712252782759158;2,1448493
38453;5,4912571026782775;4,483425
808801;3,5903185788525187;1,9095159
7156;1,4833867463196468;0,93499327
500850;3,5620144383138266;2,0680342
315912;0,559890729898725;0,48906162
523556;1,1702556262305754;1,0727844
166033;0,0;0,82118994
920220;0,7022903673429943;0,4560698
162834;4,207211152958882;2,3036366
738821;3,4354151546758085;1,8592278
370148;3,0674886773526384;3,7906744
604904;0,9878081328077736;3,9093611
567237;0,0;2,3086855
344198;1,8081466807484368;2,0920053
809740;3,373952838901461;2,143308
438393;0,0;1,0448068
517876;1,455856888572038;2,0572946
235748;2,9948283282575185;2,9617422
129779;0,7552926734882358;0,024501085
322614;6,53348963148073;3,7957888
700577;1,7521692467022836;2,136806
95987;3,926348585598874;2,526132
112335;2,272169517979758;2,4915195
266685;0,0;0,4840349
240610;0,8876594678753743;0,74473596
484223;2,5554192054059586;0,2931406
25339;0,0;0,24828523
321256;0,0;0,26834917
484883;0,0;0,2797718
953437;0,0;1,3427398
362070;1,486295831177486;0,7129837
391846;2,049171561585509;2,025295
338241;0,4278544611212382;1,0445005
120015;2,814187829829378;2,2171245
800774;3,605904039084893;3,8442497
693960;0,3991006213714749;3,289607
472205;1,9236237278890265;0,46803156
121833;2,5783351667650174;2,6708443
573145;2,83310889934243;2,5243564
763944;3,872456428995547;3,971163
415772;0,8063168925812025;0,3701399
188872;2,6348210705952684;2,5396764
859607;2,8544376054199643;2,1301417
954144;1,6697148201849812;1,353626
185736;0,2208114676367245;0,55902
251745;1,481214603808416;2,923373
508897;4,583114359370686;3,7653418
188357;0,8254595942547566;0,7541927
738603;2,3308184143986;1,609872
678179;3,705754402629277;1,8901713
89698;0,0;0,22867918
941838;0,7938902009202735;1,6934952
52457;1,1865114133934336;2,341121
686689;0,3593532875118487;1,1924757
424418;0,0;0,47612885
297681;2,6986331867901057;2,39614
492530;0,5983075252913305;1,0629039
419046;1,4712778801986426;2,4599428
263221;3,171532477334364;2,2384202
901829;3,339716141075589;3,072216
192349;0,3366272695857105;1,237085
882868;1,6535762209770295;0,82650167
588759;2,746701881960385;1,707042
672253;2,5256426961663;3,3778768
194503;2,291578632941109;1,509405
607023;0,0;0,8632164
545196;0,0;-0,009321272
131839;1,4606624922298908;0,43215436
732889;3,9295332475653577;2,8662388
99197;0,0;-0,013233125
796702;3,8135466437176735;1,1438694
356502;2,799240510272446;2,928857
285288;0,421946676414159;1,8214653
476872;1,857335049813156;1,2214144
453638;2,094607391820251;0,7299334
136845;3,326440474449816;3,1396635
552293;1,2399925043967734;1,1491437
390378;0,2825644054028459;0,4324712
622987;2,581166711450191;2,869735
152282;1,4525327147873424;0,5993316
684776;1,1022924579247977;0,38390607
713165;1,9120555256388347;2,0377154
127172;2,6474412324887795;1,9294727
42281;1,2158560846637745;0,40275413
87054;5,255946827660065;4,0530853
637786;3,0617463551969;2,6076636
187633;0,0;0,41485628
984549;2,7642555906309627;4,0994773
858098;0,0;0,94599444
683420;3,180397874491863;1,9728043
423092;2,1395901094861305;2,3627038
201734;0,3451563304018809;0,43805665
34367;0,5330076619440507;0,63239455
119916;0,0;0,13635606
597441;2,5862324588329684;4,0032883
621129;4,534416802953983;3,4928463
822839;1,989414536825964;1,7319415
275682;4,5239919660210965;1,8860369
121128;0,0;0,09177089
588176;0,0940538806962063;0,28048503
301824;3,068409804682222;4,5533524
485108;4,073509600133903;1,7762253
325901;4,488566609483013;2,9331715
617212;3,5449829821998406;4,114544
393278;0,0;1,4748591
535075;2,449197441455463;1,759455
74034;0,0;0,81680655
20969;0,0;0,18731725
833346;0,5653923536108366;1,5870528
181245;4,210979269896257;4,08424
921234;0,1381614537664957;0,8403306
331164;2,813977708624298;2,8237066
897176;5,831900079533052;5,258295
238876;1,1606616112296295;3,599034
517695;0,0;0,7254276
686563;0,2127298211562805;0,7865243
471128;1,4704922706786276;0,94328123
968859;1,77019247799929;1,6230749
6419;1,7804051610673477;2,3249733
508874;3,010577090501177;2,0140662
866613;1,100886921949328;2,092071
375650;7,348017115231057;3,6397388
85880;2,436639314423199;1,5289712
711179;2,458240275449261;3,1510422
846729;4,179620780476155;3,6659324
403075;2,7086904585140483;3,0084164
532872;2,4586532374988384;1,6539729
13647;2,411882901613045;1,1981912
241595;1,2986677480136557;1,1422702
481812;2,8438543074099054;4,180908
613008;1,3456447653481836;2,723878
348215;4,132343672246101;2,8539631
38947;1,3406724846679714;2,0369706
882896;3,0165362708718604;1,7718213
841306;2,593181689582801;2,1822383
874170;0,0;0,85716295
597502;0,6338667371292672;1,3240623
251738;2,0675806059349693;1,9178951
393585;0,0245996843960654;1,2718234
29467;0,8805624861939578;1,1052876
987808;0,7443810662033606;1,9571626
892522;1,7273469485392698;0,6144062
973528;3,177518884198759;2,14523
393128;2,433758602198789;1,1132104
565743;2,452570854177897;1,3261085
876015;0,0;-0,027094722
936351;1,7466702903678477;2,6422276
152643;0,602047003035736;0,45013285
804937;3,284944719287501;2,562931
679263;0,65605179087654;0,9075488
297416;1,361800280857035;1,7211636
245997;4,325854129021606;2,4634595
856458;2,379862429580572;2,1754756
48136;0,4447560506393964;0,47602034
198288;0,6447790686945107;0,22293556
347212;2,62216037158088;2,8142326
31423;1,960405233440925;2,8181927
329991;3,984597224878732;4,38363
728617;1,5757471202638482;1,7730594
249520;2,555000784715612;2,0705671
590929;1,5283455725174515;1,0725656
668641;0,441531890497238;1,2707379
544000;4,62552087597895;1,5002387
684991;0,4046696104924482;1,5993551
121324;2,6867493902265203;3,7529156
220992;1,085302416308199;0,7377205
728323;5,0805699346274285;2,4824097
444390;0,0;0,2845232
629720;5,295440466969393;2,8119855
280946;2,2971617181149933;2,7326474
299671;0,0;0,19254595
365526;1,802862700790396;1,673471
156902;1,7660697155640814;0,79228765
456462;0,3149628688982195;1,3876948
804169;2,5623053916909098;2,0174708
657956;0,4339626924994659;0,18695235
989947;3,5346155538325243;1,3577127
721996;0,0;1,2425616
814914;2,2744265468408345;0,8872609
55271;0,4522930432188194;1,5471665
962608;0,6625233529447385;1,3223426
22000;4,500622245675564;4,209325
671135;2,508467744314318;2,3689446
80459;2,225559323386803;0,95220923
41166;1,8227331572321688;2,0926838
909168;1,5976394947774262;2,803191
478303;1,132627096926568;0,6149472
95309;0,0;0,23725462
335212;1,4849057869747253;0,5442729
473706;1,9466187241537671;1,2203534
821043;4,936622532655056;3,1493697
651932;4,529791804551814;4,1305947
140884;1,4547402446992133;1,8410248
684177;0,0;0,5205805
313083;1,330433314945617;3,9114304
107245;2,129071020212422;2,9048374
893731;3,615094979606586;2,127334
376541;2,0727492311344555;0,4747248
881707;0,0;0,3257702
953119;0,531814330641905;1,0929141
68356;2,157877062793433;0,9912482
774343;2,4651182729443453;1,4979391
918936;1,0434264315568518;1,3486007
119761;1,253633139777206;1,5026957
814607;0,7239334431657127;0,28037876
273697;0,7427182504072098;0,5222918
692749;1,2738715057020709;1,3383222
25750;3,982727663700195;2,0348272
586448;0,3191838151605822;0,523536
938216;0,0;0,24918288
897452;3,968881624531892;2,2589662
199381;0,4447726227868144;0,7808334
977213;0,0;0,9475465
848250;2,4001191333558967;1,1280172
353970;0,9188841420193564;0,7987941
475781;0,0;1,1444669
114052;4,715859032320124;3,7252417
641063;0,5936499347215893;0,3774171
698060;0,0;0,40802997
227452;2,816136560354164;3,4590368
586878;0,649789669443698;1,5262798
37451;4,69481348401388;2,1885958
382366;4,155808351903871;3,5137482
505467;3,4714649570329152;3,9573925
592081;2,700555260731985;3,2636445
366971;0,7681183335344878;2,3422122
191536;3,2503575308710344;2,0003061
96248;1,2942693042908902;2,6729565
987175;4,796981734577247;2,296287
849532;4,478929544705951;2,7882874
28009;1,818837018220288;0,71619844
724742;0,0;0,059241056
896325;1,8720499780922195;0,47402093
281441;0,0;0,14452136
916104;0,0;0,4940725
775855;3,378371943916278;3,1944945
237788;3,3651822184286133;3,536245
184401;0,0;0,02306217
394914;0,0;0,5920256
571488;4,3677123397062605;2,795304
469520;1,2216012913252443;0,3524851
548718;2,0607662188759543;2,058794
763140;2,1947310713680706;4,01341
808275;4,095553667615838;2,9640636
928130;3,10972576669687;2,3649356
602289;1,29763821342262;2,7149715
275298;3,6115753742527454;2,5842805
128551;4,657712476715417;4,637315
457750;1,735381463806796;1,7297859
805204;3,085108023923933;0,8624712
541561;1,9240651849890624;1,0560564
601717;0,0;0,35056758
888536;5,136534508583899;5,6845484
679045;0,0;0,03502035
937751;2,041119086628738;0,6930966
874636;0,4525981909009775;1,1787773
601467;2,6142308714381115;2,14427
240512;1,7314455614610256;0,62293994
973049;1,1109110111090823;1,6377469
468143;1,8945158265150184;0,43147546
211470;4,041461540472309;1,9203029
535027;0,0;0,21768868
807324;0,0;0,6159255
648320;0,0;0,36767024
899525;3,821684234168232;3,1464849
805066;1,7202423302303465;2,9561756
317955;0,0;1,0778637
645044;3,9381338175362735;2,9342396
648102;3,689149095307425;3,3093176
898958;0,8579945782320384;0,49366298
260714;3,660703190930767;3,6431682
679279;2,3636378120121213;2,0439687
634998;3,150414865051974;2,6046295
154847;3,5464512432323603;4,2802696
702756;1,171790648780914;1,4902513
184256;4,021146987375875;2,2763848
924818;2,22648138174706;1,7636974
862397;0,4758810482594622;3,2609055
808004;3,188859825889018;3,075489
544269;0,0800781003855695;1,8730395
770196;0,0;0,76282823
842729;3,708823084653553;3,8644543
648777;1,1336968859967844;2,1893423
129203;3,5703964227138485;3,3100824
812891;0,2240214546602923;1,818943
870689;5,295426571448362;5,656334
863326;1,260675379573519;2,3977752
539236;5,10106125934082;3,3670533
131153;3,322645430457291;3,1055214
292200;4,60561335875143;2,5911546
308644;1,6672208423739154;2,568874
218115;1,2964034037101737;1,6239868
343333;0,9919567011554918;2,275138
130641;0,8319598476932017;0,35898042
508417;6,7783828739644;5,1164913
891538;0,0;0,84476334
699225;0,5632803278792762;1,8779722
930311;1,3073115902443195;0,97531694
112662;0,0;1,72423
134687;0,1425216075274198;3,8435118
959691;2,911681628495552;1,2800189
616936;2,1948246488641106;1,0083352
48013;0,0;0,53683525
783480;0,0;0,92220414
994518;2,041272686882721;1,7464566
309170;2,2104601819545406;2,9335902
178762;0,0;1,0514398
314288;2,540588494083309;1,0908102
149288;2,2421764538522955;1,2377234
608083;2,15407682243078;1,8753332
335750;2,282358893364799;2,9708617
929688;1,4976141747411085;2,3199015
368918;2,472599531645816;0,95008063
218767;6,549080543640301;5,280924
297564;1,0323374788941193;2,532772
276130;2,8538980853739107;1,2684872
986047;4,271960402458923;3,4258394
102927;2,8520259570850968;1,4964626
223986;2,179848950365461;2,3253841
836032;0,2863234832201017;2,3023763
641629;0,0068438909096956;0,84214973
377048;0,0;1,8027489
700578;0,0;1,3780972
634102;0,3115499094152032;2,3931255
410342;6,172423488671344;6,5768147
813977;0,4553506553219568;1,9557573
28848;2,718937115846674;1,3529363
535961;1,4534872696192056;1,4544646
277349;0,0;0,3966725
717231;0,2780801599366874;0,4353552
802345;3,056854157648452;2,2539148
518143;0,4114899281413773;1,8354175
951517;4,840459890126604;2,8512847
620473;0,7595273902116535;1,2226146
44883;1,032374873629338;2,5874348
255949;4,003827332817439;4,367012
515816;0,0;0,376423
201721;2,231924869735239;1,280076
944770;7,817174096345258;3,941362
444751;2,104359487769117;2,9001968
122000;2,377202137689145;3,307226
464543;0,0;0,9079804
899127;0,0;0,5238931
373942;1,3307718964928956;1,58975
827847;3,265254936424504;3,9893405
517671;0,982811203701066;1,2084551
140046;1,8821407158903136;1,3153064
147586;3,543864787270995;2,5507848
126654;3,467087766305279;1,8435631
546895;3,933402296284184;0,31797028
54871;0,0;0,56778264
235270;1,8302518229059648;2,0452385
374724;0,1857797841159896;1,7398036
290768;0,0;1,2462413
550378;0,0;0,24600315
718419;1,2197989591755565;1,6340051
87821;2,7719336537366104;2,5964723
428607;1,8850798529691883;2,8116028
845101;0,6500774839359876;0,97384
509748;0,0;0,36642128
187996;0,0;0,25512207
754401;3,264191867398414;2,7742434
748307;5,322040528460184;2,928417
940073;2,341672837212157;1,3497975
666724;0,2548815753912427;0,42924622
736663;4,4051030826148825;3,50048
439028;2,317037323723353;2,7803125
763384;2,1440513285373943;0,7074048
253609;0,0696101543017757;1,3674551
472308;1,0705219830622572;0,33502737
21977;3,6699686553213406;2,462791
476532;0,0;0,215083
93073;0,6699254524637958;0,5446235
79053;0,0;-0,028813839
561471;3,053421720952552;2,756392
273835;2,863201437811956;2,9488509
251121;0,5396263310504166;2,320353
863495;1,6533939100809576;1,5713607
884033;1,2304478275543946;1,7632256
754196;1,9316986230165667;2,2197015
718452;2,12501783768344;2,5038605
766435;3,420498077416969;0,5103075
8803;3,029418977121604;1,6126888
502220;1,672397390036255;1,4408665
529755;2,893744873121181;1,0400877
918852;0,0;0,017344713
781482;0,0;0,92229456
430454;0,0;0,49064618
865027;0,0;0,6861628
926327;2,2838538591436195;1,6315942
952293;3,996649932154112;3,4780843
29631;0,8741086953697992;2,4811902
152087;0,0;0,21381885
836399;0,2770768731726321;1,7294837
936546;1,234521454914612;1,8099289
207902;1,5798352789644097;1,4613955
758745;2,8967234562808684;2,514712
737666;1,0793799904610486;1,0346372
9348;2,609401264465942;2,8771546
114874;0,0;0,15242529
639282;0,1000507946890298;0,2089076
780691;1,375989062133672;1,7162335
788240;3,291336431859312;1,7211506
97558;0,7995632109010329;0,28068703
819310;1,1128221469644322;0,7889875
552100;0,0452745924129642;0,99750984
50903;4,208356851363294;1,7727424
247642;1,011697072608905;4,11345
509639;0,0851650748061347;1,3676853
916211;2,55092999408639;2,3129616
143953;2,4345552611743244;1,5512362
9319;0,0;0,65369004
895167;3,4736405514586224;3,4671233
181968;6,243243043088317;3,5442588
350954;0,0;0,27132273
237156;0,0;0,56023085
329316;1,9325890729297148;2,1477733
504423;0,0;0,056835473
690808;0,956835535121396;0,9776528
130537;0,0;0,6423098
555607;3,231118924552721;2,852679
226565;0,0;0,86401796
125327;3,123507907766076;1,2445285
461693;2,5170852432998028;0,93132865
428915;3,3460815233944894;4,7035685
666465;7,528783555614789;4,5463324
413757;1,8005898819190622;1,7527952
587334;0,735522160116103;1,3596823
83053;1,5047348902584714;2,3760726
36533;2,042471774147842;1,8211819
268062;0,0;0,6348977
716642;4,965337842034057;3,9658701
982680;1,4175255139384584;1,9284905
119475;0,0;1,2093371
916736;2,678779551309096;0,88210356
75140;2,903511952282347;2,2309003
30150;5,064873041243738;1,7994363
317054;1,8676061275765128;2,9158204
156314;2,065216573376513;1,4310229
392147;0,0;0,21465564
958380;0,0;0,0064492226
512474;0,2935766296075444;0,38464817
841541;0,0;0,42372936
489509;1,443593676455257;0,4462732
705429;4,171079375227474;3,8776023
259995;0,9557327477693848;0,5885448
487515;0,0;2,8607876
757914;4,05512457618337;1,0346122
155127;0,0;0,51541084
896679;0,564810398207331;1,0448453
397952;0,7217010041996561;0,3424613
777592;1,8676668709928008;1,8867072
565952;1,1611947072823647;2,1428304
102672;0,2009008671208833;0,39191613
999803;1,9991306332342853;2,7036722
539351;0,3907676806802782;1,378527
105749;0,0;0,5953015
784224;0,4826089503107816;0,9157318
806154;4,279833614265663;3,7207
361125;0,6501728430216335;2,581944
538655;1,2112261335729908;1,4089385
752918;0,3016180582816246;1,8024528
553617;0,901288524373552;0,38880378
313522;3,4202356442767994;2,6333945
984613;0,0;1,0351619
876173;1,6912997241956087;1,4129913
960483;2,2038806985126462;1,5823339
595026;0,0;0,54268956
367066;0,0;0,90353703
804589;0,0;0,7698293
237566;1,2279475934519066;1,0419542
270915;0,0;0,052461028
873318;4,310825238506615;2,4446714
38145;0,0;0,3153191
853411;0,0;0,128084
292372;3,013669220307308;3,4674199
425298;0,0;0,11861694
851767;0,6353536210395042;1,6735353
438725;0,1893134211085501;0,43648335
78531;3,636470748185048;2,4508579
127652;0,3907745277666004;0,39001882
789970;0,9359521050631496;2,0922954
37877;1,947801048271944;3,6268969
112249;2,8251205567472524;2,1051435
776318;1,526919417485524;2,4492092
604319;0,0;0,60230345
864864;0,0;1,6858797
347564;0,0;1,9149902
746029;2,2510971379612394;0,5038655
925809;3,6157861726669456;2,4656143
924356;4,291921477094574;3,1898177
182211;3,570981371569214;4,1372313
648271;1,6306918382658169;2,7661083
610333;0,0;0,29068708
972091;0,5320315238362194;0,36123538
379256;1,3749523264650558;1,350372
778935;1,3515257200904087;1,2147907
555027;1,8637531647701344;2,1666672
731629;0,9296909874570866;2,0867186
750976;1,4996646618064269;3,6441634
650699;0,0;1,1897861
257874;2,539321353381236;1,7623715
906145;0,333781424439458;1,2591425
147479;0,4802283407137332;0,93445385
884764;3,9437920775602064;3,550884
525172;0,8077048175460954;0,45331907
327942;3,5076627404499834;2,6160553
890146;5,815609812521508;3,2531354
837362;0,0;1,4076102
79026;0,7504700752059199;2,4447532
829402;0,0;0,25690734
137923;0,0;1,9627055
567014;4,088207183113117;4,1592007
542040;0,0;0,18112344
521826;4,1271537224594255;4,014781
418415;2,021656230942366;2,3467023
496748;3,528349490096703;3,5143082
623569;2,484791060604471;2,0374541
879794;1,0772042075651245;0,77158093
657983;0,0;0,8843337
695074;0,0;0,41168833
670607;0,0;0,38242015
26218;2,990461901213981;2,7439628
844912;1,518359877772438;2,303018
183798;0,0;0,9272438
667625;0,996391980685964;1,7715838
894393;1,622833635467332;1,1710751
82667;0,0;0,23048067
52346;3,1835779602965983;2,6509368
909763;0,0;0,31181228
591854;0,0;1,3148432
452776;3,657889499120863;3,1303449
682124;0,0;0,95056117
22761;3,3991550051121977;3,2119644
187703;1,5089225591848854;0,58219105
499101;2,677878515953203;1,6188347
473395;1,6941891279807366;0,39290446
556970;0,175192211488155;1,7839762
307406;0,0436654273762683;0,60117406
361006;0,0;0,8496895
941081;2,826036276854958;0,90104747
110476;1,7243312561348851;3,3545382
696896;0,0;0,4461294
661942;4,099217819133135;2,5823748
565315;2,3712512960759;1,3321259
196988;0,2224791225674398;2,2742915
300065;0,0;1,9034041
688537;1,2474934675173608;0,37924278
115290;1,0936073557237938;1,0023394
93561;2,0966347014534854;0,38438982
204092;0,1591403792917441;1,8459816
766536;1,5461995155307606;0,78608143
202150;1,7098854992042811;0,75034326
521249;0,0;1,520683
685635;1,2191456660716558;1,5110006
482834;4,795961265411346;3,023799
698813;1,0925054247025137;1,952621
343294;6,256114084662935;4,7751245
307795;3,8758357950013647;3,2909138
367273;1,5674734928628251;3,5345929
44294;0,0;0,33940732
102534;0,0;0,16472763
918293;1,0366158547966136;2,979089
118217;0,8011563118769716;1,3696132
812336;0,0;0,5306825
417476;1,0200998657000018;0,6330015
256007;3,4000232221381355;2,3238444
962363;0,0;2,0184216
285806;0,2924676655908966;1,175751
979904;1,24042980529576;1,8767658
485476;0,9498377812674847;2,0526624
146825;0,3574284473187007;0,6503094
336912;0,586737515838297;2,016066
641310;4,268817028751628;1,420405
532063;1,227269314483534;2,4711623
978995;1,0661633510975854;0,207708
553413;0,4179154490611358;1,6437354
408485;2,822815867353661;1,1071556
190576;4,2703044291238745;3,067517
829238;1,5184650169863847;0,647943
228964;2,865281083864888;3,118355
752801;1,158915673595749;1,3392746
139604;0,0;0,61513686
657613;1,6566669854255456;0,8583963
691748;7,087104148887763;6,117221
548824;2,293713245386197;0,7005435
931564;2,5328349849302683;2,1615186
961174;2,621353422047949;2,7821767
290288;1,4476773506328835;2,4591572
864954;0,0;0,07707381
839634;0,0;0,5820178
701301;0,0;0,07172096
752337;2,89515132202758;2,390545
628429;0,0;-0,16145253
802670;1,439013541863517;1,7186518
395147;0,0;1,5018088
159374;0,0;0,81046134
323801;0,0962841481550746;0,8386732
877896;2,177465379217036;2,945402
610736;2,9607858022938847;1,9200842
363721;0,4362420793019774;1,6198674
308456;3,0369915802097127;2,835214
672639;0,0863568117988722;0,8555688
681779;4,463291243077797;2,8925717
206621;0,0;0,40435025
152214;2,2123554935748144;1,6218239
570106;3,891689989567576;2,2563348
50800;2,2951371622907093;3,4972641
872403;0,0456393159036127;0,3797577
739375;0,6948130284152061;3,1833184
835765;1,586084261529758;1,7163765
238012;0,0;0,56377584
700911;2,7077621987966154;3,4726424
770879;1,1198810669495984;1,2723725
448378;0,0;0,24602777
251678;5,081161992881026;2,9384086
322235;2,9535619571153715;1,0102354
705631;1,057652329464444;0,8917317
510467;0,0;0,69593537
137558;4,65346524317377;5,2035055
315603;2,2255674085864827;1,1185646
935735;1,274121161199606;0,21363634
214242;0,4562095665152661;1,2043557
779219;0,5541784038652401;1,2712619
611491;1,8682327523254263;0,465087
859715;3,4905447732929247;2,5178108
263344;2,818340013706001;1,4168947
839768;2,0970484188922818;2,9719157
975876;5,174750482851038;5,031064
484982;2,646932212466792;1,2244316
665649;0,0;1,8833747
815844;3,374242231252269;3,315749
27545;0,0;0,22248363
952076;0,0;0,18129253
516222;1,4027678481555008;1,1761526
432065;1,0572717008823491;0,6664204
747439;0,2375699312186894;0,27331603
655549;1,092894934215826;1,0344803
346318;2,1316840562100685;1,9801699
307456;0,0;2,3654385
958578;0,3130027579706395;0,46616453
479604;3,2839904694005204;0,9718255
145655;0,0;2,2105293
455868;1,7205277330378277;2,5554843
748876;3,538583656104013;2,235887
371439;3,549488631670382;1,499871
978260;4,091879394714672;3,025998
971411;1,973852014995756;1,6735429
449891;2,255222192565514;1,8225207
856172;4,715626842604513;3,3222356
213336;1,9607472419090344;1,2356486
253935;1,9938143692888244;1,616337
187443;6,69725328053561;5,8490057
350781;2,250552719516462;2,141868
810801;2,799752740563021;2,9023254
625138;0,4121914607243719;0,9441748
323826;2,48534353228829;2,2107303
933418;0,0;0,23332602
973066;0,0;1,8188487
397184;0,678626866088176;1,531737
947197;0,5841287178109513;1,3701215
338548;0,0;0,3285897
384985;6,040882003778023;6,0208416
860636;7,106491684086215;5,5410423
210003;0,0;0,35883093
769872;0,0;0,763704
374046;2,446588838581388;1,628455
825282;4,167428255029534;3,6919134
260448;1,7820627860378015;1,413592
119523;1,7399563466450951;0,29690197
788951;0,4463416941242582;0,7857318
467843;5,85061719496984;3,8750021
854051;1,409380240415945;2,52711
327656;0,0;0,47055224
387383;1,82301640964386;1,8981726
615945;1,1704075956283464;1,1123531
245346;0,0;0,021502137
483681;0,946421018132299;0,39119434
997198;0,1166909969823093;0,78230435
370234;0,0;0,9195908
393796;0,0;0,19771099
437243;1,449596392361659;0,46483555
358726;3,355216580061519;3,137162
726140;2,314346589446088;1,648081
851303;1,0166227023012882;0,46291724
259985;2,84628908670218;2,4922554
186112;0,0;0,0625633
443158;1,7054024967678818;3,613089
382978;3,172846657705433;3,1514132
678258;2,184886563028268;0,527374
714812;0,9470111225998196;1,0322605
648070;0,0;0,16427016
7787;5,238632140565491;3,4483922
210102;0,1078939358263006;1,5341207
470826;2,498858356830145;2,2774525
125439;0,4400799402879159;0,37175602
601580;0,0;2,461474
187505;2,5986096941859547;2,675528
937815;0,0;0,8828133
695189;1,3403623553231272;2,2017026
55565;4,028304535663184;1,3602753
657748;0,4210835900967481;1,9708002
157532;0,9434372042206318;2,126848
382091;0,0;0,54593575
338678;2,7547135880557763;1,8222048
580151;2,108620166071969;1,6813929
466432;3,908981523162747;1,7595335
796609;0,6190055606594846;2,0915475
775479;0,9523002181548867;0,3196379
673405;0,5851523969317848;1,7566642
234828;0,0;0,65126765
898087;1,021052411030089;0,5155541
99170;0,0;0,02337879
694066;4,899350170235955;3,8827288
986757;5,224359761362515;2,533305
846215;0,0;2,9183145
212864;0,4247517198996846;0,8310755
371044;1,470179312406961;2,163824
680952;0,0;3,106073
442960;0,0;0,4558676
831197;1,820845215259503;1,1546364
330052;1,0893052758812751;0,72097343
8113;0,0;1,1053873
974784;3,505135004282951;1,4267759
830280;1,7829949348547398;1,8365309
437313;1,3589510094276378;1,3879069
614415;0,715393911534878;1,7369453
898463;3,5435698241888707;2,966995
582670;2,6910029174096013;1,9288166
295416;0,0;0,55108446
471146;1,2003249014505712;1,6648235
471537;1,5912566345758823;0,5136775
282227;1,2159666609911732;0,54357046
559879;2,9171470246782056;2,4561462
929188;3,5941595207220005;3,125734
738842;0,8641113010028089;2,0053885
365990;0,9744637580043698;2,0562906
110974;3,1825717285632016;2,036024
259706;1,9510908760824115;2,7298052
770204;0,0;0,7842732
116524;0,0;0,7099811
419310;4,984537240870078;4,2146206
646673;2,034922209850602;1,7970173
389691;3,8273918827965367;3,708728
566049;0,4650525117509837;0,39744383
242752;1,1221804049990165;1,97102
2404;3,047039793676245;1,6410561
983477;1,948928874265378;2,1976829
516295;0,0;0,5626196
732921;5,009754885351718;3,5571873
621852;2,7158322815309286;1,7144997
572162;0,0;0,052939057
443824;0,3844886352754058;2,0245113
308301;1,4621394595321306;1,3816354
94491;2,6985159077683294;2,8688626
178541;0,5779064988328029;0,8848187
264560;0,0;0,527459
970616;2,018220062480758;1,3254791
759743;3,872188728442368;1,8242474
301820;1,582282680435065;2,1426864
818451;3,533786558084443;3,476745
882851;5,677216283590381;4,7528725
576345;2,142722393342496;1,7875066
224510;0,4994707165899943;0,9249413
153229;4,279227304307536;4,0094724
207705;4,330453332382929;2,254311
680971;3,479577608858567;2,961188
853054;0,0;0,31213623
688972;4,052139293948745;4,5992007
977253;2,689191213382119;4,191735
855706;0,3812968355722086;1,5445743
454531;1,3270980023030103;0,81961393
250958;0,4331461619554623;1,0910251
835121;0,0;1,9584572
650890;1,7000063346561065;3,4882538
225127;0,0;0,26118279
719438;0,0;1,7090058
461556;2,4807577301547594;2,634922
227025;1,2648440891224244;0,6539557
205512;4,494309067924352;2,975517
332573;0,6443489632213026;1,5738283
844943;3,954900000645975;2,332819
958285;3,1338464616629182;1,3243796
786798;0,8027285038793462;1,0616456
103746;0,237348459430303;1,5351872
829429;0,0;1,3101752
679671;2,5482153260198546;2,1521811
812432;0,0;0,4542037
446260;1,5936392632691454;0,8360876
580625;0,0;0,3275327
640575;1,1985510027022075;2,9176817
299970;3,996959188007133;2,6021726
647108;2,3513800871716044;1,1064731
251688;0,0;0,19571012
744987;0,1091268418595176;1,2759984
548013;3,332819131366676;1,1596859
618445;3,2008792583162253;3,8513486
387339;4,263281980640676;4,3825855
792341;1,712083185277019;1,2250878
262863;0,0;0,95711416
665570;1,313793685866065;1,0403128
89011;1,877006611891448;2,35592
873293;0,7260320103772511;1,3522184
420902;4,3839056765475455;2,621779
299112;0,0;0,5554712
343331;3,446449778939108;2,4757419
854054;6,119187755930947;3,7891002
469122;3,212022381111898;3,0464618
123537;2,023237747226481;1,8279914
709512;1,79619375319239;1,5172708
769297;0,2247829434782589;0,5680237
114467;3,511480718866793;3,252082
514234;0,0;0,44166934
352301;2,501738785087736;3,5780594
77607;0,0;0,43546832
946509;0,0;1,737922
24778;0,0;0,7207362
660731;4,151841514067876;3,0491734
931198;2,2215799493207924;2,1797495
666802;3,0873193835880754;1,2740059
612637;3,29158988505511;3,0643823
596624;6,636874343448564;4,04325
947152;0,0;0,40615565
643600;2,3311303373849914;1,5135374
894512;0,4944717267911185;1,7983339
96998;1,633523619682129;1,2527287
803705;0,8084286361820265;1,4967774
929998;0,2063934002699051;0,4004688
768137;6,714852957373219;3,9840693
470886;0,1531509817419267;3,1713479
463762;0,6612305144449006;1,241943
951245;1,6643356113160996;1,4492934
905014;0,8169586890382448;3,3384075
299705;0,0;0,40999815
23131;0,0;1,4512951
665904;0,0;1,915804
667516;3,7684601370063353;1,5812359
612526;1,2477374949389826;1,206152
298001;5,736270778222129;5,3296833
511636;0,2435858845284385;1,4589413
154261;4,374498827568081;1,9698094
915215;1,9326226803086608;1,7703416
237506;0,0;0,61810625
926794;1,8774394760200543;2,858289
853648;0,0;0,14848691
239695;0,4027427127804686;0,4612031
783314;5,098819473296961;2,3197043
791782;1,8954617081029723;2,375167
977916;4,605073090189774;3,860501
455012;1,475255193728004;1,5673571
387446;0,4586696050673693;1,5800997
297640;3,423167359029809;1,3298485
214669;1,548625434693535;0,40794405
885722;2,4703279582348703;2,8184783
447379;1,5458024871399192;4,0499473
868208;2,898280482907354;3,6871576
792895;4,685637383619308;2,914366
227080;3,7166424047954094;4,6110735
336165;5,631645202433177;4,123171
966953;5,375575446889295;4,8633366
685176;1,170999957864146;1,5302889
752382;0,9708251535078364;0,16862357
597722;0,0;0,7585073
208382;1,3089390944771688;1,4493777
625642;5,143637925931468;2,0724964
870084;1,8488644747192111;3,0417914
518390;4,592437439491662;1,3119322
493011;0,811691809071045;0,8259664
826976;0,6614619996935349;1,2706972
798679;0,0;0,42728072
652647;0,1943985535162944;0,18250918
130154;0,6105414003109306;1,1346868
845812;3,1719391638000483;3,421414
893659;1,4763020371826188;3,1111228
40614;1,6210741424186;1,6856612
205945;5,757808558903347;4,2981195
355396;1,069176775151219;0,58897454
458775;0,6124821985587865;0,76515937
866126;2,645458722274149;3,5552747
285638;0,0;0,24925327
259634;4,635017673596148;3,2206342
975470;3,223591760209274;3,3343244
82438;2,331890843166618;1,2692785
194847;3,3822097410993988;1,9498461
865191;0,0;0,06347489
692290;1,872334361893761;0,6501361
137326;3,1096770572135;1,9002769
885927;2,477682492942021;0,8500564
847010;0,0;0,27436978
43269;0,3980651163093363;2,126226
83084;1,755025843220076;0,8671245
665317;0,0;0,53960365
341606;2,69050630623931;3,5890949
394542;2,035051347870422;2,7069736
422842;0,0;0,823442
798872;1,4521008176743275;3,0681956
929847;5,388570879022067;3,69379
872660;5,4134535545550655;4,6670017
560807;4,252511424986496;3,0056326
933385;2,815302610836864;0,8963894
283507;4,912332162555856;2,9837925
60335;2,144160700500481;2,848182
717133;3,915096121777789;2,223758
401774;2,329499398361365;3,2434099
311301;3,853665083745729;1,8304062
913887;2,741287515985292;2,7275407
461638;0,0;-0,070364535
956824;0,0;0,22173768
964515;0,5652070240582595;1,9216315
207838;0,0;0,81174207
927883;0,0725206854771424;1,4198395
216806;8,160349011453668;3,8323858
612452;6,325842165947365;5,603754
538903;0,0;0,8198742
854344;0,0;1,2117715
195536;5,357137367938642;3,7881587
50653;0,4158045784342601;2,237348
112441;1,7006541760668157;0,36852324
65271;3,7484810535447055;3,6191957
783208;0,0;0,61363727
239494;0,0;1,1627455
111457;0,2543715010574661;2,8390043
252809;0,0;0,44745588
131002;1,9273142306437168;1,7642753
138719;0,2195362475483951;1,1257435
270754;1,6310658400836244;0,9081646
49454;0,0;0,6156616
259432;1,47065349152635;1,3604438
71518;0,0;0,36104113
563311;1,8727883389961968;1,6162637
689865;0,0901434760453224;0,33376533
439898;0,0;0,91829747
982488;4,163306098027666;3,3723295
554606;0,2072837178252584;0,6826577
145828;2,0007541637436086;1,6996179
504066;0,2026552210339205;0,38965338
40655;2,489214673435253;2,807346
318567;0,0867127117096951;0,8862438
858088;1,144324858185891;0,50402975
134443;0,0287183004538822;2,4584181
459140;1,2445381769518302;1,6940503
266458;0,789259255468741;1,3047724
925492;0,0;0,41470462
867042;1,1343022813876371;0,9947685
719150;0,9537525254185268;1,1519411
373127;0,0990767620547458;0,45818615
996187;0,0;1,8099484
66131;0,0;0,34599084
122449;4,167986503147779;3,5402036
443544;4,350590285152427;3,2514567
963064;0,0;0,72583854
264005;3,456007092573559;2,7214293
959873;0,4276871552175433;0,3361932
672022;0,0;0,14031076
727985;3,515416700938809;1,4063864
433589;0,366263373173551;0,5527351
825887;4,252032699836184;2,3000712
708181;0,4221743868511015;0,5154926
504228;1,98149373046648;1,6428508
103375;1,5796300941209238;0,4082357
469193;0,7525762294657086;0,6607388
205956;2,4855791537763405;3,3188522
85702;1,7178283173633186;0,25550473
33584;1,174678274918503;0,8149191
213187;0,4969460679433159;2,4138746
563837;0,0;0,10565406
244239;1,3408585765344128;0,57693803
323565;1,7269729205895634;1,010541
593270;0,8958352924950499;0,5949968
646353;0,0;0,18260682
154251;2,815782601071488;4,032176
670124;5,4737460470241714;3,6787858
382033;0,6400824065634958;1,4380853
627237;4,959636840261515;3,348762
405293;1,5468834301080374;0,53732896
747580;3,981076459880757;1,28116
316920;0,0;1,204907
774495;0,0;1,4198225
994118;0,0;1,2022818
781465;0,0;0,11691153
155584;0,0;0,93772495
346990;0,17051753273269;1,2741094
301394;1,317212639247214;0,8409977
181317;0,0;1,0998272
283483;1,3694121468231826;1,3100204
861502;0,0;1,5886663
475767;4,809560269460869;3,138594
454791;1,158466258100238;1,4112275
431043;1,2437147749090296;2,8519518
247835;0,6947244940639008;0,6643688
375185;0,0;1,1955042
583986;4,063514918805997;4,2824273
991714;0,7991042773509953;0,9828788
924448;2,216270080924668;0,46891224
399641;0,347089596133638;1,8696706
749115;6,607737687358469;5,290061
930294;0,0;1,358656
159891;2,4200018262327654;1,9158373
596194;1,1418286335406949;0,65163887
642791;4,813431381333619;3,6930315
288346;0,0;0,31537777
594185;0,2501270559151325;0,3851077
407310;1,0980901208027716;1,6149725
164816;4,911120044236719;4,2435894
102733;2,2202004936654105;2,670749
139786;2,341297400482083;1,6122496
259382;2,5515844486150137;1,6571283
382100;4,924540855987643;3,4097478
415596;1,490298679125489;1,3837785
216228;3,484305828429595;3,0249808
517530;0,0;0,2794932
753703;1,8741596737921848;2,0470345
975068;0,9056215460982346;1,8730342
806985;3,979648420336584;3,3823876
685359;2,317995066138598;1,7237401
676188;0,4824626307896804;1,223327
780435;1,9436795314016808;1,7387598
20422;3,5593044123539754;1,6113396
690073;1,4231680648641147;2,5167704
921211;0,0;1,0797027
837390;1,4090398549106289;1,0556076
716117;3,06790582795674;3,274875
134306;0,3087147205931452;0,6713164
430589;0,0;1,0770538
763235;0,7728495573120238;0,5183157
351876;3,261393451704792;3,93203
414802;2,655051205392464;0,6413916
510773;0,0;0,017112732
675073;0,0;0,27388906
168581;4,170228309597341;3,4393709
377007;0,0;0,5093477
613974;0,0;2,419436
119975;1,8662039831544004;2,239221
617156;0,3096226166310721;2,2014875
808308;3,63670675247682;1,750212
990087;1,164852017100953;0,92926806
22539;4,896966567137042;4,7179213
534240;0,0;0,280577
296126;1,8278814133567167;0,8219106
201174;3,615917177716914;2,07362
73573;4,213301144601964;2,5252373
7927;0,0411278080967495;0,8525585
139443;1,290197451617028;1,4787767
835392;0,0;1,752969
336966;2,8649744729675493;3,3412392
162495;2,944294979588882;2,1179411
949295;3,36874721789266;0,45052776
701531;5,861648680729485;4,1045895
255000;1,3558404314488277;2,7036304
21998;0,0;0,62811446
505477;0,5008985960551002;1,4827559
734314;2,7655137365309908;2,7738633
906537;0,7332344834220603;0,9613766
791083;4,205722641596793;3,3967545
186427;0,0;0,71108854
176526;2,636359056087944;1,8299999
576246;3,96962974365019;2,7499027
643937;0,4030804115929388;1,8311547
216180;0,0;1,6727026
684531;0,4663945470538246;0,9946369
77752;0,6298608015169622;1,5492642
802293;2,121052332595341;1,7105067
118064;3,5759274909392125;3,0608754
169286;2,2864850476243115;1,6635311
193551;6,579270410843535;4,740038
119275;8,323907626069731;3,644473
237980;1,3575603724980234;0,57986057
119454;2,85359973256849;3,1843388
732662;1,1300433368730491;1,7449611
324582;5,879047369068405;2,776782
108337;0,0;2,2991757
109112;0,5033551026302727;0,41044453
50616;3,243625026814412;2,7467203
151712;2,275110038017323;0,5257318
225403;1,868874400617453;0,663045
293625;3,888183604218108;2,9120865
214437;0,4710520128146052;1,6524416
849911;1,8597708000823456;3,6258056
548775;1,6247536120830033;1,4961264
35869;3,3906267158167163;3,3327878
730005;0,2713171677910324;0,74274313
552287;3,83157820710909;1,8024735
675197;2,574105336587951;1,6473475
410364;0,0;0,20621789
508755;2,501496615801316;2,403502
365168;2,2127452396021847;3,0720303
587314;0,7967565661455553;2,0531714
446294;1,7529589302544886;1,2766116
904651;1,1195397294661165;1,2768692
738748;5,335875242918798;3,3307755
599401;0,0;0,5059251
597746;1,1618105525708675;2,7021613
740611;4,360538767586907;3,6411135
730469;4,039707868993568;5,3741217
25060;2,599194847704476;3,0156102
140020;5,162412321427385;3,5529618
499967;4,002239141190143;2,966389
147291;0,0;0,4597681
706142;3,5269269708381343;2,9631448
803534;0,6035436716080451;0,6889155
437637;2,7534500668784108;2,481501
56791;5,159226306539821;2,9848545
551042;1,7241965066007947;1,1098726
688235;4,31364476012256;2,9104445
322840;2,82890858701162;3,559068
583671;0,0;0,15414262
93063;5,716766452076544;5,7012005
124168;1,7403118021524335;1,7573924
793006;0,0;0,6060804
201683;1,9724429644124728;1,4203051
212367;2,051615509849434;1,8466482
260560;0,0;0,45901102
594428;4,4355760908753705;3,912073
274310;5,34102480161758;3,250846
771223;5,269638800927263;3,9140434
109800;0,7529815389244885;1,6257458
146098;2,300338907907251;1,1099408
202694;1,1678752843687903;1,6911223
204730;1,2893804009812746;0,58541286
947742;1,3025550234063714;1,8208655
613780;3,5269809279250994;1,2945536
755670;0,0;0,10773671
492335;1,7093690890699982;2,2964034
857741;3,5967858170392657;2,5514565
619630;2,351475002985296;4,2221894
617990;1,9959141413425927;3,1085405
359707;0,0;0,33526075
193554;2,1404541715232086;1,640157
707991;1,245629834870372;0,9937233
379830;0,8751109677698806;1,6851952
806304;0,0;0,12573254
359871;2,834390695286916;2,590772
469733;0,4023986338065535;1,6419479
477545;1,966624881255747;1,6567423
7088;2,8879270253842773;2,2565727
862702;4,999533240599099;3,658045
195858;0,0;0,7749374
231847;3,0684553352788706;2,6713421
799666;1,5906863495038337;4,5357447
44615;1,4726530754076932;2,005386
217823;2,851678411440141;2,6416574
515568;0,0;0,45386916
107681;3,0438077879445515;2,2833834
886283;1,6275659244982503;2,183922
37696;3,5847785137846526;2,1949298
906457;0,2685973834548848;1,9163189
415074;0,9120136574524224;1,7527575
369034;2,5014232036925983;1,272099
100821;0,5142981675791869;2,0842137
748772;1,1441914537755178;1,2007455
385709;0,0;0,43674135
705372;2,0230846267386826;3,3323038
297583;6,254169222747992;3,1863744
878374;1,9607713199791672;0,43216562
172013;3,9065878015831945;1,7285196
772195;1,2418274652087753;1,70476
833374;2,591303502849232;0,8237608
483522;0,8114161991740918;0,8941593
926269;2,780178699476077;2,4993923
407587;3,4178733125730685;4,584174
788789;0,2389331599998174;0,46248284
331209;3,373192473343189;0,92484117
241853;0,0;0,1826998
56823;0,8239630383919049;1,270857
784888;2,749924553798736;1,5847342
391909;2,0303525671227263;0,355906
217059;0,4837690521641972;1,4986644
152636;1,111832111681505;0,53692675
561177;0,0;1,5943695
259903;3,9284228885308496;3,319793
677741;0,0;0,018440008
368061;2,290595649516665;0,93061864
960294;2,072525357792544;1,3778517
433549;3,576916729844383;2,8219345
124603;0,0;0,37728715
413668;0,3250803059905225;0,6571637
333400;3,4503307966637715;1,5495337
134868;2,3602114957113187;2,0797472
989332;0,4709952653064236;0,8263073
660243;0,979140859397903;1,117454
805746;0,0;2,59166
120472;0,0;0,31618744
567294;5,0311109229146975;1,3709903
23856;0,7648335916577222;0,7962428
850145;4,46521445925489;3,3648448
158896;2,591156590206648;2,188583
622184;0,1925614905530756;2,8158777
389422;0,0;0,35200295
356537;0,0;0,43495873
30757;3,2814017616100744;4,2058697
831075;0,804550651143191;0,55689085
456476;0,8877087386211789;0,53268296
106934;3,0339616154051106;1,2340916
138319;0,0733025600715709;0,651466
926825;0,0;0,5067512
726822;2,6713812245205824;1,996902
50404;0,0;1,0874729
147366;0,5189083017675398;1,185504
890229;0,0;2,0955033
993206;1,8298954061259487;1,6324198
169342;6,484585373001682;3,5617588
969306;1,880750893163876;0,55402035
46360;2,068985533549303;2,5162253
957089;0,6803076196929305;0,4764737
999797;0,0;0,07368386
242053;0,8383219140560586;1,7327945
313336;0,7951716163756128;2,4983156
190492;0,6082017648329707;0,6787549
336755;3,2527717437647725;2,2907114
843068;2,0978089689739554;3,9198215
68909;1,5321365595540448;1,6415122
303933;0,9558317800033468;0,09813297
246306;4,099441701109033;2,815595
800333;2,660978337623787;3,4137137
772665;1,816787235769966;2,878167
366589;0,0;0,28199482
253404;0,0;0,64732623
183629;0,0;0,16902494
835705;1,7473411603377278;1,604865
58037;2,1419027983825423;1,6988535
814256;2,496649978589612;2,1337574
647116;0,8769051981502592;1,0339183
883433;0,0;0,71350235
437894;0,0;0,26196098
953114;1,5201994451150664;1,9582734
262906;0,8118585996976216;1,2612736
599418;2,078118632802961;3,0021648
583673;1,830522582945239;1,5104691
685884;3,1113400883377205;1,9221321
99781;0,3296000288831957;0,77346486
858097;0,0;0,93489754
313436;3,4455939227979497;2,7860787
825160;0,0;1,2723505
312575;3,324150501207826;2,36294
523656;1,5980933431023654;0,33290935
533808;4,799364222837983;2,0635571
289824;0,7620059000003924;1,2671168
8289;4,752730239292386;4,176388
929240;3,2482674582584945;3,5527678
513444;3,6990032047643497;1,7889373
957814;2,3221828465074954;2,8994565
136258;1,2093929813025737;1,1730531
844587;1,2724441902343655;2,7650516
421839;0,0;1,198605
545092;0,0;1,4347073
689720;0,0;0,780581
464671;0,3108671437457486;2,7267687
457041;1,3249764423157626;0,3935195
39483;2,7007642115118844;1,4161882
611156;3,2052927119846646;2,7230859
821029;2,754036101034735;2,9089282
157736;3,8985369405762578;3,8637326
331423;3,6408489542581095;3,0278733
516651;4,7194778205813535;1,6056534
784999;2,084442677328407;1,3730328
964634;0,0;0,7886356
329194;0,0;0,42276454
32802;0,315579811085992;0,31183606
943418;5,32853684376758;4,9791336
745734;2,6754564844841444;1,4617653
51004;0,0;0,35429573
965590;1,3036981905480711;1,9605703
60894;1,2111330092750094;1,8084742
547293;4,403041994576936;3,4873602
464510;0,0;-0,2149378
841664;0,3065780950235894;0,6756057
523047;0,0;0,6994335
844856;0,7841919748052663;1,6701416
539381;0,543803230404474;1,916919
374691;4,538417760524349;3,9030252
704662;0,329953267942132;2,1910527
410656;3,3799782276153576;3,9154508
588810;1,1651105613042605;1,9821965
536812;0,4021681824693808;1,4793175
772501;2,295267373833889;1,603936
195393;0,9031614557453036;0,40461224
719233;4,449759783173907;4,122156
421227;3,001577792504106;0,89091086
641917;1,7189573411611994;3,3617787
747404;1,487124812253079;2,3376179
799120;1,1072643396215835;1,4651558
719894;0,1198411172792122;1,4459211
996559;2,064622819437981;3,2095685
20773;2,343081528855896;1,0106255
674201;0,0;0,44258767
503939;2,287984153353829;2,003294
213101;0,0;1,2875208
77156;1,3138464314929346;3,831653
788771;0,6898401940791433;2,0092938
360809;0,9130219561712298;1,2644778
220162;1,5569503863251413;2,5089018
627890;2,391008086146066;2,152968
21730;2,325115852273993;1,0127417
417724;0,0;0,11734891
856862;0,0;0,50595427
330884;1,5138643584186824;1,1350071
126885;0,2867504074215605;2,0309181
553707;1,3782891979822425;1,799072
123769;5,122400799127194;1,3778225
988603;1,4826538385813546;0,33430898
34076;0,6123353840697616;1,4364245
237124;1,925068490007358;2,0282743
505195;0,0;1,1394953
317098;2,2067022183414973;2,302099
501424;0,2589223467762168;1,3455375
389047;3,92581712773178;2,497375
633184;3,758488055724743;3,7083986
156537;1,7282741899538778;0,8422538
469312;0,2759241424482821;0,94708955
979792;0,3284954853279685;0,70269
168384;0,5347323024400009;0,40456003
364763;2,4689502942673767;2,5369992
721944;0,2666321770349334;0,7840483
888429;4,170139160607766;4,266835
378113;0,0;0,27650982
383366;4,086738498035995;3,1210768
111799;1,5257349091318773;1,6507419
487072;5,982292592604575;4,907881
455331;1,468645476248447;1,6703992
276566;0,5573682543997156;2,2661858
500348;0,6422083967940477;0,1985079
836066;4,619328304253719;3,5078614
596897;0,0;0,34690017
734969;1,5664743829901489;1,6642975
417278;0,1889906794286862;1,1559933
248588;0,7834699337564512;1,1523036
913011;0,0;0,08885759
604418;0,6944891562661114;1,9331641
258900;4,303585718445412;2,5683208
99292;4,207073142208104;1,911063
204021;2,7083891775968816;3,431784
727550;1,2374350431097358;2,016701
123153;2,912403145441228;2,237817
620349;3,783850004490626;2,7928674
387727;2,1958403633548302;2,960829
437660;0,362962832195601;0,35786226
235106;4,480378244655885;2,9296415
666458;0,8169397390828246;1,7220676
446834;3,4096145581509374;4,041897
711171;0,7783454075906112;0,54055876
183589;0,7933047658111322;2,4016585
642022;0,8870158459369669;1,9946216
469941;0,268424252828219;2,3068657
686049;2,852117454826871;2,02069
238730;0,3439008227347188;0,4835795
662405;1,6545568881842323;1,0772297
873528;0,0;0,18806529
621880;1,692697022944936;2,590013
215597;3,203103052747199;4,308669
526258;4,230813845390943;4,096266
15450;2,4065617717615475;2,6535132
283831;0,0;0,39450777
202130;5,46751237874392;4,8019753
827624;5,227604334022222;4,1431437
18859;2,387766648010184;2,1631553
781093;2,0125417488281085;1,6771687
408283;1,7565245593820806;1,267118
441304;2,058551979031158;0,8144271
148231;1,0821135130331214;0,53971696
998873;1,2569950177788027;1,373951
227756;3,579597744555734;3,1957796
126021;0,689276649005484;3,1340935
865327;3,368676196596799;3,144537
696557;1,781780829343567;1,2138748
603280;0,120502441341102;0,55022955
939131;3,51384120750994;2,2383885
924368;3,831021686448733;2,9294164
845045;0,0;0,0357095
551198;4,549640904790303;2,9493616
72073;0,0;0,4785848
630140;1,5580651519049935;0,92972136
541457;5,961311384146898;4,7785625
292;4,703860745864765;3,4362576
935217;1,6661372359957711;1,8583503
915621;4,529394299987696;2,029655
986701;0,0;1,0987
871403;2,97154678307649;1,8505173
521197;2,783825971456303;2,091353
294329;0,8827911182446138;0,9032007
398004;0,0;0,66343176
532317;7,377818647530996;5,1304255
647678;2,0195612612468503;1,7573631
257490;0,0;2,4650044
111451;0,2668205508995034;0,4458931
976947;0,0;0,277412
640360;3,0415988701800125;1,5125446
600536;0,0;0,59010917
507520;3,145824230486665;0,49873143
251377;0,9756611696034072;1,255498
416098;0,0;1,0020128
533711;0,8981970479364875;1,1727864
495553;1,7829564823603348;1,5575514
291269;3,568612658132493;1,6122401
340714;1,530504453047459;2,054553
864634;4,94963683216867;4,0946455
486447;0,0;1,1488092
56267;0,0;0,15255255
855700;0,0;0,8531795
248829;3,1286186173675112;0,9669712
317940;1,676787082101852;1,977324
284295;0,0;0,42037302
992547;0,9936092727159684;1,4507631
813839;1,8572510695567688;2,4097512
614882;3,2721661081994933;4,2659626
347196;1,5079024048508838;1,2138822
412237;0,0;-0,06760162
212613;1,2715751162486677;2,1123095
572622;1,0713808727933996;1,9648917
407194;0,0;0,2519855
907950;1,046235766367561;1,047305
719335;2,5869253143699416;4,266224
583774;2,0894338599057822;2,105024
965174;1,987342417355872;1,2499863
940536;1,375638198083525;1,0856695
148940;4,610103026288532;4,6986685
838811;0,0;0,5480448
354357;0,0;0,581225
551194;0,0;0,36283594
766293;2,803634784457547;1,905076
268124;1,817158368017804;1,9492908
737348;1,337394843259202;2,4337656
596758;2,079282020180776;2,2453852
140714;0,4101041148549291;2,3055403
813808;1,7941053765814643;3,2391617
853037;0,3240350639929605;2,1791997
388546;3,78185514595317;1,7623299
881255;2,782501754655481;1,2283359
511337;0,5397056343445937;1,9851131
110149;2,028871985940846;3,9248698
296437;0,7890033391729226;0,37002158
31652;1,0243709289332394;0,35270363
358172;0,0;2,2685232
433116;0,6266334057590872;1,180488
647555;1,7594926888851694;2,9144943
335926;0,3520489556103843;0,37896073
351755;4,105146453365023;4,107235
194080;0,0;0,46277526
68961;2,310792909462281;1,329706
787448;5,287253579586757;3,9108875
363145;1,012075515538457;1,0666413
223871;5,577958331742369;2,9602118
581941;1,4752084058118708;1,4075298
915867;1,0688864112508618;0,9068306
951968;1,7935774027837417;0,9430818
381279;0,3044439758540607;1,4315224
780742;2,6604497117600725;3,4962416
972944;2,4478489403415176;2,2895842
655200;3,387315144346938;1,3734193
637306;2,652133865714799;2,917308
605305;0,0;0,3064495
485584;1,8213215390522663;2,379106
636273;0,0;0,5787355
273091;1,5354732039799617;0,45258126
472187;4,16703479356709;2,8553202
155718;5,701130517298562;2,8382485
701489;6,477000192706675;4,8462515
337722;0,0;1,2014191
515916;4,346878695815106;3,7584052
610201;1,9191435635370504;3,0581152
529534;0,0;0,35888052
727945;0,2662455233048411;2,2203493
119901;0,3731800598162633;1,1093063
216071;4,608335037573794;3,9790876
882732;3,9676089672582897;4,5232735
680261;0,0;0,4002896
975613;0,237210404814219;1,4917217
777318;0,0;1,2247075
99012;0,0;0,13205087
283345;2,1475482981820946;0,64712626
161414;3,201360972357133;2,2644522
584018;4,0048536332899625;2,602247
218583;0,0;0,18623173
14727;0,4707534895169821;1,3577567
901992;4,381052205566431;2,775224
925174;0,0;0,5700363
715672;3,8976039620693137;3,3661273
392500;0,0;1,3174484
37016;4,351561598576881;2,8833482
487582;3,9393377563565823;0,9445996
599500;3,11001665091332;2,774746
982425;3,21666647722872;2,3337088
782819;0,0;0,50556636
229175;4,589979721249848;2,054937
403067;3,3744256372675165;1,6139193
4417;1,6226663899347349;0,9209941
101205;1,791373526523637;0,93669915
34201;0,4397353726642788;0,71456873
15310;1,956611567056873;4,1585445
987525;3,847080515774292;2,2407324
572696;0,0;0,39355087
323541;0,3958123938287843;0,96430254
749469;0,0;2,0403821
963405;0,9330929071976224;0,6451898
450489;2,604745284211364;3,3865678
943751;0,0593226818835761;0,28916982
285374;0,0;2,3433754
553881;1,596780557376681;0,25405663
618360;3,49097500360803;3,209233
338073;0,0;1,2463577
183823;0,0;0,47285622
496343;0,0;0,26996887
770804;2,2698719535696887;2,5641522
145804;0,8754352918330792;2,0555115
863021;2,03438933521416;1,9754844
68073;3,5867144441028485;1,8988012
564755;2,583136905343499;2,2837996
916127;4,800083674285947;3,6231918
444055;1,1578113578575004;0,6035743
514660;0,6617515895513648;2,5619407
54777;1,5825747150014773;2,38497
3328;0,0;0,20910418
199726;0,0;0,23877186
932841;2,2435625362647187;0,89782935
928476;0,0;0,18171859
988282;4,312355471821194;2,9584801
400234;3,3973229517285253;1,5037582
251807;0,0;0,340881
58829;1,1951723989140848;1,1674207
728571;2,37495388832356;3,281967
722350;4,685551077175355;3,7310092
141767;0,0;0,39375004
175293;3,6268531731346574;2,7961125
890791;0,0;0,14945823
439636;0,0;0,22913009
809548;2,1244557399578743;2,2230885
427513;0,0;0,2568773
659954;2,103120078560764;2,3325958
742542;0,8349514363556768;2,0020592
578907;0,0;0,9734498
9993;1,8217473842794192;1,6135662
799811;0,0;0,057437003
574371;0,0;0,5490433
342803;2,324559020701117;2,8840072
493137;0,0;0,27099276
361045;2,822637050379249;2,2883766
604348;1,841522971533252;0,49688858
407722;1,4487978432319677;1,1030015
627926;0,0;0,8525026
110314;4,7510438028703685;2,2953165
191285;3,719636373831224;2,859117
955760;0,8179395954723638;0,5160213
981370;1,4507577934709357;2,019937
627887;5,328452496244394;2,8809755
866182;2,8919827477836924;2,8192463
880783;2,549327470180309;2,6068156
198095;1,6754024234506946;1,9719877
423063;2,4480201985756898;1,6126014
304077;2,3719045116335646;2,3362885
921393;7,748620665762916;2,8148315
661720;4,541981744231337;2,2105155
732099;1,5153606951041976;1,5084383
318588;1,987460316955009;0,7185281
116094;1,9444902520517109;3,4113722
937047;2,902204341673701;1,650916
618756;1,3738201444363125;0,9919096
599590;3,557235663539677;2,7759414
693094;2,176443116398815;1,742518
233694;0,0;1,3857841
6050;2,811231280413268;1,8427578
230773;0,0;0,39015323
352765;0,0;0,5535747
321937;3,1136721860479963;4,178939
254277;0,8762370800842421;0,499101
556073;0,5340351186548686;0,74205106
361865;3,934273460104574;1,6327822
644339;5,625681421319674;3,7923193
283781;0,4922230076976128;2,367282
513359;1,8688522415511768;1,444074
666232;1,5097183725497203;0,41346276
927099;0,0;1,9486976
354236;0,8727212040730054;1,8519509
938127;0,0;0,44057077
5455;3,181718007098202;0,94218695
17301;4,884591131275008;3,121626
779160;0,0;1,2861017
667840;0,6427600658032895;0,5454383
976305;2,6687191804272508;2,0444398
262968;0,0;0,7552758
42531;0,0;0,57588077
950632;2,081155239554671;1,7955894
583738;4,639922813794088;2,5671978
201287;7,408555171650257;3,3499424
954575;1,3214919535269416;1,2441856
522861;1,560967051576262;1,2951686
287275;0,5523819895373383;1,7914277
76569;2,90184137365238;3,328484
509953;0,4134642951452201;0,32987446
132805;2,906405523279965;1,3150841
468574;2,567066438357796;1,6496617
649263;0,0;-0,011943102
136942;2,8585835097498733;1,5477512
635267;3,3764622250146576;2,7151575
188594;1,3636105531831746;2,1741548
853762;4,712277988267423;2,0817626
165035;2,627810677143513;1,6121875
891752;0,8929178136663933;0,7310191
851357;0,0;0,38256228
113317;1,5944332116623126;1,5627048
216339;2,743241616880903;2,480959
422501;2,5295200277873047;1,8974321
76532;2,4744592712621944;0,79603004
18750;1,287156755435274;1,6594828
549729;5,1641012068881045;3,6424253
54024;1,749962124050202;3,9694526
872750;4,730558753090385;2,0751262
490555;0,2685656931331159;0,5687781
591630;0,0;0,46028656
739149;0,0;0,16441262
427506;1,7893506537844035;0,6329677
469366;0,0;0,65880775
3035;0,0;0,32948017
151268;2,14892705590427;0,38186622
303449;2,625300815792764;0,5914385
627737;3,2513446188782487;2,2757578
659459;1,708167720118598;0,46528238
531348;4,397367674542808;2,7680936
80288;0,0;0,704451
501149;2,6215225763103;2,252865
767072;0,0;0,44778425
885971;1,111628017618419;1,8885424
742938;0,0;0,9590281
56309;0,0;1,5910244
490500;1,8913525801213755;0,60148346
466982;3,575209974089868;4,28652
670677;2,7341201209880257;2,222497
81745;5,112895497368383;3,697161
801643;0,0;0,23258954
942037;2,1732780520303416;2,3982654
678698;2,152307840752491;3,6611273
384046;2,5347724465976715;0,4751585
978644;2,109381332305783;1,3687882
617187;5,439651894567552;3,7080212
337585;0,0458696633787673;2,4437187
21248;1,1469664436115687;2,6542995
956696;1,8152628310261127;1,9181646
620330;2,1732554051890496;1,565151
881446;2,0251895029021174;2,2878501
709346;3,495620974837136;2,3014631
801363;1,555420534690402;1,5424454
41695;3,704651128720727;4,180583
241797;0,2084351937418977;1,1135359
255260;1,6355859427124495;2,3048162
122895;4,662922545603398;3,6725333
373821;2,9449273272879384;3,1389318
64822;0,7560665991169084;0,8217178
500031;0,0;0,64436954
677486;0,4795327132831783;1,2504885
862676;0,8544327587487583;0,76812893
39379;0,2199070459467873;0,78634506
580251;0,2607330011091096;2,295583
378991;0,0;0,20258087
869717;2,968259696282514;1,788004
699399;1,1147019437274837;1,155724
766851;2,5364570560853483;3,064253
548082;4,198027329143906;3,1328037
417533;1,465371576953991;2,1343594
102751;0,0;0,5116554
324969;2,338340358692531;1,6471876
135627;0,0;1,059373
210495;0,0;0,7510943
771760;0,6057951807805045;0,76811665
702582;0,0756619600466803;0,8701921
880621;1,931405089450949;1,6724061
467994;3,349189870848838;2,632745
575573;0,4718582359891793;1,0672933
204482;0,0;1,062138
329510;0,7788397741056645;1,3739756
180853;0,0;0,87287927
503627;3,014480616131978;2,329924
325123;0,0;0,116704345
229954;0,0;1,7122464
588569;4,774133722520524;1,9287962
812359;0,0;1,4511775
580065;3,700881603154041;3,1168501
585175;1,9398797198042337;1,423409
960843;3,045672128382513;3,3604631
87644;4,43980959112772;4,330675
651335;4,382555496663026;4,0584354
655685;0,0;0,16729712
335565;0,0;1,0202818
300673;0,0;2,2550147
293069;0,2780734308611619;0,77424395
547183;1,9637350847205453;0,37940353
524935;0,2842247345215034;1,7457831
328684;0,0;0,3849753
667171;0,0;0,24745196
640168;1,0606837901948898;1,1285267
78574;1,743819169891984;1,4837114
553063;0,0;0,9107245
31858;0,0;0,44025213
430001;2,938841271135855;1,870643
304507;1,8017180282367105;2,8803496
228884;0,7842235656470744;0,53152895
641111;0,0;0,750646
278510;0,0;0,43805954
99901;1,4915820234160315;1,5986842
810129;3,0909482166650952;1,5855794
526366;0,0;1,4995003
747560;3,7690273569578303;2,1110733
403272;0,0;1,3669739
753716;4,278337581772293;4,6305933
127224;3,960187712061341;2,2569044
65021;0,7115216621261594;1,9812857
348411;3,665861501205952;2,8796399
218629;2,8163738170416828;1,0045731
196187;1,5151896893459262;1,3166939
707031;3,71544637292534;2,6449223
708614;2,695580632009261;2,106184
262112;0,0;0,079915166
23803;0,0;1,5509607
749583;3,093393822451282;2,3071344
182072;1,640063634692467;2,5359888
829268;1,7833178595769212;1,6480341
864311;0,0;0,9640606
743300;0,0;1,056317
683649;0,0;0,3763537
447657;3,3533918855987;2,4923239
133654;0,8278935553680116;2,185711
311551;0,0;0,6328641
353902;2,1264032805828803;3,4552507
625831;2,2708712477130053;0,5280858
543288;0,5232956159482396;1,2790158
304283;6,082998667814762;5,7954044
655935;3,6527175725292778;2,2154086
831950;1,5151412472756318;2,3467653
487845;1,4754696902823703;2,1429605
402378;3,7596360746881614;2,9446166
859365;3,524029730344049;1,756968
852419;0,0;0,77482444
913840;0,54786792927333;1,9769297
955187;1,5320098113605778;1,5298216
699603;2,865187717311535;3,185209
852130;4,681615647192917;4,028784
504700;6,467917735813192;3,1554964
430402;4,779526765097741;3,413151
818646;1,1718095039058192;1,4486967
347568;0,0;-0,013697147
499704;2,0616772118940045;0,92607
245942;2,579635746919914;2,0357213
680463;2,563618794982817;2,3003232
575925;3,176346674531526;2,5507379
60407;1,2671979830664313;2,2924833
391136;0,0;1,0611675
868410;2,4330992600919235;2,6242886
178959;0,6186000207408543;1,806703
703526;1,9325714533679164;1,1700065
663431;3,18587886335949;1,6228968
67156;1,5937714092924202;1,9219497
734705;0,8072044623570904;1,7135396
240576;1,6088585490067733;0,4649645
495329;0,7299727562381414;0,85570544
275334;0,0;0,36828023
146021;1,4067477382485785;2,7076502
414460;1,996119098094636;1,6626612
522088;0,0;0,13572848
592863;1,4934246874032722;2,1529868
779830;1,7733770875993795;0,5728605
917427;2,674756442064377;2,8304183
966013;1,381935481712925;0,3032394
639695;2,105076910200431;2,4381113
320442;3,0307940356089675;2,7994452
288356;0,0;0,65510786
397594;1,1146773604600408;0,52882
491589;0,0;0,30369908
587529;0,9978758445710668;2,7557106
693129;1,9942681850451487;1,3865612
791236;3,175179727251575;2,2097867
977031;0,0;0,21429336
124392;0,0341943362467732;1,0739261
84677;2,474527576903793;1,8984374
643802;2,881643497414522;4,0367785
662612;2,190923785905465;0,95954233
592315;0,0;0,24121082
905936;0,043183085205164;0,6470063
58708;0,0;0,69367415
186717;1,759593066916081;2,5532937
178097;3,302727106420212;3,342529
61377;1,6390880222923403;2,4784577
326618;4,10703806403779;2,951062
309460;0,7177621127352563;1,2889197
658842;1,7197920521721484;2,6361165
200218;5,735304255578587;2,4306238
685509;0,0;0,96019894
317203;1,3597991415623498;1,0349566
455555;0,0;1,9372952
711899;0,0;0,7545896
548956;0,0;0,19209564
341670;0,0;0,1942997
714407;1,636982266874942;1,585026
188055;1,6312329565401336;1,9128324
160357;1,61327649479303;1,066938
386270;3,477767169538442;2,3006868
30606;0,0;0,43256658
464143;0,0;0,5936835
791068;0,0;0,54784656
2439;0,8819538717225734;0,6647494
511582;4,294326762259597;3,5931213
92967;1,0751668431743804;2,6130157
931473;0,099623185731243;0,60822845
620465;1,49132671958583;2,131464
610169;1,935353383457389;1,4171561
993819;2,358926882486906;1,1260539
668900;1,3027150203987314;0,53750074
484327;2,591121233589028;2,565795
583010;0,0;0,39022043
654842;0,0;1,2636129
268313;4,71843351021781;2,73882
385059;2,957063053768936;2,2503405
473140;1,8992297025849487;0,9438592
270219;6,0161118950768175;5,025874
786005;3,4213494520469965;3,3239439
258071;2,678756616484879;2,6279492
932913;1,592380134490839;1,1089926
870544;0,4469621505125269;0,8767933
485959;0,0;0,20615947
801084;1,308770428226115;2,5537646
641729;5,685601355902172;4,2684364
474871;0,0;0,83234787
96588;0,0;0,6085548
460245;3,639747862569706;1,8548783
903838;2,145326965992288;2,3837852
295220;0,0;0,39873558
680654;1,8902916843872355;0,37282598
561440;1,3975165889304626;2,2407522
417076;4,395482029898834;2,3859832
49436;3,934636289773361;3,9814813
502345;1,7004430915121531;1,980492
489384;2,321670505842427;1,2641324
607459;1,7303430884672817;0,7079509
213945;5,080866550989421;3,972933
550069;2,7347804944299003;4,0533533
537544;2,8252671455355287;2,1044922
80014;1,4545636075424544;1,608481
931054;0,0;0,52582556
915429;2,581481909313454;2,4085302
272276;3,96999300358314;2,5740638
877956;3,96996502598827;2,246805
560143;3,5399075480879203;1,9267061
886065;0,0;1,1027933
57653;2,9329278323470085;2,2310276
434071;2,816305694404696;0,9857681
101630;0,0;-0,3353727
3231;2,435171229082472;2,5824628
160602;3,032240695444512;4,621048
761360;1,3730449180943998;1,4110686
247850;0,2873547068499145;0,5489668
111791;0,4111333894207629;1,5504093
796471;1,9715511386125657;1,6365249
559999;2,9794163552675914;2,9291275
459625;3,4900776569619487;2,2293475
124150;4,041539516587396;3,031628
255382;6,262534653927727;3,305525
138831;5,36857563100637;3,4827461
66165;2,7939563982514737;1,8300647
502229;1,8780990227567127;3,5053685
576783;5,078178687264561;3,969867
556749;4,591656391865264;1,796917
182206;0,0;0,78796315
956883;1,264174238305397;2,356437
595645;3,202349623917951;4,382614
940801;2,714466285859973;1,2371988
360181;0,0;0,20743167
754206;2,4646916422844862;2,8779366
885516;1,0719747312013057;1,6512119
287381;2,1365284695978493;0,95155543
768582;3,3513666337298496;2,5176122
836969;1,5169192245570888;1,6611267
146938;0,0;0,36025095
182502;0,935047963748996;0,76713914
899687;3,450380590714209;2,7428558
687326;0,3718329714636078;0,97111833
482597;0,9416943546344794;1,8868971
311809;3,7683524958846393;1,0007813
5664;1,708660298563934;1,4917483
378022;1,5582913878411977;1,3177862
390279;1,3871357966125388;1,2547739
83906;0,0;0,10943407
918948;0,9581283855863096;1,5332681
814853;2,336788244421328;1,7097197
926663;5,019982196435391;4,08347
738858;1,9377297140585583;0,43334377
870549;3,528277590665788;2,3430014
26840;3,859216571375094;1,4817758
764259;0,0;0,41772294
562670;0,0;1,675483
749186;3,86912520291362;3,9485705
84955;6,140326531508569;4,0767937
207830;0,5000690228615841;1,2755857
812692;2,5952572083852505;2,2782097
814381;0,8552733907510548;0,71115196
655973;2,833419984943964;2,538671
542777;3,7714913977267672;1,9480011
800989;2,336560538917449;1,180233
705855;0,0;1,5168684
354692;2,2818944395653262;0,89973867
285913;4,711055552604314;1,8847789
157979;2,0217589740999555;1,0926647
120897;2,747891137766822;2,4428887
344494;1,0591764376277129;1,0251341
62564;0,9928306069563044;1,7254076
500535;1,1892021750974415;0,3446724
188548;1,8808851189355376;2,2811108
605044;0,9200318710065928;1,0016857
769113;3,9275851000214352;2,9634259
562053;3,600223532557411;1,3998079
640476;3,504942952432077;3,54626
373518;4,2399904251705545;4,255947
677537;8,95291279037385;5,253274
594305;3,624507847357013;3,3987203
681218;3,447818505189672;2,4597921
655739;3,727218218531703;1,5429678
16633;4,693227005964213;5,6169434
648948;6,4744682896307895;3,813317
580235;0,0;0,22764969
84523;5,32985521398771;4,1437025
311056;0,0;1,3579695
12341;3,8198560960461454;2,104185
258404;0,0;0,5766628
840783;1,1028613614381322;1,4045084
457857;0,0;0,26911467
704915;0,5925283764639081;1,3343936
849251;0,0;0,7174431
287668;1,4778922548488818;2,6927495
145986;0,0;1,7976433
502274;6,097883271859412;5,803397
918711;2,343979702578737;1,2480066
51742;1,2066663502272448;2,879313
322355;0,8814543242818846;1,6189059
659481;0,806454342967614;2,4834611
208564;1,4855867914414844;1,3579681
586489;2,2194515061666182;0,9544675
486163;3,85471250811433;3,4782856
878717;2,25147541632946;2,3485522
768442;1,868905337519432;2,9683607
679658;3,1726537057819244;1,9603765
681490;2,129905011280419;2,8581297
684618;1,7425271589109876;2,1097522
868309;2,247970657829144;3,3920531
472757;0,2445237674146549;0,39579207
853656;0,0;0,19212604
288298;3,637763985161624;3,7992177
373856;5,544400286763238;5,0353107
175834;2,085082039352164;4,0216694
528594;3,261382241455123;3,6963806
530265;3,4409124874774006;4,1285324
992450;0,0;0,37863654
418332;1,348716991146409;2,6827164
448168;5,175856543863642;3,3974402
180058;3,3701681680166584;3,5199795
743058;2,0063143748288508;3,366708
252392;0,6188365396212945;1,3149755
315199;3,163526871280141;1,8139209
840730;4,303187558893829;3,0625842
372785;2,328082599943218;2,037618
20744;1,2191204651448269;0,99788004
769707;0,0;0,42616433
550322;0,0;3,0501914
743737;2,6593258931755144;3,582223
394679;2,21728198653077;3,638778
985790;0,4369155872209584;0,4196741
985087;3,292642344765547;2,2874901
541560;0,7787827291442153;2,0625486
54867;2,3756539105635244;3,1383188
177191;0,9898483381138588;1,523792
950938;2,44259918417733;0,81833535
372690;0,782564471706862;1,9771566
607331;1,1027192384399616;1,6339393
248159;4,473289190227627;3,1180785
221376;0,0;0,18229163
424667;0,0;0,2982747
203665;4,681602151526193;2,1092
976634;5,4686500371800015;3,8968003
829987;0,0;0,5847749
207144;0,968043905618696;0,40197116
274196;3,264048157603074;3,5669646
301169;1,3810097682650249;1,5159467
726455;3,6564557193690734;3,1631083
391961;2,743298364027046;1,4868569
448187;4,472209087510304;3,4604254
86608;0,0;0,16590834
547384;3,9123804069631873;2,7718334
360890;0,8216902184452961;0,9591164
172115;1,2650114455280468;1,231869
910400;0,0;-0,1235553
981179;0,0;0,3106783
592701;2,0461263443311783;1,2728978
547686;3,1355467255201246;2,1632805
863823;0,0;0,53163284
55086;1,579780097274869;3,0595577
902113;2,0681355369824392;2,4064932
656428;4,011727870936502;3,6195543
245513;3,858179754499314;3,4610217
882214;1,349010857862813;0,77464956
967485;2,7321075210770416;3,668267
716917;0,0;0,41760007
227374;2,430999576790248;2,4995325
281274;0,0;0,613624
410752;0,812462709986129;3,321738
598123;1,088100271765298;1,9817303
45093;0,3353343458588772;2,3852174
954582;0,0;0,4745967
264240;3,5254771055698924;3,9890208
722355;3,039584472739957;3,031465
662574;1,6074283076752165;2,6048257
106642;1,478204606950898;0,8829053
478305;4,078583022811414;2,6190252
510514;0,0;0,8442326
295137;3,9448084637083127;2,0969765
14854;4,351454340534023;3,7648594
456196;0,0;0,9840795
721764;1,6301140816055997;1,9065919
927014;1,7177455999003373;0,48611474
254927;4,185157208933725;2,8926342
515353;2,149709505523494;4,340239
696740;2,7895916822046143;3,0123518
875989;5,020704022328896;4,9984856
504501;3,8531136770259735;1,692311
834081;1,583016485985871;0,89856756
274341;1,9136034797519352;1,6854789
651738;0,7823423081232624;0,7629001
824732;0,482484877179163;0,59792113
983191;2,6033752446423803;2,1755443
522995;3,650888435525822;4,262107
739895;1,47675986050085;1,1639954
718688;2,5221408432288315;2,6699395
215742;2,5335084101883605;1,800079
755569;3,0929953250887694;3,7757866
523969;0,0999439602189122;1,577156
253843;0,0;1,3156343
137914;4,871498450935473;5,298479
475936;1,493875692139385;2,987048
662913;1,1997645496115654;0,38759753
813262;1,1448250564628548;2,1752028
710668;1,5989606470591051;1,6476532
732828;2,20052654128082;0,3463406
886406;0,0;0,084953666
530706;4,515863405494661;4,174493
233865;1,0868424956600509;1,0178297
874117;3,3284039852793192;2,780437
525574;0,0;0,2920184
170037;2,893402870534322;0,9091401
448013;1,332641970369674;0,33712143
401947;1,0024905760818124;1,2680111
858595;5,086523971581896;3,4387586
588365;3,303775016273548;2,1171775
319785;2,449057555405481;1,8139101
789915;0,7344730075795429;1,9466918
791537;3,120950321139137;2,0578976
310649;2,955327265098905;1,8460302
79879;0,0;0,04374826
412715;0,0;1,6568199
665958;1,0929376597287308;1,0326488
132106;2,8928511615808907;3,2427797
982928;0,0;0,19270027
471699;3,367935425184201;0,8538538
923890;0,0;-0,11279631
143617;0,0;0,47951588
238207;4,435416145768002;2,3748903
610981;1,195777270099986;1,0278822
592077;0,0;0,13056624
164006;0,0;1,0586171
617838;2,2569990488384115;1,7072049
819471;0,4852468750968122;2,1061966
426389;1,3224087296591829;2,0302143
873810;4,023425864745295;2,1723256
640712;0,4854839971241667;0,34404927
556893;0,0;0,3511325
634693;1,3531355021648133;0,9785819
459622;2,409040894629175;2,2500432
587805;2,278948028525549;2,4220896
351277;0,0;0,7516712
308209;1,4138426721437471;0,65217656
969381;2,2205729706919777;1,4100869
103835;0,0;0,20917034
993551;0,0;2,9097753
141898;0,0;1,7819045
719727;3,63823648755374;4,793906
527721;1,767253353622788;2,5236247
717518;5,147961017723088;2,5455642
377179;0,3852060223051545;0,37847826
695663;1,7127017696634546;1,0865315
129953;0,9520882790434432;0,7460787
410662;0,0;0,72731596
380020;0,0;0,047051907
152145;0,0;0,27605712
74496;1,0324664879562129;0,94884825
213090;3,1866010406392844;2,9474065
734015;1,4258480042975308;1,7737414
38165;0,0;0,75545233
472211;0,0;0,74864006
276971;3,277697817912952;1,8444506
133483;1,9615804645523511;2,2475305
492406;0,0;2,2392082
636920;6,656854446104651;3,8981202
603839;0,0;1,1827362
387352;2,4375708087421826;2,6598947
152746;0,9546985255138244;1,7356341
880915;0,21034930055715;0,68198913
828605;0,976945866210227;2,5935817
246993;1,4117392080128697;1,2038591
859262;0,2890848484965012;0,38557273
33467;4,610346064298036;1,9123591
864180;4,620069111404083;2,3869452
784334;0,0;0,28680238
313948;0,3008514567015599;2,1340625
971500;1,4028350514349106;0,82408094
306128;6,7646934619118495;4,542417
943385;0,0;0,436426
693190;1,4096836068332197;1,802304
627045;0,0365683114080764;0,54755247
424986;4,683461688706591;4,479723
570341;1,9932335499969769;1,0942113
831610;1,1795243458001008;2,239283
403310;1,4739485688620282;1,6607108
46661;3,172108607143533;0,85560274
376356;0,7183177192521265;0,9392003
835352;3,0520947721056912;2,2729688
656351;0,0;0,17996895
132795;3,2183289794976853;3,2320395
77742;0,0;0,47437567
866977;2,018417624346734;1,8188415
51911;0,0;0,27682245
601703;0,0;0,643955
306487;3,773135611008439;3,7525527
815917;2,613502511494197;1,1956682
127431;3,5865937971878257;1,520809
604177;0,0;0,2724862
739103;1,2053580248947482;0,844665
968371;0,0;0,4196233
681008;2,692555366071001;2,0900044
572124;0,0;0,45161253
707224;1,2126107559206127;1,7252371
96773;0,0;0,9273994
904352;0,0;0,10522461
870079;0,4562831042297723;1,6442871
377685;1,2435949059206308;2,0287676
727140;1,3496377626620326;1,9362735
886336;1,338892955177854;2,7245631
776382;5,53565976034008;4,051654
23812;2,1841406170999647;2,4568634
196906;1,803656555432146;0,9142647
709576;2,7443981241345248;3,6336153
680052;2,494099538161731;0,949742
825883;1,766187149776237;2,4414883
111765;4,178087578142815;1,8061769
148187;0,0;0,43358707
341907;0,0;0,0015649796
141298;3,606485222786556;3,0850985
717006;1,6920898025813935;3,3273952
193253;3,7297987621616175;3,2927558
804888;2,2207205583708265;2,0514302
707571;3,055306160729378;1,5830798
822885;0,0;1,507313
272751;0,5639688304213266;1,1509352
968620;1,3840488179946182;1,1607792
260721;0,0;0,3533643
740268;0,2089973406193987;1,985155
426756;2,847450642159868;3,2608376
518924;2,411221817899568;2,4222648
706463;4,478373647213539;2,1881948
114615;1,6170000989721138;1,8838251
101518;0,0;0,6815484
154681;2,839706899975019;2,1204948
972269;0,0;1,4366167
584334;0,6642648269195165;1,1691355
90090;0,3893273350615878;0,7382656
202067;0,9337124354847915;1,7295532
219438;0,0;0,9927312
336251;0,0;0,4605643
102626;4,872502298722496;4,1305857
617211;1,7655332623561817;1,1042578
914271;0,0;0,2679968
286819;2,1937563898997485;3,5887623
474920;1,4805880777928844;1,6711738
575977;1,066395600168296;1,4736538
642221;3,250767515383365;2,1143286
638234;1,5316706100677513;2,4856532
15888;1,8944943770698888;1,9880459
402937;4,940869042152117;4,0445786
245089;2,482016778599871;1,9787557
553838;0,8024090909356956;1,0203241
980649;3,826781195506056;3,4219422
557594;0,0;1,7171037
462654;6,353816811723478;4,5556192
75030;1,4768001786226024;2,4234722
339573;0,0;1,6949507
826362;0,0;0,25650048
876348;0,5921267321166928;0,45264167
74591;1,587612219934907;1,1311145
498041;2,5347173324456778;1,9100059
434760;1,6835692227560013;1,8833241
566280;0,0;0,28857374
557454;2,234393705107054;0,6265645
117616;0,0;0,6620067
256455;2,9416419034344585;1,9627451
663454;0,0;0,5307987
538292;0,0;-0,3440261
249844;0,6869927292089602;0,4572771
860286;5,002554899111429;2,8817487
279938;0,8677411787745846;0,7907663
770449;0,0;0,011664987
110267;0,1919678054208049;1,4948895
308959;0,4538570442089615;1,755097
829647;3,2664170185578847;3,2058449
250251;3,210107010431682;2,5823348
347179;1,1169068079636195;0,72782683
963383;1,842875029498965;3,2498024
419479;0,0;0,2655555
94731;1,262592983497758;1,0665531
631294;0,0;0,3198153
122562;5,395842079218832;3,4082046
177803;0,0;0,26972455
156076;0,9790459878545548;1,0597228
30453;0,0;0,14521158
540926;2,243151941923181;1,8345094
805784;0,971121371885951;0,981283
829463;1,6558136035177202;1,6575376
100320;0,7386651733418491;0,9330467
936060;0,0007071746274771;0,32888722
984495;0,0;1,5172772
979701;4,321378556783413;3,4119072
776705;4,619657150232738;4,1628857
554373;5,51756670927511;4,0469236
592376;3,8014411867408633;2,5368915
843154;2,271769049160708;2,1374128
189553;0,0;0,7702277
806687;1,6424682684662328;1,115512
607597;0,0;0,2249273
585556;2,1133631248793217;1,34553
553152;1,5358315776656946;2,7333243
531868;0,1511408789670221;0,50423473
937607;1,9199684035774127;2,157424
749192;4,301102454270703;1,979743
745407;0,0;0,2739184
537771;1,1606196340471764;1,9203053
201823;4,01534727089026;3,171642
499972;2,0178805065782788;3,6983116
421532;0,4489799564287522;1,2853818
255458;0,0;1,9137385
841154;1,6812053814358925;2,2668438
996842;1,088700778521854;0,8332273
812056;0,1676584223121212;0,54286957
977109;1,4266374523878245;1,9173018
36658;2,041992647003675;1,7859805
740675;3,74614132818073;1,9710863
89819;0,0;0,34492403
287220;1,9201665814484163;2,475569
796502;0,0;0,54946744
532385;3,445480346851173;2,5941117
229421;3,9806592456577743;2,4614897
808702;5,45218081794339;3,5820348
703968;5,357884653472024;3,9566455
859546;1,010999654551767;0,58572793
380530;0,2627805213308607;2,6789498
777921;1,499679307217199;0,81266266
938589;1,0696784003922046;1,1675012
774934;0,0;2,0646963
275544;0,0;0,32869944
944621;0,0;0,90885484
478161;1,4648280809759442;1,8054073
927257;0,7431974989386;1,718003
650286;3,385920071626468;1,3250554
569190;2,3796606042484267;1,613507
636905;3,771326293674071;3,4902713
582124;0,0;1,4095387
47337;3,665821387434794;1,4059342
234315;4,97860033398768;3,3316734
635599;3,098298708963026;2,0047727
708196;4,090926680279944;2,2308924
361354;0,0;2,0220187
340821;3,2237188560241625;1,7284029
485433;4,456307527527101;2,0303977
834374;0,0;0,23312694
958910;1,88386083595722;1,7731848
442273;0,0;0,37116975
713038;2,5986054163317887;2,6338902
816631;0,2232823010286979;1,2190132
441941;3,2908946694993064;0,9118253
223164;1,2292979146707836;3,4549901
428192;5,082482219083548;3,1327975
111155;0,0984171040821557;0,7012592
972087;0,402692881614593;1,3022277
160579;3,71634248107264;4,2968645
662531;3,3074960130693105;1,8427017
402480;0,7169454490747561;0,20990264
224752;0,0;0,3982934
357737;5,128496088711193;3,3018222
906941;0,0;-0,068790674
956814;2,406937738528867;0,94366133
831404;4,480505937301897;3,96231
862712;2,44955420760068;2,695918
103499;3,511874423978802;2,686879
227606;0,0;0,088525236
797870;1,065068418491654;1,8587189
560787;6,914042508139526;5,0752716
206928;2,1643956595542893;0,92295593
580392;1,353744608076912;2,6700644
862132;5,649745183677253;4,6656446
461566;2,271928032281836;2,6871543
758043;4,285192810854504;3,731434
394008;2,933257305453453;2,6306973
304591;6,812416866792898;6,0167723
909189;2,3202132639845803;2,6480064
182218;0,0;0,41556126
678788;1,9095127820237587;1,680819
768606;3,9215864661802855;2,4158025
498647;4,186202869832239;1,6905079
294601;0,0;0,5521331
736126;0,0;0,7793196
386865;2,664965969723456;2,062621
966387;0,9165808673120588;0,7375427
231197;0,0;1,0513247
552191;1,984898074534548;1,4732949
608533;0,0;0,5555687
350938;5,63660263766532;4,7204256
440992;1,0248658073083816;1,0531431
50231;1,5011856786208968;0,8878596
290958;2,149624434025521;0,9820863
331380;3,240152044275528;1,3037589
491205;1,0819523733130256;1,8920746
865431;4,348642814715923;1,8248205
632501;2,702669425262721;1,7243739
662354;5,218756733726748;3,9061167
331880;2,1561876146467287;1,0599068
362818;0,0;2,5695517
867711;0,0;1,4697831
360947;0,0;0,21465123
478349;3,8418448852480425;4,5170984
492075;0,0;0,13043886
144715;0,7520880268316692;0,8967867
361406;3,373264230042208;3,332249
63535;2,693717951823805;1,3327163
648133;3,462737373019169;3,004049
742082;1,932928735374372;1,9264767
239397;0,0;1,0063618
631071;0,1943936761152019;1,2170446
256087;0,0;0,7094077
977816;3,407278577673866;2,2121625
34604;1,479452570791742;1,078582
158600;4,160290964862554;1,2151244
870802;4,967221790169634;5,379772
555189;1,8496348617724336;1,1462024
929978;3,005234274519076;2,6886005
850533;2,7783564461375314;1,4089978
431343;0,0;-0,30114293
37507;0,6360659794680892;1,1409094
904024;3,87726053265836;3,6413758
971806;0,0;0,12826896
664219;1,872005904601682;2,8138058
249772;1,3729214524272626;0,4660309
633067;4,987483691773811;3,9774706
700161;0,0;0,5314111
29895;1,4047012693058665;0,56535554
383492;0,0;0,29632035
477212;0,8377908250126573;1,1050997
155138;1,8159550724184248;0,773212
202487;0,0657790009122196;1,0808685
421364;0,2079360961504576;1,427604
535268;2,9234365538829143;4,0850344
882858;0,0467609203194749;0,14011079
311545;0,2060671607712434;0,52170205
845509;5,44487103632285;3,6343577
649638;0,0;0,41478232
242671;1,6654741310925774;3,5742447
705236;0,9709409580752368;2,5968287
441978;3,654922039241987;2,8770213
135410;0,747669305466681;2,5320516
623462;2,9264833464372657;2,1766646
350267;4,641620982993111;2,889939
928144;0,0;1,4700117
139055;3,1624365748591776;1,197803
695751;2,1161807523779426;0,7881588
515694;0,0;0,046631098
526879;1,634994271646584;0,73718977
137327;2,8489243254003096;2,236306
879318;0,2904971290530357;1,3007809
997537;0,0;1,2624269
171627;4,875044531003324;1,362788
688775;0,0;-0,075445294
819929;0,9015500011477672;-0,26649368
1486;2,1974088268650185;1,5662315
904710;0,0871259150189862;1,024378
454070;2,0265436732006217;1,9715309
83274;2,9869668643761136;3,0842683
734863;0,0;0,8779043
781483;0,2031512004917498;0,50753933
756138;0,0;0,45177573
1402;1,6752471795219797;3,2604027
482179;2,5496886179799736;3,420842
718493;1,5375405341980966;1,7701472
534700;4,233480317824473;5,9549437
145519;2,2757690668629023;3,1012177
388639;0,0;1,1456066
465558;1,7021428918223884;2,403675
36747;1,119557151669602;0,9389087
535948;0,9552493852808372;1,2679069
668252;2,669855845631276;1,4714441
67735;2,277076635403285;2,8341975
64454;0,0;1,5941777
368994;0,7623858222156077;0,8553001
545699;2,2530755485004823;1,2454098
550370;2,2341728652040027;2,3934817
265270;0,6842754744766448;1,0216472
502156;2,364212236841362;1,4524481
193260;0,0;0,31496137
455951;0,3806053192729695;0,6839372
110181;1,568583822604209;2,4683442
803719;1,4148446846766831;0,32112446
511631;2,610332947825217;2,3942454
905181;2,116683764691674;1,5701257
685771;0,0;1,7320614
62463;4,558293469486369;2,1243463
7377;2,210717323323056;1,8058271
816803;2,9586605671788586;1,4975889
755096;2,925926411528532;2,0495043
457054;3,346223963172068;3,2482107
472881;3,4823287946854524;1,8692745
536777;2,579279439363895;3,5236585
525093;2,130038195721537;1,6821558
984170;0,0;1,5012879
149600;3,155925527639557;2,7916114
30367;2,0063515019144416;3,3262317
1409;1,008771017162972;0,2964097
62131;0,0;0,6708603
451898;3,875325088341186;2,711959
553121;4,833662582993524;3,3524418
411662;0,0;0,34376398
874491;0,0;0,2586869
139833;0,0;0,41262242
394912;3,1595172603688666;3,014669
14328;2,934227345763752;3,0159414
669474;0,0;0,17578638
799693;0,0;2,3330913
909400;1,8879456594774853;0,3790201
593636;2,378913209407712;4,0789814
845184;0,0;1,2362957
58214;4,8089771813676885;4,328103
358255;0,0;0,2611388
85492;2,711623754638068;2,054803
545939;0,3342229838239314;1,6122764
382908;0,9913090583440752;1,8829576
986974;5,530948229305327;4,451235
348089;3,4652055350145146;2,9599068
468054;0,0;0,98788697
535963;3,257081028985461;0,6638735
174462;1,5794161474982076;1,7035496
150461;0,0;0,70603263
391684;3,9033078792544034;3,2653232
479978;0,0;1,0874578
653982;3,2742555116240406;2,6693354
755889;2,24379195736756;1,8821795
113272;0,0;0,339068
842368;3,052332748260997;2,8271751
526686;3,335776762529252;3,6495953
281945;0,0;0,38191652
903773;4,454670192444068;1,4691502
569246;4,010467970155417;1,6478171
902547;0,1682752986123427;0,9894901
212744;0,0;0,095381856
285952;0,0;0,54431134
782208;3,396957493466352;2,6232345
652222;0,0;0,21404445
712095;2,7863277811346387;2,6712503
2177;1,6886262554064588;1,8445508
779580;0,5826293060839682;1,7894535
586550;0,0;0,71239364
121555;2,466538944088079;0,91878974
140447;0,0;0,28958124
105797;0,687325717886796;1,9122624
657957;2,2243023399366715;1,3426704
611862;6,785410716465658;5,1206884
102906;2,580713811243339;3,5090024
943156;1,7700155603272976;0,8563366
406671;1,318853274728493;1,9559069
146828;0,6137024714287322;1,7479625
353498;0,0;0,18787974
974398;2,373673752837436;2,8506517
87179;0,0;1,3109139
213098;2,6754892419632044;2,1225567
360040;0,9789439231518552;2,102537
888424;0,6103172539514512;1,1702518
771919;2,348883077194704;4,168277
980027;3,342234250394352;3,1664526
156301;0,0;0,44292992
216084;0,0;0,8562263
205253;0,0;0,37195933
749384;4,4227520552939055;2,1861837
457214;0,0;0,31142515
857927;2,1150798049210344;2,1417365
137077;0,0;0,416564
430484;0,0;0,37306154
503022;3,225775081522195;2,607751
585833;0,6319649465154997;0,39138734
796748;4,516331180696513;2,9611712
852083;0,0;0,1896078
715592;2,767663872668172;2,9269211
664442;0,0;0,5320389
858067;1,5694871473032652;1,8848431
866138;6,437979765451384;4,173359
331980;0,6943977872124136;1,1217226
333341;1,8708555644178808;4,479806
731179;2,3805135311250014;3,3446062
464297;1,9384450350910152;1,8409667
316612;1,8635835393853564;2,8759725
132310;4,332915186429227;2,1787834
940373;2,045520400815534;2,375615
228990;6,1431482970657445;3,3101804
319586;3,55277008256213;2,4921784
520000;2,664874005603554;1,5092005
468164;0,0;0,24787271
431494;1,2825014301298856;0,98410267
565773;0,0;0,6809635
542870;2,186368048911053;1,3349313
422687;0,0;0,38089603
412459;4,875201576006638;2,995168
853485;2,000197518794252;2,123786
329802;0,0;1,7701011
603257;3,769827077677504;2,9318378
544035;2,048076258572864;1,4722095
540478;1,3227472292539997;2,0723162
264847;1,743577948016105;1,1506202
369451;1,9078883938213969;1,2046117
356532;2,5260118424557736;2,2409823
503704;0,0163182423055739;0,8233582
321381;4,057792898381341;2,6448107
874684;4,780347654145796;5,031358
224599;2,4970995576109574;3,5751522
159133;0,0;0,21198726
300158;2,3617659122974137;2,5598505
491015;2,512752048359427;1,3257405
969964;1,9833916500760096;3,4082983
796917;0,908723890332936;2,1432772
662497;0,2780119367844433;3,6484258
227624;4,001917467989214;2,215204
598562;0,4533697078206281;0,35765123
300157;0,0;2,1015701
235619;4,364555448175444;4,1398573
132932;0,0;0,49028665
253989;0,0;1,8985212
197357;1,1918868043411537;2,3652015
892749;0,0;0,7893186
426690;0,6457540845382286;1,9406015
41687;0,3801245174868237;0,33208913
216561;1,9910233864598503;3,5490682
12867;3,114704007708157;3,244498
614304;1,3802802467637698;1,4753764
329449;4,620839411387058;1,6009712
871928;3,531637235836091;1,5432026
299702;0,0;0,9863789
958365;2,761174191069989;1,5897522
370023;2,2295744222794323;1,2654943
38360;3,9801946241945614;2,0750628
587439;0,0;0,56591445
867901;3,051304868841173;4,143157
670254;0,0;1,9350444
279779;4,1145383780010265;1,1724956
660602;3,498638144905419;1,8766367
989039;0,0;1,6783519
501497;1,48094868938344;1,6475896
331771;2,2636174652982497;2,592081
538695;1,3537820460803882;2,4005306
312929;0,0;0,59081954
54184;0,0;0,6941833
943253;0,0;1,3623188
225059;1,5037084236719418;3,2332804
720029;2,2188457688915366;2,2061672
3197;1,0508600622294857;2,110732
928748;0,0405309243644248;0,34050518
750243;2,7735524076644333;2,9901605
588127;2,04478589163655;0,85152394
920864;1,660843559687659;1,0921023
999360;3,4722209290152644;2,4712107
12964;0,0;0,8065394
32800;3,83520293547158;2,4319973
47944;0,9224758938198476;1,1265706
832657;2,965182198016388;3,675164
693697;0,0;0,40190524
264892;2,9782450008527768;2,2317896
808021;2,4765242461611616;1,6617644
944977;3,977750571221489;2,3720887
567791;1,2166287186663514;0,4180161
299950;1,2208433434089454;1,365448
432352;0,0;0,94399333
399945;1,1010002360717217;2,382539
287507;3,076864852065732;2,2591205
405426;0,4708000826251239;0,22472066
419885;1,89877210856302;4,0611925
692268;2,435359960777318;1,5677067
175027;0,0;1,302047
346491;0,0775829168787242;0,46016133
426344;5,320405911965231;2,6067655
573399;4,183524552405023;2,2854733
21604;2,2359527025679924;3,1913645
852391;0,946365894497192;2,4840922
842985;2,292222069728326;2,427026
996013;2,4231615495341927;3,9375975
345917;0,0;1,4921378
758613;0,9568770933141983;1,1868429
363958;3,824825465569013;3,80276
549956;0,1318153333502549;1,2116706
2788;1,695456165062386;0,9438561
182698;1,4862073063387915;2,1911154
635520;0,0;0,6851443
492743;0,0;1,8336763
762087;2,5773118009216027;1,4907391
315900;2,351488883311053;2,8279643
27243;2,347711400980169;2,227448
243231;1,9262072061242843;2,8252118
164355;4,6684250527393285;2,789831
731848;6,409732886186451;4,118742
516140;5,273499718289941;3,127341
348649;1,6221266866969004;1,46405
686122;0,0;1,0451264
989644;0,862488428314887;0,5984877
395814;1,5266316215284332;0,5037682
482492;8,835862796617993;4,1340404
943274;0,0;0,464428
782246;3,837615977853682;2,3570123
517867;0,8482937571902203;0,53794557
872012;2,9506124399144333;2,3755982
633257;4,826630963418864;2,736516
883693;3,2916655776656936;2,8472316
600278;0,5551038114422505;1,3350784
645154;3,929588271402381;2,8053215
201960;0,0;2,0924578
264612;0,0;0,17971617
547818;0,0;0,8443683
586245;3,4656470593335937;3,6474776
575437;0,0;0,534972
656749;2,332085684398248;2,0411854
938977;3,717223019308981;3,6425054
271086;2,3222590250934045;3,4770324
246598;5,904587546796241;4,2631264
225404;0,0;1,2376835
146037;2,3582679892976195;2,4711275
928320;3,63015782484308;2,4059124
96382;3,430768265023332;3,3715212
718025;1,6494384550218146;0,76712805
109918;3,061767331352492;2,8210227
100445;4,009842557082843;2,1021829
628363;3,337145311934288;3,0697796
252738;1,782422725540188;0,90493315
331693;2,625264473537076;1,073944
743338;0,0;-0,08112943
109387;3,1403240952084257;3,2257037
34810;2,666453633308935;2,8703551
53408;3,687222498496501;4,726284
311256;3,0764298315573764;2,3837364
528592;0,2893512141334896;1,5426677
553131;0,0;1,8054962
884;0,0;0,95630455
192841;0,8698848469481438;2,4782774
599539;0,0;0,29765546
540564;0,7560875136017423;0,4607318
592681;0,0;0,97388756
283751;0,3776530108626292;1,7637293
110723;0,8826559264801785;1,0532702
743861;4,232753477478351;3,673433
992569;2,785117718185745;1,2799859
412521;0,0;0,2196585
864754;0,0;0,33151346
619634;1,666449600529086;3,3710248
842754;3,647902479941596;3,4757266
668095;0,4553100543495672;2,4121845
811419;0,0;1,1203765
65517;1,2786670365897947;2,6291857
726278;4,499324622618817;3,0279992
610249;1,4956130353325017;3,0275428
330229;0,5902049282611432;0,59191775
235565;1,9046540515856991;1,9839468
467558;3,1532092319116107;2,0228064
706201;0,0;0,45199072
324359;0,0;0,8726036
506126;1,6811527200998022;2,052723
302131;0,0;0,32713258
832799;4,4948129680673485;3,2304285
531282;3,153959655788394;1,68031
783620;4,073297455478466;1,8782
790716;0,0;0,1861707
597996;2,9066757485740378;1,3417577
260223;0,0;0,70988077
108498;4,776965847870005;5,727936
566519;2,40246704791312;1,3772101
552705;4,22698648778176;3,0215013
612432;0,0;0,50535
388084;1,0736932981159186;1,958214
767289;2,829606360079097;3,3564599
418677;1,336790421188854;1,0869123
850325;3,144946425105682;3,1623635
335572;0,7596129501291558;3,090491
739864;2,1655319194962983;1,2561331
677629;2,0380814641186253;2,606566
434888;0,9464010441641262;0,52915555
687398;0,9355332936304512;0,86049587
535139;4,227803209106147;3,0969446
797149;0,0;0,22336793
405892;1,0518698116087402;1,3331726
997681;5,339384487277752;2,108192
381909;2,502840107548511;2,80032
72529;0,4673513635968751;1,4900382
536481;5,396165275902653;1,6468996
332432;0,3294276165939465;2,8777442
897971;0,0;0,1426993
394262;2,847598877611931;2,5016105
415251;3,1119603331459875;3,9738529
64328;2,3452578591080577;0,57919496
515361;2,8752023927983776;1,9542464
643963;6,48886416381875;3,1568806
944030;5,0037214749030685;2,9933708
332235;0,1355026103259352;0,5787758
12622;1,49616135305022;1,4431195
885595;0,0;0,09698737
137490;2,474020270351799;1,8496523
776404;3,867831619056668;3,473686
185223;2,360269217798036;2,9990213
44684;5,305055239275107;4,621517
132477;2,104914617644684;1,4385979
379128;0,1136879835213524;2,8314831
777321;3,600743577233752;2,3431025
828270;0,0;0,34606302
444402;0,3409911479605648;2,192875
440581;0,2074421606531726;0,27171862
259727;2,2760366465228925;0,471766
407822;3,2270035373731285;2,546826
916016;4,682006369271269;3,0011032
295918;1,1401781111984604;4,0672483
784287;2,143169829212873;2,200543
133918;1,9560285933136128;1,0297267
123468;4,420724797519376;5,106189
726858;2,167532879799724;1,2050443
75789;1,901453142735399;2,0536106
386313;1,739958602495896;1,9177277
913380;3,500348794014539;1,8988334
832819;2,113897191468306;4,739794
65637;3,4082787538558046;1,8245527
220878;0,5737219614770561;0,70280856
323798;1,4828859032705033;0,9520731
511731;4,78138676756145;4,998934
292923;0,0;1,3071645
648895;0,0;0,25427365
889191;1,439795588951875;1,906883
318482;0,6877346564664681;1,1010742
974992;5,503768364188392;3,7066143
68386;0,0;0,06564927
872473;0,0;0,5170959
20727;0,4821067526490863;2,3495514
536017;1,431648610588101;1,3526045
659588;2,484392516999192;2,3070493
926659;4,222322013948434;3,169087
596719;0,0;0,7224952
832375;0,0;0,3842768
345755;2,068339542472704;0,9651814
73230;1,5289751779265022;2,4458127
546603;5,734244995083136;2,9622219
864129;0,0;1,4169941
126;2,1460028253613705;2,3795176
854514;2,745855147814676;3,0821028
368636;2,587935570690603;4,524556
873972;0,6101485636773867;0,6697057
904408;0,0;0,22673368
933542;1,0326693504084152;1,0021957
431298;2,050611023907225;2,4596846
560409;0,0364164981915844;0,2559684
85390;0,9866155395149412;2,2395985
735199;1,5015329080461182;2,433199
564334;1,6125300784572711;1,1402113
892721;1,9980419443871271;3,2886307
587316;1,9482776530916608;3,0826876
41193;2,0785681564256464;0,3874206
794921;4,553362328576429;3,8487346
51477;1,5471300463031028;3,3621275
652430;0,0;0,37719548
179831;1,6278825129087702;1,4308292
840630;1,7835660653435226;1,0809479
566374;0,6760694135518355;0,41283688
833894;0,227507409861055;0,8939855
108296;4,562556977768437;3,3862598
719660;2,583442639804932;4,9260693
481618;3,2568579769742585;2,2316809
34388;0,4507821330041708;2,2960706
586446;0,0;1,9344361
791851;1,964770019506652;0,46302235
39771;2,106181086822132;2,2134302
905557;0,0;0,72967774
243660;4,312748209701244;2,528126
601172;1,2618451741387666;1,9162618
662115;0,0597113741620279;1,2029777
601804;0,6849170521366779;1,1161587
782212;1,7597650908190972;2,467484
609562;0,0959584342512477;1,6871691
810391;0,5397994888421116;0,93274236
317752;0,0;1,1378832
7280;0,8914158152231391;1,1706097
98506;4,036604746799003;3,6624582
83550;0,701085344133626;1,0604705
373592;3,031324672520114;3,5666409
168236;2,06211519776516;1,8521941
781275;0,0;0,6418667
489445;7,146837662128991;2,5541677
32867;0,0;0,17043483
567125;0,0;0,8229555
813730;1,287872914504773;2,0239148
921027;0,0;1,7537048
578264;1,425533662292346;2,0471897
30701;0,9257331546759556;1,2268374
562397;2,8795938831356938;2,1815798
234889;0,0;0,8525671
997580;1,4327658239836445;1,4335175
641596;0,0;0,22820759
885407;4,205055132881692;2,3974485
338562;3,707759940442077;3,9060192
614324;1,92479384758662;3,4791024
177148;2,5555578031630435;2,2511582
858552;1,179212254423297;1,5788201
590122;3,086939225315503;2,763431
342051;2,095538424740321;0,7962703
617217;4,377203013782458;1,7974923
140751;0,4019552078497486;0,23742485
411929;1,9560959456127185;1,8698199
875476;2,0130265920623005;2,049663
684871;0,0;0,40641114
789525;2,1892468038600383;1,2523104
373242;1,479016378750317;0,85343367
734996;3,424052576709688;4,0057096
575157;0,0;0,53041583
363891;3,828524440291031;3,853621
598363;0,1821373162041035;0,16484195
673703;3,0707764664042765;1,4901662
216469;2,8508988366122403;1,5083293
553103;2,257340161296252;2,1354322
284984;0,708584623427419;0,9990084
389368;0,0;0,116992235
51324;5,509341855569835;5,4735947
875491;1,5495373302131323;2,2263598
216397;1,053891664660917;1,6669984
60983;0,0;1,5044482
319083;2,2691258751566816;1,9176817
539113;1,7021539329133568;2,9475524
444519;0,1628548901092622;0,35300505
476319;0,0;0,46132487
800357;0,7041902933186577;0,5860195
489178;3,7055617223972894;2,104523
961942;2,811112200773013;4,600335
771857;0,0;1,1493919
34608;3,3610300208253467;2,5944085
395750;0,4037220083203032;2,3720427
687810;0,6520651212468467;1,7548107
582395;4,237665744756896;3,2614408
38894;7,40930277707427;3,5452964
116314;0,0;0,265298
822757;0,0;0,32748416
665957;4,832991784227395;3,0668151
540636;0,0;0,52990246
77845;3,616685721257819;1,6432171
190928;0,0;0,42716527
615101;3,190178319463482;2,4895823
37753;3,014051654132901;1,0178286
424047;2,217690526961356;1,3261676
248388;8,77798033950013;5,5897207
661541;4,617345323366634;3,6090038
908023;0,0;0,90610975
892427;0,0;0,22455251
174662;2,5410200436041888;1,5712391
443728;2,9958731321561176;2,970575
136712;0,9367819022907742;2,426741
707240;4,004614378600875;3,315396
87730;0,0;0,43305823
352003;3,861554642594091;1,6962467
792419;0,0;0,25384837
232241;0,0;0,48637578
694671;0,0;0,95560855
370083;0,5051960804582618;1,2187853
202247;5,374751064802989;2,6262403
910067;0,0;0,8515665
139208;0,625644906334526;1,098953
468770;2,6937149448066173;1,8557619
583561;2,678193786325685;1,5361762
684513;1,7757433241642238;2,3728764
562342;1,9772754391925973;1,8682182
893507;0,0;0,14694798
214866;0,7777101159793857;2,1215696
338609;0,0;0,1778683
566233;3,572337759226272;1,6634717
684461;0,0;0,82722974
386684;5,725258388336494;4,1462913
198253;1,4554869299426874;2,2568607
290009;0,0;1,1040417
968106;0,6839828227990294;0,49813235
212373;3,7079470699734727;3,570203
458084;1,8514687100180087;3,3520453
772762;0,0;0,38024163
180943;2,2525954727283004;1,2914388
239204;1,5098165244329995;1,809496
71281;2,073255321189752;2,2204993
741531;2,839294853450828;2,5917344
259211;1,1532233439180914;2,047958
139609;0,0;0,3449672
474420;2,436428959895688;2,9823413
804126;0,0382275367992925;0,8213062
974453;0,50939619760875;1,3689103
894529;0,0640382455879243;0,7865326
124172;2,2926906851742075;2,3154917
530197;1,0126558107762098;0,33898523
673921;0,0;1,8583697
802879;4,462540117810965;2,7819934
12637;0,0;0,41574135
561990;2,952231686753983;4,1234417
490930;1,979379987798204;1,0181389
599628;1,8853472541519103;1,5171118
325857;2,432857903920813;0,4010828
596611;1,893499386983618;1,0618821
223238;0,0;0,40931112
426299;0,7544149456851349;1,1565673
181725;1,1716806203325134;1,2561713
362897;2,145364131234213;1,6615214
943951;0,0;1,49319
66498;0,0;0,51791775
94283;5,790432064525748;3,6535642
570801;1,552084697082786;1,7327954
618162;0,0;0,13232863
320947;0,9548324281529468;0,7461278
469214;0,0;0,7392446
447597;0,1365200204955368;1,0021429
433159;1,0430479919566007;2,3233407
666209;5,57830642540187;3,086477
710538;0,0;0,9128121
324143;0,0;1,0646238
35265;0,0;1,2928323
566768;2,90209158896046;2,111088
782514;0,4542142706832469;0,6961106
543838;1,1280893973056136;1,792458
594259;0,0;0,08108598
270859;0,0;0,5899893
32997;0,0;1,0101477
631232;3,466365561431492;2,2492208
361612;2,572443114452014;3,6003454
523471;0,1993192986905481;0,7391022
809602;2,284037591092323;1,850558
504938;1,902509765372875;1,1509943
216619;0,8677141146129204;3,1105304
214614;0,0;0,14053994
622686;0,3250909890165572;0,83579147
443429;0,0;0,41091084
41176;0,4483328716832964;3,8114479
393368;0,0;1,8876023
213696;0,0;1,054048
254971;2,305336101014458;2,0597944
770026;4,774480034730732;4,4965925
419689;1,4884851673391652;2,2865815
521634;5,079137226756452;2,9904006
596920;1,921427744290068;0,9883044
945665;3,894886739838548;3,4102628
50933;2,594895571664797;2,2177005
187405;2,267095774282504;2,260773
567887;0,0;0,3765812
278002;2,7138003770444925;1,5306356
513586;0,1765709226563889;1,391978
697896;2,160586790786186;2,1582448
254908;2,0339927617708726;2,8552654
174117;1,3524475425816058;2,4695885
645120;0,0;0,18313515
274925;0,2982499970935029;1,1705537
128190;2,742994833472652;2,3601074
572501;2,926132904716716;2,827054
63646;2,325895023386557;1,7022178
788138;0,9194703956458008;1,3860295
114458;0,0;0,30700338
567859;2,754127106593774;0,75909865
488143;6,431877726504448;4,238702
609726;0,2097117007454063;0,3539252
358401;4,19058385928391;4,5054684
461874;0,0;1,1360028
596809;0,4922393068013699;1,3146963
798793;0,8566293513993494;0,8077588
321604;2,8981358266414263;3,7212842
859172;2,225386290365249;0,67985374
630917;0,7871730652616808;0,94443655
298389;1,736570245963832;2,4953816
975378;0,0;0,5687303
121175;0,0;0,3117149
902228;0,0;0,19510067
137719;4,210970891868593;3,123407
669574;3,477336120542354;2,3725178
909445;0,5290488933883821;0,4617136
46139;1,7922518675323424;2,2623923
807203;0,0;0,8653605
618460;3,1853147918843465;1,3341112
430591;4,972156199032205;3,680627
369447;4,2427495088367015;4,434164
95665;5,147293564561766;3,986504
572312;0,0;0,19270283
308567;3,6815113330403904;1,6709843
944641;3,6718527519019455;4,123247
581294;1,147873960548895;1,1499897
238328;4,824719507831111;4,3267164
395068;2,694606878185351;3,191946
253803;1,949566855054432;0,66787606
469110;4,300657810262068;5,0689363
308906;2,114721553154992;0,7816123
33270;3,3526153611718907;1,4069588
596917;1,945235297663524;1,355367
921943;1,3986669580426216;1,9890494
615969;1,283899097950829;1,4762208
259930;3,407018945577823;3,1483486
736163;0,0;1,0024579
211661;0,0;0,24466443
405118;0,0;0,57508016
244895;0,0;0,26325005
152;0,0;0,16303158
339903;3,2915805027635385;3,9293866
43633;3,946724276920442;2,053029
589616;2,576029284244296;2,327217
173376;2,667684851427388;2,062606
373564;0,3959275350578224;0,5616337
156447;1,871355075146469;4,012158
585952;4,817266969629982;3,9599159
110832;1,3610726898443328;3,2205536
814482;0,0;0,42383152
18924;1,9350963365871;1,8472588
867074;2,0582443326472752;2,067059
904357;2,170028433606262;2,9095252
178726;1,4607075336993345;3,352966
762850;0,2111017378645198;0,43804723
975670;0,6361266654352664;0,5286542
545148;2,8026439273725816;1,6397772
44452;0,0;0,90327644
88209;0,943910954921174;2,7050543
890232;0,519124451863677;1,2397387
618896;3,9978600649878016;2,0345562
886470;0,0;0,63950443
320443;4,234108861470259;1,6252304
835856;1,2198183975170644;0,5464604
778509;2,624348413773936;2,1830277
709979;1,1356797701676775;1,4274365
417180;0,0;2,4844794
427722;2,0770103750554765;3,7940428
194411;4,588655293083861;3,9710262
855596;3,595353262051902;2,828118
648962;0,0;0,296758
533673;2,375920145338881;0,9229278
264430;0,8638398753359144;1,1718311
780666;0,4986067678868744;0,9803155
517180;2,684050755305784;1,7377955
38035;2,844334329965448;2,3380969
933859;0,0;-0,14872354
389130;2,6161668943454908;1,7499614
626019;3,9795385193330137;1,8911633
871251;2,74508829032144;2,440565
666133;0,0;0,30964231
497969;2,721103720436783;1,9730042
557231;0,5465589108815169;1,014815
707545;0,0;0,42923242
333223;1,6348132383919536;1,1571758
36692;0,7312970473194038;0,67026865
342898;2,9589414350275;1,3332238
83841;4,6639556974461245;2,2270079
800497;0,9369261223975348;1,7327064
924777;0,0;0,09304762
884663;0,0;0,5020671
509757;0,3397448912329214;2,5726936
90818;3,51734644216881;3,110707
966816;0,4660377497617894;1,617423
749868;1,0278931446915007;0,3631358
794927;0,0;0,5843611
33003;4,848962884086865;2,2515373
352346;0,448281302044874;0,66630524
675029;0,1908945471136912;0,36964825
435046;2,3255697473303454;2,6478977
634699;1,469100613678306;0,68144184
157695;3,609549745390205;5,2571983
995541;6,00550640112036;4,3604393
830853;0,595057761823983;2,2365274
853092;3,0410024330050858;4,1216087
577249;1,85014910609514;2,1134682
279209;0,2809962764512055;2,2205255
142735;2,5223072245129;0,8156422
360375;0,0;0,3919547
85432;1,8879996362602272;1,9441698
211721;0,0;0,5936119
188190;0,0;0,29458714
449936;3,757096197737669;1,9814205
133169;0,0;1,3749526
524827;2,54689399254224;1,5234914
693802;0,0;0,72746146
654759;0,0;1,1686695
989178;4,589740781532043;3,4543312
76869;3,7408341211318734;3,1032965
752143;3,260198858258173;1,3040863
705802;3,952815254523374;2,4848177
226031;3,851568386902087;4,7506104
133266;2,8534971297485576;3,1838138
421304;6,566939068941677;4,7195597
967603;2,835834348160375;2,2122035
267359;2,3353429417923515;4,222639
895740;1,381760836197198;0,44060537
756042;4,335215680722389;1,9566767
318143;1,026830318238357;2,2810028
602346;0,0;0,5437428
52876;0,5874464378974973;2,262078
444276;0,4824837001622954;0,8660276
643629;0,0;0,25514257
254790;0,0;0,24190688
527874;3,5896821288291694;2,6130905
302864;5,609496783347915;3,7653234
439103;0,0;0,2932046
540237;0,0;0,10571408
926871;2,502180732678523;1,5404799
244040;0,0;0,9021895
844761;1,264626623122261;0,92269707
135262;0,0;0,06256962
126603;1,4462584399800116;3,5312362
721887;2,780654095127045;3,54381
323039;0,9604672089762972;2,785908
401812;2,6603587137255795;2,2476025
96834;2,264507062934803;1,7912302
653999;3,414481993216046;3,5027807
305366;2,948518731590617;0,82223326
850725;2,4601085386170265;2,3868735
337797;3,859653014542854;4,2869215
921071;2,184476524859246;1,0170462
79410;3,408949095081621;2,313202
727422;0,0;1,8553861
740582;2,117683515334701;3,391126
306852;3,875047729973422;2,2128272
91919;3,462591387223429;2,219584
590863;1,828100282033477;1,2303084
17591;3,1817111919343235;3,1060538
871572;1,9063482281681143;2,9960506
299977;3,617160582113876;2,5958362
296760;0,0;0,16387498
68354;0,2875398532025621;0,5575098
826870;0,0;0,27255917
532692;3,145954246181124;4,7347074
296747;2,137643683245306;0,9240122
171318;2,707169293348498;3,5082977
345583;2,659418856195144;2,1303825
861829;0,0;1,3578562
637043;0,0;0,8359107
526882;2,4894927318602016;1,640681
14788;1,3476326203801077;1,0066236
941344;4,327397411617531;1,4195334
238820;0,7974634993257723;0,37514764
322308;0,0;0,20613372
888322;1,8353779468145128;1,0436848
683311;0,0;0,72987825
652563;0,0;1,5389109
706052;1,7566319540320183;1,9145793
99444;1,6260289047752317;2,8989124
636547;6,141955476550502;4,9877405
473661;4,502503622334305;2,7464676
547220;0,2205243386552587;1,1318648
993163;2,5076197450212505;1,4896988
415330;1,9086521474081164;0,99995863
994323;2,733407869989234;2,4952772
482644;0,0807215538159718;0,31788844
419775;0,1231462809590239;0,8382192
62980;3,824963799881514;4,081728
669718;1,9745447555390847;2,8140883
612986;0,0;-0,073699534
678343;2,195240265382773;1,5242276
45306;0,3008260799125963;1,4746282
557700;0,0;1,4837053
17169;3,535155495663544;0,90723747
54673;0,1329361667089489;0,8943672
488783;4,212577291842927;3,6983452
129924;2,657515317743492;1,6946069
127674;1,208820831239598;1,7822986
385823;0,6346603721952684;1,9600441
383852;0,0;0,27942383
553670;1,3260503578881335;0,34150207
875522;0,0;0,5374203
686739;0,6754018353904233;1,0238562
466510;0,0;0,18761969
488266;0,5323031887560974;1,2283453
468984;0,0;0,0894236
828194;0,0;1,3335679
164583;0,5653474518397124;2,370237
756447;1,171682716662399;0,28256035
196947;0,0;0,55740976
270677;0,6563669074949349;1,118304
491643;2,3574274629132006;2,0293677
429356;0,594120237255815;1,0854286
112539;1,358524816872876;1,3338734
237469;0,0;1,5429673
488027;0,0;0,28323805
976225;2,4196125368561407;1,6189398
512360;2,844905928755284;1,8631313
958684;0,0;0,35648838
595452;2,8005370390353104;0,6615561
950542;0,0;1,5726542
259788;1,3282118897951336;1,6482751
13910;3,1638714654615083;1,8161469
659969;0,9303405673671372;1,7325263
349865;1,4051444072883723;0,65960395
982646;0,0;0,5008136
847020;0,0;0,8054731
864987;2,751013664416598;2,4701304
869646;1,7537229364417048;2,2001069
822278;4,874335986765914;3,3035643
230283;2,6575224404326363;3,002505
657253;0,0;0,5517061
340727;4,677078003203775;2,718485
227238;0,5394986743695162;1,0678048
220974;3,713896538066248;3,3176153
822496;3,4949765096636902;2,660069
943271;0,0;0,51477826
565422;0,0;0,5489204
958950;3,178939721433015;1,8097996
412846;2,341808841926139;2,9006586
750673;0,104312355048978;1,0124912
774083;0,1049819725550504;1,0673721
865115;2,3004635158898408;2,1419282
327095;0,0;1,0945072
12624;0,893176630347267;0,6251905
43750;3,007405988891444;1,1123462
958300;1,391591360967433;2,1059136
103913;0,0;2,0137398
100683;0,0;1,2447863
774683;0,1797116329712975;1,1200517
674613;4,28327980058168;2,5339391
792734;0,6526468663297227;1,5961903
31347;3,4054244425481848;2,1297417
294747;5,232312665150353;3,77716
47745;2,044108481359314;0,42513123
714882;0,3240442276575435;2,271284
224137;0,0;0,3726298
874739;0,8887693737034468;2,0383103
951603;1,025090088131543;0,36470133
627071;5,399856438948189;4,8198795
364305;2,07668537572466;2,6029334
47916;2,6440344312256068;1,2349751
896617;0,0;0,796166
191988;1,2687626791564108;1,0461415
751205;0,5850530850218266;0,4071608
443860;0,7982605565326776;1,5042449
574392;3,1818734255670504;4,7501993
360637;1,7249244537417336;2,413904
37369;0,2382384079611343;1,1862527
980490;1,185474291026028;3,6376069
907894;2,950268810209557;2,586322
884925;0,0;0,5965828
237919;0,0;0,90735054
971825;0,0;0,07883048
675234;0,9443647762855744;2,94982
326785;0,0;0,79216504
348301;0,3347128039351352;1,0736215
562823;3,2509588116332337;3,090142
665199;0,0;0,26195455
701727;1,5043710148619862;0,8317869
167911;0,0;0,1465491
135815;5,869727349430922;4,529629
973054;5,012563991515913;2,9188764
275601;0,0;0,45888793
441951;0,0;1,1501474
999334;2,5252117101154856;1,7723913
580479;3,704016759723517;2,7062094
646357;0,9816374013983435;1,0633667
587307;2,325064073720998;2,6727276
509326;0,2087719255269144;0,8170731
658613;0,0;0,05677569
828167;4,169841624114725;2,4856346
834861;1,803945048596541;0,3670398
35160;3,613748365301039;2,8893735
457558;1,6423293173343287;2,1073904
702594;1,649933205028952;0,98014176
556446;3,5616902216027246;2,246968
928008;0,0;0,55308175
464096;4,8332434212344895;4,1617374
134725;2,6549993071658027;1,6707488
286675;2,1802254813933377;2,0637727
294289;0,8183052199678201;1,23541
645517;0,3638551651269675;0,3433348
338493;0,3007130604466829;1,3484263
911534;2,9962629539543792;2,816925
71015;1,4435953883909236;1,6913862
607498;0,5444073960964597;0,30123013
408783;5,120192963184608;3,0592768
838197;0,0;0,43804434
852542;1,1503130315351793;2,3268263
606109;6,682947830425565;3,755867
371855;0,0;1,030484
536802;0,0;0,24452448
546764;2,053654088623154;4,0196695
523248;0,0;0,892379
733256;3,0929569311099807;3,226744
342235;3,203295524907223;1,429497
246055;0,0;1,4411176
803051;7,839584066718912;5,0435104
442346;0,4183610146853389;2,2970045
536703;2,608832353208996;3,2550669
735389;0,2773644477526346;1,7868531
130989;0,0;0,16496307
871284;0,949929180056343;3,529156
701944;1,7273125410268246;0,86570233
897074;4,0070892327916265;3,2877073
444275;0,8538433365550889;1,332145
527996;4,0723553287205325;2,7257414
264254;0,0;-0,13714373
995895;3,774318697911832;3,3902984
549867;0,0848721941163969;1,7622163
576732;0,0;1,452619
871833;0,0;0,12477374
231729;0,3736026612085765;0,44937617
383840;2,15790619160828;2,2184837
722088;2,398190426895744;1,2228289
172137;1,7960009064497735;2,671719
150298;2,03053031153053;1,1053298
235488;2,8608890861891494;3,1290104
269819;1,4593809550381978;0,23753768
166167;0,0742202546768808;1,3432926
788384;1,0988200358329552;0,306696
206047;2,456271559962067;4,5204334
70758;3,3755572247347585;4,117133
313775;2,323585470876783;1,9614065
123317;0,7842692324913731;1,0958819
755768;1,824222028587415;1,3146693
834224;3,010580378949104;3,3673108
268689;0,0;0,4766363
300016;0,0;1,2520218
914559;1,394417461618942;1,494907
233341;0,0;0,77416176
52306;0,0;0,24952835
600801;0,0;0,2664355
651435;4,7924590672245975;1,5968294
118115;4,318461967675626;4,225527
809374;4,380427229315798;3,8489752
178629;1,0942381054439707;0,39317966
121990;0,2618796712077095;0,8629708
724910;0,1916717473015239;1,109899
569778;1,014302113128982;1,7442515
646565;0,0;0,19755834
492626;2,467672168617884;1,4475974
755186;0,6607346818537605;0,6837771
301746;3,4405161860688955;4,6765637
399594;0,0;0,6838098
189380;0,6401219266344564;2,8928802
418239;0,0215125520095267;0,52732193
790997;2,7444221790516115;2,300764
486366;0,0;0,79052645
135956;0,1859611886808094;0,6450011
361285;0,3007043676667493;0,9629472
85395;0,7338664538011704;1,7160873
995983;1,0008422770539929;1,9007182
9314;2,9188824820707664;1,0448272
934980;3,645177407548876;0,9010979
163186;3,780074085548722;3,5969884
235504;3,438640259939296;1,6978525
161132;1,08166050067587;2,1159213
991797;0,0;0,5728309
219439;0,8441794322460272;2,1036167
585142;0,0;0,6854334
491226;1,9602610859900256;2,2564924
890237;0,0;0,3361668
834264;3,0792657598398527;2,436211
476116;0,0;1,4829527
837924;3,8098179823036498;2,758761
145453;0,0;0,35786062
429541;0,838805796341899;1,0735059
15089;3,2717156021233382;2,573421
747077;0,9096151934087788;2,0143852
358696;3,384253682617176;3,8318536
369831;0,2609573602235826;1,1590948
385904;0,0;0,6484102
899321;0,0;2,0146153
320861;5,718878634861145;3,2477317
847919;0,8891358969444563;1,2770926
582971;0,0;-0,4330554
561864;3,4106227038586527;3,19919
50086;0,0;0,17390954
706810;0,943385403196439;3,0752199
823241;2,5528414738884484;2,2581422
727365;2,885732087774678;3,9639423
246822;2,294553008716252;2,9181373
648029;0,2230419140409491;0,9609524
214417;0,0;1,2613586
904756;0,6259078638111883;2,7958062
610550;0,0;1,4663957
688013;0,7810305926880448;1,340459
392791;1,0146172924779426;1,383821
569320;1,379407088384632;1,091908
557572;2,460337106991671;3,8369992
813838;0,5561659893570633;1,2148948
860578;1,6181884854678927;3,0199108
962220;0,01532859888233;2,1184936
346180;3,154556488394278;1,7668562
187547;0,0;0,24979037
63706;2,5195001065086484;2,2901344
587781;1,472284690165368;1,4737908
686454;0,0;-0,056204557
923611;0,4845168237722876;0,72896796
118814;2,436722167667014;1,4688534
772125;0,0;0,6848441
112410;0,4726655695518742;3,2717116
337515;1,220346127141711;1,9695985
613230;0,0;-0,083281994
165047;4,003781747330507;1,4619405
987869;0,0;1,2008106
421007;1,7590267664639063;1,6086197
613851;0,6714580515738445;0,92650366
611216;1,4133685889962326;2,2093363
3114;0,7934037035358634;1,667819
39157;1,0527564694682154;0,79408664
259032;3,139451870320573;1,5477055
4762;0,0;0,36813998
338889;2,184169678750116;2,6416693
80706;1,1107160805637686;0,4711068
41124;4,33177459750608;3,4508665
781305;0,3818529417646372;2,746404
986895;1,4438796930508504;3,1785233
664993;4,548854248614225;1,6533602
156845;0,0;0,4473358
4135;0,7559919143398405;0,95742905
914565;0,9655113382077508;1,3076081
48161;0,0;0,29784036
923395;0,0;1,0173279
213950;1,7467664602371742;2,9738579
332128;0,0;0,58914304
741210;3,943190783871526;2,9112053
519398;0,0;0,56119263
93158;0,5803567296527767;0,3072079
498781;1,0084616282259558;1,3978374
985963;0,688465013140336;1,8244462
927101;2,817319517976164;3,8872643
545072;2,985645834032723;2,0176086
963263;3,46585874483932;1,3088248
136306;6,531732590115742;4,0005875
319562;1,1195621946817127;0,4324977
910737;3,2297602936377547;1,9743204
220148;1,649142472429033;1,5299373
519233;1,2570895368140382;2,021171
131092;3,303663832279528;3,3024724
258443;1,7725103518317622;2,1687887
592819;0,0;0,115167856
780442;2,812810844292348;2,1230094
267940;1,4558599604951732;2,8450055
843899;0,6190822084952627;0,9348654
712845;0,0;0,39975965
815682;2,586017576899276;1,4119619
978106;0,1243966059102281;3,5016913
341672;1,574378644830924;1,0107468
964724;3,768138275195784;3,6206467
427808;0,024433724930838;0,7665358
488552;0,0;1,0336175
914574;2,183550785639905;1,0543789
953054;0,0;0,07344204
302217;3,875255654511846;4,1190014
153079;1,4520842994393188;2,3170624
459927;1,6888593985330485;1,3787152
234455;5,187691831984534;4,678293
797014;1,482440817712759;1,5326941
665232;0,0;0,22761941
366655;3,797522390701814;2,9863536
701014;0,0;0,7992247
452225;3,585789330556689;2,642779
666368;0,3799218499470767;0,96201646
432442;7,154012823958007;4,2494764
778386;0,5158593710036619;1,3630154
546747;0,2071234404709776;0,8663892
18019;1,1144993741039442;2,4395127
324403;0,0;0,50371647
418900;0,0;0,40799928
350087;2,8791580220974016;2,6587822
850649;5,44583672832438;4,851041
512618;0,0;1,2605504
235668;0,0;0,609457
317376;1,0580472890632546;1,1920416
518368;2,8972333885535875;1,2850548
98566;3,1927318928593205;3,6198585
390904;0,3433228414909373;0,6704091
600601;0,8597260155218166;1,3877563
143250;0,0;1,2484434
841977;1,6295856261881112;1,0677353
112943;2,921476640386994;3,772456
8243;1,5337463804016616;1,2995701
585130;0,0;0,33081412
177649;0,4481403413583231;1,5704901
586309;2,072492783053155;0,094466686
39906;0,0;1,4272206
189638;2,5914550936942944;0,29355007
427448;3,0439281826162228;1,8632814
885881;1,0838942457756118;1,5317647
624874;4,12859409786337;3,4247572
579218;0,9156670467173642;1,0935466
997072;0,87752658145185;2,49436
61410;3,4784814579330425;4,4385023
452314;1,0085900641422532;0,5095964
561554;4,345552664158442;2,6693203
576290;2,9490973997294643;3,4462314
99375;4,970686554886933;1,69367
595930;0,065080186494731;0,40454406
397450;0,0;0,63818383
776143;4,371408683933371;2,3735735
362471;0,0;0,8949542
77691;0,1390060672818664;1,1485982
414903;6,37894814578693;4,718169
178756;0,8938658156713304;0,6206526
419080;2,170943946986161;1,582516
964636;0,0;0,17201257
587864;1,6070868297860224;0,86478794
555590;0,0992883144944478;0,5129084
364152;2,701095626990513;2,7607245
655178;3,612229322152983;0,44485733
661437;1,408270300827658;1,9066254
47905;3,084265472590164;2,207041
479730;0,0;0,20879656
995892;0,0;0,44963273
574088;0,5899771510602754;1,9757689
124873;4,871789330751959;1,2181315
670001;3,465181783708923;1,9010897
53314;0,0;0,32031798
475176;1,7384863786902025;1,1127479
808825;2,4088627609893725;1,1802224
714836;0,0;0,30314413
244878;5,480186476845285;3,1744764
501381;0,4529093163462789;1,886395
375827;0,1947976380465097;0,29983896
617204;0,0;2,1959171
911600;0,0;0,26604438
235915;1,2267328553436991;3,165781
548813;0,0;0,38906795
105512;3,522657627719868;5,180155
382168;0,3772227216115298;0,35608774
57492;1,6246755834699005;2,08989
322945;2,808773470789597;2,3525627
734915;0,5402787615956209;1,1593866
968924;0,5896545655093873;0,55928123
907480;2,236989570867719;2,3861766
367265;0,996889453347171;0,68527126
830290;1,4174444251564833;0,99273187
506581;0,1164089652923325;1,8345281
775901;3,102072463195132;3,4473665
704619;0,19967545270289;1,7264533
196972;7,1773501647587645;4,301179
424518;0,0;1,7344985
838685;5,133506587849159;4,205637
493435;2,66484184618524;1,3719572
595097;2,183207942591621;0,6866914
641020;1,7700599324329882;1,9631522
876032;1,0525242778062165;1,2113744
660825;1,3873475660453436;1,6696374
850545;0,9881693815442216;0,7083416
901209;2,167711438978194;2,6394804
353024;2,4304585523112454;1,3285874
133795;0,0;0,06438184
428479;0,0;0,4003217
685954;2,7497892866324705;1,7195266
755786;0,0;0,14800817
882741;0,7606976698076569;1,5286698
247863;1,1789858504990178;1,1007522
994104;3,772282497761543;0,50252426
591702;0,0;0,17063844
911148;0,9179297864758172;1,6712584
990693;4,475301840504373;3,2960093
715286;0,0;0,70917267
844772;0,6906582906279952;1,1157317
630822;0,0;0,5168433
79876;2,7261547460313147;2,6696186
150179;1,2926806935847837;1,3503864
13826;2,188805222200424;2,275918
883249;0,0;0,93535656
643623;3,066713788445949;2,9911299
991723;0,0;1,027715
387120;0,0;0,75839937
720312;2,4859536324129228;0,40765685
433683;0,7280674268578562;2,2593691
121537;0,0;0,30928797
526410;4,987790920869935;3,4061809
424886;3,613723776041411;3,742129
776758;1,366604398960786;2,0533953
298283;2,558827328664472;2,225242
632677;0,0;2,60553
776575;0,2711122998318147;0,33723176
341768;3,4943771933243983;2,63763
450838;1,7799505518078014;2,1771188
397721;0,0;0,28058463
967879;2,4451282238744083;1,7155848
790583;3,811651624112313;3,5870488
353463;0,0;0,045397997
790560;0,0;0,13787508
900297;3,212489931020259;3,0159898
262306;1,954295347558264;1,3268229
740781;0,0;1,1067512
321665;0,0;2,127234
488371;4,204446002931002;3,3404105
354009;2,190202351164061;1,3609393
249895;3,840526503298612;2,0106652
216377;0,7491739511692832;1,4009197
152455;0,0;1,2726424
182279;0,4386163496403692;0,12063336
48772;0,3212681505649162;0,47905284
960271;0,0;0,4254971
447174;0,8707230354162425;2,5011234
869869;2,1499346113601043;1,6064548
16443;2,090293078431415;1,1520572
501922;5,139930129512795;4,5306234
214468;0,0;1,5962446
540664;0,0;0,67470473
292735;3,088038858686417;2,2664466
81334;1,0555610900702386;0,79392534
866166;4,12994677343997;4,5592546
659569;3,0223066069727973;3,1077664
606049;4,256974722927232;1,4756707
659156;1,5936142225914445;1,053294
475750;3,7331154181998;3,1703746
751119;1,7879371731578428;1,1128461
611534;4,246090446143005;1,403314
2481;1,460400817515051;3,566716
288284;1,0125861405604792;0,937381
687159;1,1045494415834716;2,57916
663779;4,247032967805272;2,5019014
27900;0,0;0,40515614
930153;2,55552915334793;2,8801503
761523;1,644721641807754;1,5245564
468362;0,0;1,3271096
447022;0,0;0,32757753
961238;2,1774563056567486;1,7453586
535730;0,0;0,3628496
516709;2,3110506267132003;3,714422
373000;3,543216978563001;2,7327228
798725;3,039093905354879;3,0549266
168775;1,1132862346296588;1,9955379
394101;1,0655086095089157;4,7055864
476048;1,6616209226502712;1,5382063
230433;1,9718043851551093;3,6561427
261511;0,0;0,27904987
257843;0,0;0,31175095
842045;0,0;0,34943265
766119;3,5186459711169764;2,7425375
479083;3,370422343253735;3,2060268
983328;0,1253153557064726;1,1009816
250095;0,0570267155380286;1,7295431
488713;3,109221410279442;1,6981516
550486;0,7070849628946038;2,1314654
882420;0,0;0,6544898
564824;1,435053464413198;1,056459
889662;1,246518896188185;1,566577
725530;0,0;0,4005507
790271;0,8771526791499273;1,1915237
301697;4,277884905265504;1,9791675
615831;2,622468438181536;2,661669
192158;1,924556592298104;0,91513455
371277;5,820148067715759;4,389205
612584;4,986882369039351;2,3464658
889190;0,5833043461008063;1,0493381
674687;3,742603129106266;1,8671867
410140;0,0;1,5824821
88221;0,8538940546014001;1,7892275
168544;0,1791472961158418;2,5456975
741297;2,346152166422085;1,1353544
619956;4,493522275257602;2,7707453
765272;3,8311387340654894;2,4661984
498147;2,969850202017021;3,727472
970797;0,0;0,3517707
956314;0,0;0,49234203
941491;0,0;0,082114756
483160;0,0;0,05995679
579446;2,727934816958914;1,8198619
277404;2,5344517100650616;1,2309159
115853;1,0721998498719496;1,2449336
558443;1,2471637214415887;1,0675433
998218;0,0;0,4474417
791414;3,119085848616029;3,368637
883858;3,969311619752;4,6342793
96082;0,0;1,1694161
511576;0,0;0,018594503
630894;4,143291173671054;2,2979846
250927;5,068085222370428;2,0270333
748252;2,965297945709632;2,675474
544636;0,0;0,45506242
668697;0,3421363927886557;1,1826882
588815;0,0;0,34083796
892472;1,143133526915522;2,4743948
162030;1,830261110023343;2,080134
644974;2,3185128650479845;1,1763685
195081;5,742356600351092;4,1278133
573283;4,43979207029146;3,6832874
475923;0,1461691494255309;1,8857992
236340;0,0;0,2201255
176208;1,174674416048387;1,0114336
988305;0,7052954459727472;2,118524
323901;5,189213459219851;4,206007
911810;0,0;1,2045056
839937;0,7474292898190483;1,7394953
125615;3,04562275402988;1,3047657
850913;0,9021401181264328;0,8845708
141086;0,0;0,4591834
762710;1,5902368641659343;1,2134964
704673;0,0;0,08532137
336697;0,0;0,89554584
258105;1,0129701963049642;0,96314096
17838;2,048313956331526;3,1529055
896859;3,5239530863387065;2,7121673
279016;0,0;0,1513111
158190;1,5149776013185403;0,86776394
855969;2,856962423726023;2,5800066
651251;0,0;0,38218722
867271;1,15155461762931;1,0835469
513542;1,2876920089317614;0,8434378
784338;0,0;0,44599748
410223;0,6582621409303324;1,1423856
507443;0,0;0,38554093
376172;1,4306558871111998;2,307825
203394;0,4137903469933477;0,7225547
737625;2,25139382974104;1,5036232
32151;2,317374421258624;1,5354669
145358;0,0;1,382793
922175;5,738370538736779;2,5952666
987458;4,090309223474584;2,9341252
59928;1,406922348270558;0,4758628
142534;3,3970017399636254;2,1637912
984577;0,0;0,22533166
463447;2,047272267321376;2,1405387
992351;0,0;0,8330292
635018;2,598540861931223;1,1431915
751167;1,074231772637328;2,3035536
276400;0,9295505750523848;0,63656557
877106;0,405599185869086;0,6705563
85187;5,162680708079167;2,564525
619902;3,6423373033775857;3,7214396
828411;2,24543958458707;1,5257244
835863;2,104181418147253;2,9286869
208198;0,8034392704449244;1,2887797
659766;1,1138841287609311;1,9694583
344107;4,749461556358082;3,2831275
728296;2,871462263231406;2,0994508
42611;0,0;0,36948842
164597;3,841868138818179;3,9349167
614721;2,2443995752446075;2,0729406
952239;0,0;0,19663554
347210;0,9530737728254448;1,7773018
83324;0,0;0,23203474
14118;0,0;0,2644965
255380;2,135483554970432;1,7642362
757990;2,180482754200556;2,2043052
793150;2,532729361643912;0,5131136
150509;2,814825231118493;1,2694242
650310;2,2735461275011053;2,3849583
121916;2,003519308804897;1,4293913
203935;1,919887523958793;1,778587
879425;0,4650490489199854;1,7259369
808864;0,9680391602274724;0,80624914
593359;1,8567239467116912;1,5838431
437251;1,7667956661626123;2,3284128
807498;4,6792896258558105;4,183319
341895;5,138161138334636;3,3054492
656349;0,0;0,3021925
161021;4,487822513416577;3,250342
393936;1,524203886807256;2,3123658
461301;0,0;0,118544936
953966;2,8087928293112;2,3001757
887479;0,0;0,35466266
660486;0,0;0,3300683
924366;1,2350679927434038;2,6464577
902298;1,9323280788735948;1,9466574
12122;2,0148483941495723;1,7593043
472998;0,0;0,2738397
954859;3,633419365801133;2,2727313
154678;0,0;0,80505025
827270;0,0;0,40008438
487027;0,8011121109111492;2,0245416
618560;0,0;0,40820518
316873;0,0;0,34340099
701825;1,1739965505368863;1,4618735
719936;2,510111536278356;2,323619
173504;2,4406168648721884;2,5453577
739757;7,6661290030578835;5,5289745
231273;2,322494256369072;2,6864147
470221;0,6994461711027764;0,50167125
638570;2,742807817019508;1,8074956
877328;1,264131471063192;1,387917
387145;0,7127512531599222;0,35931736
705041;5,084417802106041;5,2760344
624816;1,009121132462654;2,6325238
929517;0,0;0,7172488
842672;0,0;0,44558012
405664;0,0;0,3818214
6009;2,1919652744469724;1,8706934
326299;3,040802684870764;2,6398401
240927;3,314255664812164;1,7071836
944213;0,0;0,3229421
198134;2,7518984077670616;3,069212
445726;0,0;1,6232979
782916;2,5034753852497875;2,4827993
517715;0,0;0,21848309
662409;0,0;0,9490071
567472;2,3303272717736565;0,36994362
994893;1,158314193487625;2,323902
648438;2,606576620069488;3,1498637
714844;0,2103331569606089;0,5876206
614465;1,8306884219750543;1,4151349
937964;0,0;1,0350645
2747;0,6174247568865865;0,116508365
625879;0,8276393546357187;0,82176465
468620;0,7101430317857804;0,50482917
593837;0,0494239313539544;0,3923543
614111;0,3882169249582972;0,5388043
76552;3,225211013993958;4,635803
91553;4,652033520919132;3,1809201
282475;0,0;0,41000745
846889;0,4072776505094967;1,1791263
261608;4,250641739319233;4,13651
834166;0,9020172411857;0,5488647
338574;0,0;0,33147484
804202;1,937786068523577;1,5313617
708987;0,734730183393401;2,140571
787314;2,205183959756053;1,885801
990807;2,0172917943991533;1,3925763
951452;1,780533345802056;1,7564795
949457;1,9407889037207544;1,4639087
389295;0,0;0,42783025
596058;2,2500950548512084;2,911098
209176;1,4766263783691804;2,3462343
818499;2,9300442640276145;1,9162699
243628;4,140914015415136;4,264222
734478;0,1455811057500157;0,8151101
816198;3,939627713698741;4,8667965
893702;0,0;0,7666938
383431;2,7463132010241225;1,1167164
740969;0,0;2,1135309
666518;2,9860383300696127;3,5071306
411347;0,0;0,48159766
561456;3,2053491970217536;1,1864417
187446;0,0;1,7925503
316832;0,293259346924466;3,5268118
444832;0,3822645361691308;1,3226485
439769;1,662962116792123;0,855927
578662;0,0;0,28735465
877107;0,4145221355522455;0,42232403
391265;2,10315378525868;2,0466852
558929;2,472572309033378;1,4944124
680708;3,0733193894911484;2,749022
267862;0,0;0,24514508
73108;1,0080875990304814;3,3665712
949631;4,381409341202023;2,408671
370544;1,2172833281296394;1,983391
192799;3,3277472457578963;2,4070818
817331;3,65112572254118;3,419679
99589;0,0;0,2625084
859330;2,828563904417225;1,9633371
83774;1,732465850604487;0,8879663
936571;5,310536710587163;4,256075
276909;4,104582226693128;4,6587095
993093;1,6213335639759523;3,0220234
886788;1,265989620270811;2,429495
523832;3,0414245773363016;3,9084036
271667;4,243982399582458;2,1768937
120560;0,0;0,72649544
666739;2,661583371348672;1,9611118
137164;1,977004181967303;1,5349004
561966;1,6135996532148833;2,3263721
431486;2,4585768829718906;0,65173584
41190;3,787891322665301;2,9493582
283835;3,3281147163769784;3,3925135
167115;0,0;0,19405502
6868;0,0;0,7744907
499348;2,601532099572002;2,2916296
357896;0,8495569983809319;2,8905
775504;4,944883682622894;6,338603
635956;2,296061988636975;2,0060294
841992;3,695202578764;2,6676545
408881;3,382886934233409;4,107315
857570;0,4920231657655505;1,2046356
971856;0,0;0,68352175
485581;4,363508275842885;4,4577093
380460;3,615099794395675;1,8726406
956728;3,28083317143072;4,1248336
75770;0,5082199802510097;0,9270091
33266;0,0;0,85832566
83338;6,1288879451806775;4,4600277
914589;2,934720613751959;2,9225814
212646;1,4054103708195629;1,0398996
567696;1,609293855182048;2,2801733
969594;3,4393092339399667;3,2567573
299891;0,227980407734811;0,47759205
732255;3,5793579148669634;3,3262656
806001;0,0;1,1697272
909239;0,0;0,5666144
450996;3,689450231160601;3,4612937
61300;3,3544112503727246;2,675894
717228;0,0;0,57048094
480598;0,0;0,21195531
898828;2,738434026173527;0,34000576
506938;0,0;1,1804818
644557;2,1204590148387448;1,7345017
221881;0,1212773947071618;1,5369747
172960;1,1641159068819755;2,2712746
729367;0,0217527923349246;1,1031414
703787;2,09707294515543;1,5669854
947782;0,4402913357832908;0,14799774
152286;1,5487337069967104;0,5120561
456334;0,0;0,2288726
120698;4,341090402587448;2,7683916
282337;0,288852799789597;1,2791433
454369;2,518828368097889;0,16576695
590615;1,4941416989786995;1,2390335
720575;0,0;0,7378942
238501;2,348451189213556;2,507202
645498;2,4078043102863065;2,2378473
903217;3,962416674792869;2,3460991
201640;3,0489452402897848;2,4421735
277510;1,926634327331712;0,6310866
889972;0,0;0,6537363
363063;0,0;0,32793722
774414;3,383902793293205;3,1446643
936744;1,3518782874004271;0,5965276
638132;0,0;0,51729536
6078;3,5306615046193364;2,3928237
829162;0,0;0,38682833
968694;1,7988471562204924;0,3815575
68499;0,3705528795471529;2,0571086
439474;1,0507681241561082;1,9543681
236042;0,322215747206157;0,8910744
269175;0,0;-0,0031049252
635995;2,0926307556560526;2,1281571
96491;2,5366880681063635;2,9031754
623669;3,628254957772404;2,7189932
998289;0,0;1,4328804
521443;1,8110552036235;2,1072855
618290;5,411904778142612;4,000811
96221;1,1026098489137452;1,4340076
411539;5,878497369334541;3,4078004
489190;0,0;0,2706957
678070;3,5587767999005986;1,0887105
25759;1,7684988457199282;2,0836408
712472;0,0;0,6141969
663534;1,832265800550667;0,96935624
23929;2,025509374265725;2,0643554
266538;2,6053574694355874;2,6265705
631173;0,3372366927932522;0,6446838
813576;0,0257939620223993;1,413426
438042;0,0;1,2754962
148667;3,972770709932453;4,0933924
234220;2,078309765929401;3,764385
36847;4,079089169681189;2,4311569
836514;2,395072490443884;1,6405516
752435;1,1979764873140175;0,7722036
650762;0,0;0,23956376
458683;5,809596835777379;3,7938879
376408;0,0;0,3010557
866750;0,8707400759022996;1,0076445
921577;0,0;-0,107138395
113611;0,966043153649109;1,6008373
23444;0,0;0,21998441
143088;4,1548209973156585;1,3162138
110605;1,5051527294893954;1,0354885
582339;5,4585703707595;4,7004194
618381;2,333788709736776;1,7265519
219023;1,21685398031735;1,4050936
543380;0,0;-0,0066822767
704333;3,8653383823093295;2,1214035
610373;0,9245478166147828;0,5355824
390582;1,737436230921415;1,833426
740318;0,0;0,4717121
999367;3,7132046531231087;3,3305004
770268;2,260820752370592;1,5132374
116904;1,0556196236122473;1,6575304
52661;3,765203504402821;2,47959
58705;2,278409904827865;4,148226
32761;2,179720840249681;1,0211066
18579;5,633114638158304;3,7340055
901509;3,35753983006395;3,5785367
266700;3,414471098254966;3,5928109
442198;0,1288213692552557;2,5364242
249071;0,4385346288819575;2,5009427
332643;3,957624919161192;3,0651848
559995;3,93174264522911;2,7098603
757446;3,308080884247403;3,4083884
635328;1,5285044591834331;2,055459
749721;2,4844950183193144;1,730332
291102;4,027557090440145;2,4905353
689434;0,6450942790228049;0,598498
992275;0,9098756994318355;1,6178482
862648;0,5392175378292687;0,8677378
975189;4,475864942336744;5,1657963
310528;0,0;0,6173017
520815;4,007588585595943;2,1883974
362791;1,2555402791489945;2,307694
502195;5,881591899747649;4,495598
886545;0,0;0,6337251
273233;5,31063239528876;1,0544908
495595;5,074531497193487;4,542557
493706;0,0;-0,0038036704
255931;0,0;0,24741209
416449;1,537317977360185;1,2518243
838548;1,839321843490324;0,9874859
324108;0,7477004829076748;1,7434275
268344;1,0900555861232988;0,48925725
666744;4,135808820790503;3,4762452
632472;4,567591072168412;4,8852835
530994;6,487106806316192;4,2609177
830556;0,0;0,5660926
236119;3,287648023229306;2,9004705
982823;0,0;1,1639715
604438;0,0;0,38312346
202278;0,9256170168048764;1,7606683
651958;0,152603360571184;1,809449
574427;1,4114317155891465;2,1850984
151358;0,0;0,41601655
895918;0,7212064387762112;1,7607838
871941;0,1529730985759516;2,2044306
636106;4,458434331216266;3,0543668
812410;5,141925128186764;3,488215
695482;0,0;0,5359464
66481;1,7615349067401878;1,7885818
907201;0,3671683474571385;2,6609204
530587;0,0;0,064398766
815961;0,0;0,95437586
435344;3,099829100268743;1,6723504
206739;2,335580668610246;1,6274178
727553;1,4349538266801032;0,58537227
129869;3,334335907734502;3,363722
905456;0,0;0,9584153
744042;0,0;0,20474494
609933;0,0;0,19014156
798577;2,020454249455019;1,0829958
835376;0,0;0,32246548
59358;0,0;1,4738262
192822;0,0;0,500323
979161;1,6482325006139076;0,34338564
982351;3,670301716121343;1,6116433
413282;0,0;0,6926434
294254;0,0;0,51405275
198436;1,2081263814744534;0,79162455
577889;3,2438030927241903;1,4449763
127590;1,5762843892721736;1,6528494
249058;0,0;-0,139005
481510;3,140079239397324;2,269639
723601;2,488323217698825;2,5051014
560534;1,891318168368792;0,37777355
685812;1,2497498384991286;2,512405
648027;0,0;1,2711264
569988;2,7118891475056666;2,2861834
230819;1,0970220049903578;1,0900586
317349;2,7921135760371545;2,2862878
794089;2,6977069196769965;3,1500359
878589;4,564285661697751;1,9899112
548707;0,0;0,6392722
911269;0,0;0,42353952
368214;2,093943914590323;1,565712
234293;3,482133848435835;4,2147713
116566;3,208749432469068;3,4643786
934727;1,4774885827067183;1,6407013
951308;0,0;0,52994096
801345;1,8189378476986964;2,8141007
249063;3,46581954348658;1,6524222
702227;1,5446333288646854;3,87492
369385;4,283638091950183;2,1215217
266184;1,960740450227401;1,4113433
302328;0,0;1,7854509
324895;2,19759400477086;1,8920407
996052;0,0;1,1395203
703103;1,9561630294005543;1,9141334
607903;0,0;0,27935123
27193;1,5530138762710064;1,3199489
190669;1,6217332559037123;2,170618
615527;2,9763895219664023;1,7494664
382770;1,9632969714451984;3,0885499
786676;3,1340266971612696;1,7836878
517122;0,0;0,9152808
860142;1,730624919837077;1,4725955
108286;2,4128695483781204;0,7944627
778677;0,5751090925375265;1,7263958
821506;0,7648780791458852;1,2439238
767425;1,4445859146710345;0,8929513
232859;4,323632950533974;3,4520066
881018;3,366661270295316;3,4512842
10663;1,2637102959217077;0,61973095
824067;0,0;-0,033836782
813900;0,6082801692479765;1,6055368
344083;2,144024861001177;1,5947399
401116;1,906797569065432;0,90957564
986481;1,97326295265592;2,0783858
634383;2,509665024233378;1,3158844
334069;3,5165492436225305;2,9642403
819841;0,5244748592325654;1,1487792
650550;3,7705579479163087;0,96396977
167907;2,969632424506406;3,3409564
965802;1,1697206708806087;0,5321034
141143;4,203512877506442;3,3309643
814467;3,690844746395228;4,829589
338879;0,4555282468332326;0,9993954
989795;2,127170229749516;2,9321778
946658;0,0;0,44769144
593275;5,735689363260772;4,779969
445058;2,236447434048525;1,8854021
801505;1,382546317202634;2,472066
443243;0,8559695429787506;0,7740899
439237;0,0;0,41531402
594803;0,6433348223219022;1,2608875
952929;5,253088513252121;4,4116096
700623;0,0;0,43938503
477101;1,996253070711488;2,3217456
478062;2,486977936905612;0,6527358
888221;3,2841555475819684;2,5112092
785998;0,5845427244086039;1,5015092
11022;4,0727913272278;3,3487947
548851;2,340857703130278;0,9775629
838130;0,3048203969979619;0,1626246
312523;0,0;0,76299596
26984;4,4487026644419405;2,8325632
974524;2,5791615794663825;2,7327795
644404;2,13091550695714;2,155973
940595;1,754000305071037;2,2289
680087;1,583688870982867;1,6110718
312435;2,8326674242135046;2,8348987
831436;2,213199916992428;1,452809
751952;0,0;2,4972289
316421;0,0;0,8412702
235788;5,687990496314938;2,7839348
848614;2,5689937963295364;3,6517704
717214;0,0;0,5940505
634740;1,3467259312424686;0,3539161
673188;1,6199245017846502;2,4527173
781614;1,2932620114983118;1,4338698
85517;0,0183352173624015;0,47305888
555943;5,673694486976954;4,652505
333857;4,140087672490915;2,862647
138995;1,7065613107756712;1,370998
13677;0,0;0,97419125
516513;0,0;0,9653062
116985;2,0063038087915324;2,598551
606186;0,8607333414965357;0,70446235
714793;2,1436178837631137;1,3045871
887370;0,0;0,4754855
567392;0,8321915058346839;1,4225596
338215;3,37684240752437;2,8906157
257830;2,579242638497939;1,9425108
64955;3,155327494756221;3,1879795
359866;4,497953277938869;2,7781665
951939;2,278281851654395;1,6766648
453446;0,0;0,16948527
171806;1,605352196122413;1,7189393
25887;0,977733562767554;0,6307479
746615;2,68420497810916;1,9904089
717395;5,420098114081517;2,5029678
588812;3,462588542816778;1,7615609
935259;4,965661514432628;3,2438633
286684;0,0;0,009132862
182897;0,074828390694452;1,9523575
543950;2,2997747112168634;2,0630462
355018;0,0;0,28538406
139258;3,1101366832210275;2,803261
265824;0,0;0,8911775
974701;1,598623619850247;1,3385926
520672;3,3169127132970218;3,3277667
180000;0,4746114692581877;1,6851543
724570;1,0820162538638851;1,331136
96405;3,1267399290115696;1,6132407
183228;0,0;0,32539052
404353;2,005395489151621;2,709574
439803;2,936094635901847;2,1735902
507606;1,879044651994752;1,5897655
951829;0,6917571900954211;1,6988041
977432;2,7282482740083034;0,6937999
8566;0,0;1,4584401
846564;2,073445126934385;1,743027
971088;1,1079911517493293;2,1989422
109382;2,06276147368156;2,719059
142853;2,4042115660433363;3,2374861
583482;0,2197021347908838;0,5871036
603994;3,252386255635658;3,3088148
959898;0,0;0,3638343
830972;3,0423793332240203;1,3956506
616327;4,284600369358648;1,6331179
922115;0,0;0,24133801
471506;0,0;0,3623087
809347;0,0;3,4543428
463046;0,0;2,4999526
253623;1,5714551061151505;1,7778728
435096;3,559493596921267;2,4238744
404766;0,0;0,046509147
83705;1,7867712577677466;1,2759154
250407;0,0;0,5028861
437228;0,1165843405030382;0,47125983
208169;4,799331463167455;3,2261662
342043;0,0;0,830558
955992;3,350878969925304;3,3879697
416362;2,060385484566975;1,5637163
118835;3,6053496676456094;3,1499617
101372;0,0;1,3430195
31319;0,2818782567818358;0,4438436
63807;2,5719165819423324;3,3773527
101561;1,62017896294158;1,6190913
363362;3,288189864597659;3,3036845
948497;3,3049953597649013;1,750572
426136;0,0;0,032764435
286379;0,0;0,8848238
617283;0,3892193956998397;0,65241855
786695;0,0;0,61482537
116636;2,8628637778137334;1,6554189
389405;0,1881133749106802;2,0649807
649297;0,0;0,9587836
484864;1,4267492344713282;0,37770033
112721;3,188349078654075;3,7723486
235623;1,623788798261309;3,5936117
449166;0,0;0,28064
461402;1,562101144031688;2,322068
283329;0,5563089069447255;1,24983
485955;0,4905100724503786;0,5173936
16605;0,3261608892839622;1,4087543
553112;1,016854554784085;2,2359197
186364;0,9558411994866676;3,9460704
735301;1,006289728539863;2,4335651
607907;2,371926963287431;1,3566129
265771;6,063163889200782;4,501066
51964;3,7019747180224702;3,4222372
303978;2,2605735287924924;1,5074646
481342;0,0;1,1342996
196417;0,6642529658727906;0,74425584
551849;3,903805352901116;3,4109418
209009;0,7142518101870419;1,1055294
956006;1,9437479350192075;2,060902
414919;5,782078606752941;5,189293
941113;2,3103786881791573;1,7620428
617830;1,7648090822241589;3,8529613
436294;2,386500955785312;2,4525402
942638;5,275328926256801;2,3160553
805867;0,0;0,29049432
303363;0,0;0,3823937
360950;1,7604243912089974;0,36913916
516999;1,360910515121154;1,2616055
517981;2,866275909526209;2,5079231
76581;2,655649771250055;2,9803858
951008;1,1927788046515813;1,318341
563130;0,0679916436305875;0,8113209
69956;2,0264041305536447;2,1717412
646179;2,829796565965347;0,5126586
959087;1,6994439316933685;1,2258039
331474;0,5819662573159037;1,4576355
299911;0,0;0,86965483
795102;1,388918290758144;1,2999015
773459;1,312195205334847;0,54291654
564750;0,0;0,67036784
415465;0,4094319504987292;1,4283724
777302;4,389563923919978;3,7352898
529667;1,0188872625073322;1,1977701
913229;1,757501187832137;1,9517708
184460;2,7661446826632687;1,3411213
87340;0,004813051538814;0,24132466
397055;1,4907156312763394;1,1441793
98960;2,237582306873241;0,72515035
838898;1,6456241068696926;1,7678565
979321;0,0;0,68623185
742121;3,157748570160475;2,182326
50740;1,8152872617862987;1,8921919
48431;0,0;0,19554794
329561;0,0;0,25958407
563155;2,00915431658669;2,909797
141229;0,0;0,7668051
148348;0,7246472599508094;0,51841193
674274;1,8014927549411104;2,0670853
384875;0,1160493296480575;0,70133346
926480;0,0;0,14122629
738756;5,68769528349266;4,5156302
325335;0,0;0,16785055
368007;2,1330507909790857;3,6265132
251239;0,0;0,7169753
657003;0,8209382809486713;1,5699952
483363;0,0;0,25298548
267414;0,0;2,0334444
276254;2,248852698466836;2,084854
190300;2,3285701780162573;1,3771791
733329;0,3193149092947414;1,2103052
531589;2,7360819571701147;3,2490995
733337;0,0;-0,1741736
795435;0,0;1,23769
552561;0,0;0,19334435
789068;3,705513855126149;2,1908464
681111;2,7073372366684616;3,1635084
576981;0,0;0,5269985
309606;1,1959296412918885;1,283654
769799;1,2604839494128823;1,8506869
224397;2,682381145442584;1,6944668
171420;7,042322096882899;6,714858
580397;5,210670952695764;4,285487
346673;0,0;1,196631
667679;1,027172856265178;0,42197013
375307;1,7426067259025462;2,7296512
170887;1,144639702568795;0,587476
376547;3,938845623213333;3,894819
761198;3,471368892866969;1,4544111
719460;5,305845591797702;2,9571311
178859;5,480821099151349;3,985387
487578;3,084717079755127;0,70538896
971970;1,1057375538798215;1,1696383
26609;3,768410677622127;3,227359
462473;4,3587365726102965;1,6583418
954439;0,2231808275092831;0,7914629
737205;2,251246361286247;2,6394935
174439;1,6024656920392488;2,2645288
289943;0,2773792607843609;1,6862696
31459;3,480446541652827;2,6745927
668892;1,0919972510222098;1,5215378
158344;4,437613438248369;3,3785865
964961;0,4333942992386184;1,0053803
934423;0,5778909362661994;1,4483736
594136;0,0;1,3373067
633125;0,1026997844412243;1,6997614
501135;0,3741718050518914;1,1734188
259733;1,654423164319741;1,2449827
843264;0,0;0,6267102
420045;2,221258584364;1,9372885
271875;3,663818955976424;1,537917
948573;0,8405125376901195;2,1698198
322724;4,441421234017481;2,9508204
506065;3,6658398925511846;3,5767896
669905;0,7950923799187811;1,3178886
665083;2,6028068745070785;2,1183102
751853;5,796319850498626;3,1477005
773985;0,0;0,41119486
198503;0,7204346212812776;3,03287
646422;1,6534266533883897;2,4625628
243638;3,9820123750408674;4,2865133
290366;0,0;0,6369605
621053;3,0365191173316144;2,0567245
752210;0,0;0,28914034
285004;4,754939302841841;3,586487
939946;0,0;0,20951903
690973;0,0;0,5187753
707870;1,5335738350367123;0,95016515
636508;2,4372631342274538;1,6914141
558157;0,0;0,37658745
672599;3,606305239518094;2,0640397
833975;0,0;1,2499977
733124;0,0;0,3992383
923837;5,027466795406794;3,8996003
90750;7,2466348132145475;3,8280692
792878;4,569544358813503;2,0798373
860593;1,4649691421051172;1,5194292
297501;1,604038287162142;3,3311632
957522;0,485355842507485;1,3965034
983643;0,0753380348410168;1,2324276
834771;4,018194905139524;3,6777205
103132;1,4542482421758574;1,8277006
435685;1,272617954206051;2,2876992
193402;3,599508749880137;1,4010922
200116;4,814837285382354;4,9214754
89778;0,0;0,24763167
717879;0,5120288567984008;2,6205122
137067;0,0;0,6314639
39652;0,0;1,2765046
29673;1,6223210552303575;2,9110458
14648;2,7251823591237345;2,2056966
716488;0,5546717962457954;1,6017563
325886;2,1349507202868154;0,6445914
267540;2,5864631146600248;0,87710094
77764;2,533398311756668;2,0257552
725976;0,0;0,45917857
544408;0,0;0,42977893
954087;3,029983355408993;2,4164634
414320;2,6924417114949306;0,9730551
311407;2,28184872722306;2,1530704
763653;0,0;0,9667338
504398;2,860028965223319;2,801935
188103;0,0;0,73646915
249836;0,1574983449405904;1,0994103
523703;4,18151100896408;2,8855634
546093;4,137507298045565;3,8461533
102486;0,0;-0,32106805
164709;1,6296648829334417;1,9574807
64125;3,736127902084459;2,421252
722112;3,381592172742021;2,7955873
517211;0,0;0,29397303
902445;3,409789124478797;2,9852965
788908;1,0708478959742906;1,3525627
848585;0,0;0,44320425
629188;2,760609683863094;1,5906416
911069;3,0867279179799523;3,2538688
243214;2,892635984072743;0,8750808
379610;3,9032295022555856;4,5565376
733368;0,5016954350687426;0,39420384
962605;0,0;0,2113353
853587;2,3613127893590526;1,0052924
452576;5,821584460909167;2,7196112
942573;4,6827836211663;4,231123
902309;2,172909909305193;3,2207258
554942;0,5681220718315151;1,0190154
102967;3,034477789265833;2,6587543
599907;0,4568065115575963;1,5685836
669020;0,0;0,30534983
964176;1,1947721620371594;2,212329
90096;2,1876786288001644;2,525335
598431;3,0782675700456608;1,0763652
17303;1,7883275744746123;2,929436
972919;3,027253006502814;2,5461283
218676;1,8989817795860693;2,7010946
414974;0,4830459768764424;1,2964785
37000;0,9910595949482808;1,0329285
848976;1,5857953662732898;2,2274246
97992;2,5369175952945016;2,9650912
619298;3,412118517157915;1,8115093
234850;0,0;0,18524784
577360;4,212898804888976;2,2912724
335384;3,896348221046321;1,9924963
598329;0,0;0,34089822
344808;1,5561408596994375;3,1525428
746669;3,5242318631228944;1,333578
587980;1,3247649967617892;2,804686
382400;3,49523348617926;1,6946354
537485;2,712880179564867;2,351265
158800;2,6487988878806834;2,3283315
568083;0,0;0,10192877
341773;0,0;0,45072722
198091;0,0;0,07890308
479299;0,0;0,64138716
689449;0,0;0,26700056
743539;5,754138262116096;3,0405598
134572;4,319028761138945;3,6972873
762329;0,0;0,33647618
342382;1,5261315459783422;0,42636293
632020;0,0;0,73400545
199135;3,074075031799832;2,9187024
430500;2,6766878206000624;1,678241
241698;0,0;0,5385019
185639;0,0;0,8495556
63984;1,4468065260042104;1,6761389
314017;2,632771258481333;2,3167112
589934;0,8209478274896407;0,9516556
520521;3,727884929692019;3,5145683
601590;3,5533446097355705;1,9930662
449316;1,591133008583587;3,1561897
194643;3,190061394325184;3,0609715
70590;1,3495449617446025;2,4612832
336166;0,0;0,44216257
946356;5,213387275228199;2,6416428
100264;0,0;0,46239704
985994;0,0;0,39060125
720965;0,7071094021457786;0,4191854
4215;4,32957359052858;2,7453108
175253;0,3495520570907918;1,2671272
131198;1,739779058721863;2,6140792
211336;2,085130208249026;1,1454644
25121;0,0;0,45217368
686594;0,0;0,4739425
703946;1,1216074540579837;4,0156097
372146;0,0;1,7024361
505352;3,492715663054512;3,9082625
918901;0,2330474918928299;1,0158513
843874;0,1460188489710191;0,34281033
870660;5,663954713935269;5,5497885
126386;1,409246652280785;2,5872068
559506;1,970057900812935;0,09078407
493454;0,0;0,51734614
884415;1,3410574082908375;0,39966068
614069;1,951995713299599;2,4249103
142493;1,8772869438396875;1,4804454
471983;1,1896797667309906;0,19065416
700363;1,2212125840600736;0,41928348
132134;0,3112056188205815;0,84717125
977116;0,1211751380720265;0,8440203
349943;0,0;0,4901479
203636;2,241832826943236;3,8215806
768456;0,9049569866383584;2,5222173
338086;3,0708068564579314;2,689249
145267;0,0;1,6376004
661355;0,1253688708225131;2,466691
588004;0,8619182083511249;1,2171623
6603;0,0;0,32706368
856681;0,3300659017475166;1,5987604
817950;0,6831534302233868;0,85459155
215506;1,5361414933820143;1,3305193
890290;1,9770422562403336;1,4393039
844244;4,721796169123173;3,8341796
210305;0,0;0,3911363
765853;4,575027043715972;4,1510696
178128;2,988030702077324;2,1064138
907355;3,9315214263976808;1,5077118
950841;1,0948309811694208;0,4249013
719247;0,0;0,22242582
103082;0,0;0,4474029
527920;1,1725375024514606;2,0892937
319038;4,164461336007377;2,969003
145190;3,6336710052806858;1,4192481
587753;3,683341137775421;2,1952114
912340;3,0209187464257288;3,5338857
16042;0,8763899433719756;0,65953314
693856;1,1684853359647287;0,6880344
980515;0,4978909844581961;0,21735871
137778;5,360949442216516;2,6347055
387787;2,167320977051256;1,5036349
277921;0,0;0,8377221
968382;0,0;1,1053139
919337;1,92655694873758;2,6896272
304038;1,3950978233908318;2,4865122
260976;0,0;0,68767625
822170;0,7973648371086591;1,9770557
255005;1,63033280980483;2,4386678
459321;3,6531085631147886;2,3423996
936611;2,3354961284523488;2,3245366
265252;3,6214318084308657;1,8395329
802202;1,945338976001844;1,1692355
895361;0,3151247200922654;1,0039849
486539;2,7661520063361227;0,76912093
200304;0,2068453216287189;2,4389586
731182;4,370788572772907;1,8419495
438961;0,0;0,12154108
543268;1,0015818177247109;0,5722714
99859;1,259753615363811;2,4754233
495196;2,1365794229425226;1,4410943
834527;2,3047406137699946;1,1404643
793783;1,8359519296085165;2,8532674
527110;4,500023684532944;3,3582213
99420;1,5326960470965076;2,924586
56458;1,9716126507626632;1,4740725
88637;0,0;0,031078517
205427;0,0;0,61813945
497565;0,0769382999614363;1,3213255
126477;6,383005068907143;2,4982193
989919;2,7276321811537634;2,1799018
556050;1,7447246507477363;1,0246398
763695;5,10528423242154;3,8402226
697553;1,885699341579408;3,4493763
542493;2,745093434436587;3,6221542
816237;0,0;0,24873793
244229;1,2242312328375775;3,0362852
163569;1,443860103054752;1,2524428
530820;3,3668785978790368;3,0680919
207025;1,0572663072588793;0,31088564
866477;0,0;0,49275148
217557;0,0588112281049881;0,9062562
869032;1,046052039125388;1,7039783
410639;0,0;0,646653
222904;3,026501382457204;3,4254432
889945;2,104865502213753;2,025714
739289;1,2188759643991625;1,5211108
413306;0,6500082460906866;0,5324455
174411;3,046258502247956;2,7497425
715519;3,270393263455288;2,8254533
112720;4,686721789866797;4,516206
316398;0,423550255206145;1,9592577
489370;0,0;0,3946479
253055;0,0;1,3271534
77386;4,513603608177199;2,5935287
479438;4,432145766156176;3,0276487
752512;0,0;0,3980414
755021;0,0;0,18357658
345234;4,543600189631596;4,1244373
323326;0,6663563557167409;1,9202719
612858;0,0;0,17904365
226018;1,0291808550297892;1,6391426
394791;0,8227793254481452;2,6740458
962357;2,3572749423121584;3,0084708
673966;0,0;0,45836288
181580;3,3390257265209446;3,2392845
847820;1,2145938916305457;1,9416707
583155;2,1396879128568784;1,225139
815262;0,0;0,17487955
88237;2,185563613131948;2,3813648
138225;1,8368824118602085;1,5100743
790659;0,0;0,47314703
110287;0,0;0,9251176
813106;3,7882941718498016;2,691502
789232;2,128205014638913;1,7625228
887564;1,888669314105087;2,0493107
808447;1,7386402774654006;1,3679487
427469;1,7336410582148345;2,077993
912620;3,412879769691242;4,3395042
95409;3,110809760353194;1,9983559
672489;3,950660647637664;2,9500053
87224;2,032051335944128;1,3457922
43086;3,425672176636362;2,5709608
786197;0,5430315352360572;1,6044421
962595;5,397344835370616;2,6732788
582724;1,6936426008890706;1,6190281
845651;1,1425341707998038;0,8966535
100740;1,2291838337170775;1,9166703
481388;3,668025055683807;4,857271
8285;0,0;0,07614744
671379;0,0;-0,16281414
480955;4,159586638119446;2,5445068
800447;3,176031915811216;3,8137898
371527;2,2151911154120163;0,4080708
664606;0,0;0,31243798
778942;0,0;0,25494826
53066;1,067374301710596;1,9103988
533112;0,1904782650531902;0,34223235
536521;0,0;0,7972545
457543;3,8094354892843714;4,107694
716972;1,4060001510463247;1,581133
852756;0,0;0,3963741
214523;0,4843081352728007;0,8191097
627385;0,0;0,75986195
477311;3,117124183886357;1,9713118
739154;5,597373281135118;2,8168905
16901;0,0;0,34431553
616187;2,3798483847339504;3,1712627
84671;2,1283797340440143;4,1848607
433108;0,0;0,74280614
862851;1,751381360447952;1,8147477
27271;2,0218127314176897;2,6985502
765572;0,3563219574003252;2,737484
437570;1,4076429803314896;2,390266
932348;0,0;1,0016375
902089;1,5923213037607458;0,5961132
24588;4,021028198574862;2,619424
229337;0,0;2,0053267
850025;0,0;0,43477246
477260;0,7304602880593358;3,042001
920088;3,3685389610128724;2,4240634
486397;2,490825806541231;3,5706005
859038;4,456514077950141;2,2940357
797442;3,3978409018503584;2,4434443
805526;2,2915414626394326;3,1057305
979049;2,351556235690792;2,0132494
776172;2,254067500956999;1,6858938
323420;6,175075760972538;4,238132
122453;4,497346975163815;3,2530103
799892;6,844323146025705;4,8298388
619906;0,1783562979366082;0,77771837
234350;3,032739647621481;2,2622995
46198;0,0;0,6985773
792237;0,0;0,65687346
363402;0,0;1,3654039
247296;0,4659640270782672;0,5118066
718197;4,072907729841311;5,290184
960501;1,5052449293839625;2,557938
560529;1,5587666058306002;2,1466088
801327;3,718460089403485;2,6214924
384170;1,53759272996254;0,538017
728412;1,464336432674754;1,8300787
335951;1,9393554853744863;2,2278543
457670;4,089779726563939;2,0081482
536626;0,0;0,2781638
232901;2,891807953558157;2,96974
531615;1,7125633780292275;0,4141602
726433;1,4337035623208505;0,6357906
336995;2,9790589411432293;3,3414488
186103;1,1018060852886018;1,3855783
861323;4,2103355810165874;3,3880124
854777;1,1446374822427878;1,3496485
433985;2,057942302069524;1,8111168
768807;0,4612802567516862;2,7298863
395101;0,0;0,14648086
278703;0,0;2,1065586
585695;2,9905171533234327;1,6665314
536493;2,785049850975231;2,298913
862033;0,2004349278846012;0,14288354
138965;0,6289159075202941;2,310392
199576;0,0;1,1234343
13917;1,1419016277255365;0,5073824
696615;1,427921078642599;1,055671
142631;0,0;0,21161807
91062;3,068288453236703;2,2469192
608193;1,1256614787180204;0,70009524
453951;2,906288595956498;1,2080944
340460;2,245626344462764;2,5631392
323994;1,1885488385091192;2,3604505
921420;1,2153431575738602;0,8401083
782532;0,8723250728047646;1,3502206
739522;2,786076776408448;0,31496146
827378;5,126148026185651;4,7153397
482677;5,450631087225059;3,1854622
388165;6,233946659694095;3,8494475
755170;2,495565566498721;2,1702724
468444;1,002756535884117;0,7819356
908453;0,0;2,436418
727852;1,1561601375192887;1,6388173
34106;2,4110308480060616;3,2621725
381087;2,944177617444483;3,6429818
47394;1,1803364976340402;0,79530174
582698;0,2235102776785027;0,0931831
420987;2,2036909396319206;3,123604
644624;2,5551794543930324;3,0218768
854676;1,138944250363541;1,3952549
847990;0,4531939359060869;0,3358518
115314;2,091130894076153;1,7161924
589094;0,2053672427065278;1,166709
839723;2,474757676266629;1,2664917
600369;0,3511470258263569;1,850184
125995;0,0429767499581184;1,2351261
728414;4,634684692423959;3,1005042
186527;0,0;0,7454033
30577;0,0;1,5239725
450397;0,9715152367885852;2,7646875
173322;0,5358203786330118;0,9228743
86951;1,8910682079760448;1,1035361
988658;3,4926984093184377;0,6094374
7032;2,955950066993198;3,3026826
149964;2,3675152135519806;0,5985225
654177;0,1913772845689891;0,7369302
896792;0,0;0,07196629
989616;0,0;0,9105085
546483;0,0;1,6069756
38582;0,6514685035523577;0,5898045
962542;0,0;0,29361844
705988;1,7655476708399744;3,0356178
519562;0,850065496706158;1,3304439
152134;0,0;0,539713
500812;2,648703466371206;1,4213775
771671;0,0;0,3352289
819408;1,1508264974804283;0,48188102
300926;2,010457600148293;1,3204701
941642;1,071414917111098;1,1488159
669730;0,0;1,2831075
72464;4,24498931470738;2,9649487
267416;1,0992947896835026;2,2368832
799965;0,1386689372216066;1,2674868
473259;0,0;0,87845594
870845;3,7776531126184754;3,1339834
80484;0,0;2,1157277
57128;0,0;-0,15300381
599052;0,0;1,3479769
70932;3,699520239237754;3,836499
757962;0,0;0,64417815
775977;0,0;1,4648364
984329;1,6903178199602005;1,7487919
818228;2,50627586680591;1,7235047
198161;0,0;0,43081462
832048;0,0;1,0702697
593759;6,025247709742297;3,464958
763269;0,7678095997017267;0,98791283
357114;2,285194707262703;2,0912979
799231;3,801474998074312;1,5509729
400220;1,524280792913159;0,40675235
314267;0,5699048614413038;0,76267576
115446;2,109727431594272;2,0797398
755149;4,9868011331238025;3,095156
630946;0,8613922714664926;0,4895936
90561;0,0;1,6367205
260252;3,5969296482662534;2,5938287
975091;0,0;1,0424013
974424;1,1302512634464996;2,1546454
980397;1,671127455778633;0,56590533
209030;0,0;0,37732682
740656;1,642416353613028;1,7101767
784534;2,9953997283976044;1,6734213
376007;0,284145988363431;0,48336613
707435;1,9204582805498145;2,4877975
100924;0,9798843680611724;1,3300887
692464;5,2047787796221865;2,9886186
530335;0,891417315018584;0,223108
484893;2,8505771351622613;2,2961264
464029;1,671863393161738;1,9305518
34392;4,524042886743896;4,101722
446548;2,281329797952531;2,425254
7281;0,3751753305521376;0,53281766
875162;0,0;0,4760105
613106;1,326145833084464;1,178627
988491;7,196012935756645;4,929553
981014;0,0;0,41842598
473418;0,0;0,36073935
118799;3,7556876326792303;2,3076348
756521;1,2767700007272391;1,1347243
145279;0,7863007364860048;0,8970169
313441;3,3831420909438217;3,8410575
960729;0,0;0,33471882
949519;2,4047699593974667;2,2374115
124514;3,8877680407236586;4,070492
992614;2,376141359674659;2,0639842
490367;3,2946616526506225;3,4945896
574411;1,1097123379506155;0,5094291
674997;2,786437164915572;3,6519787
532175;2,45145983456284;1,9274123
740198;2,76597665363236;1,6510586
17532;3,215088598579543;3,3885279
995971;5,0728539049672445;2,1750913
196494;1,065281652162657;0,6176752
219249;0,0488232417847424;2,0401874
523447;2,568338101905399;1,3250705
311010;0,0;0,27519822
984493;5,7992352980116415;1,8917505
934867;4,785756776699404;4,1594324
204600;0,2924235359043424;0,70622593
421031;0,3818109498976603;1,0162458
806380;3,942137407067008;1,9149435
766247;0,0;2,025484
412656;4,175721653348966;3,3567982
66614;0,0;0,6810569
561247;2,241794718528044;2,6813278
816707;2,768687783947182;2,2708197
318564;2,89438581044438;1,8468844
387484;4,1624558526710445;4,9201593
63434;2,117337458789636;3,2427697
534034;4,71098035704375;4,2285075
119354;0,0590604669953726;0,74069315
777676;1,7022681222573468;2,0565069
987088;1,112325620034148;2,137183
453987;0,4091779754539661;1,0212548
23909;0,0;0,4104192
966929;0,0;0,2736981
800695;1,3184419453862055;2,479172
872521;1,6849325999352938;1,6470034
276260;4,581948970643355;2,1088946
680458;0,5525295336398948;1,2231183
781201;0,0;0,19996834
779441;0,0;0,2546624
765117;0,0;-0,1261977
994732;3,599014109170588;1,6310369
877974;2,9880682895058928;2,9877746
48853;3,2868699550765426;1,7339433
245966;0,0;2,0279589
718050;2,919038992900329;2,7238708
593520;1,2888298156629072;0,89412713
878862;4,887926263814377;4,8074923
53267;0,0;1,4379239
224797;6,365220627812491;4,5913982
752532;2,18081053978887;1,7085948
504373;2,6388490362705044;2,75764
169698;4,141587681298644;3,5594523
75224;3,3883514475711523;3,3201401
86513;1,2558838223390567;2,1395428
175012;2,7535869647463924;2,2420728
367045;1,1943317699623504;1,9591899
530223;0,8797292046415821;1,6192994
535280;0,0;0,14712387
373595;4,8175366615905135;4,5406895
957930;1,2855940163584654;0,8348545
194635;2,899160282095498;2,21661
849895;1,6404654462166843;2,5308251
537443;0,0;1,7884957
349184;2,600551441300196;3,7813742
644470;0,2960376344418338;0,9377147
889044;1,2984287636346563;2,550022
425182;2,493301168384205;0,45785058
888500;1,2193386956192245;1,293271
543252;4,371344515051122;2,2040656
711531;0,0;0,48954588
282641;0,0;0,72558737
480610;5,617898525577957;4,198264
269383;1,3316661607335172;1,54077
657534;1,4163585778022474;4,087009
946041;3,059443507301734;1,3497272
478813;0,0;1,1462774
855007;0,0;0,027908862
633451;2,85773604633867;3,232475
597678;4,335921113553537;4,303503
70358;3,922384605433581;2,7205167
794963;1,9644925228337755;1,5344357
827934;0,0;1,106425
606647;3,3483941324431465;2,1103218
380640;1,5180693259349856;2,1364324
167281;0,0;1,676887
969804;0,0;0,33705503
929154;0,0;0,47502482
987751;0,0;1,6170506
922904;4,465141645733063;4,014221
227888;5,175047533149462;3,036679
323100;4,660440680201171;3,0324614
393728;5,68030335683369;4,303033
789516;2,203579316160682;2,66827
927554;0,0;1,3562135
125124;1,2554791243978478;0,92363536
952853;0,0;1,6617608
651748;0,0;0,21246904
331575;2,0873563274740308;2,0988057
238433;1,0294307003686312;0,5626531
952377;5,315994969927279;2,5659134
893717;3,125768312893901;3,1707232
90558;0,1342731083072537;0,33914483
604799;1,234792150276547;0,24108195
603536;2,536365599732524;2,75905
49548;0,4418034792814325;1,1279773
68575;2,9000428874424027;1,2375345
47791;1,1893272651782074;0,94809985
648807;5,502619442757487;3,228968
849400;1,3832525994566642;2,918136
519741;3,6064148746895857;3,572027
522979;1,822194249008609;2,3570633
676015;0,9539035726837716;1,3364868
509914;0,6906734637228868;1,6314163
303654;1,4537335032837433;0,32554924
654690;8,721520490134568;5,5588684
413213;4,585182100302415;2,9860637
989370;0,0;0,18452281
796933;1,3591501186079649;2,0814538
283737;1,8523773268149264;1,5042486
179464;3,308743047815928;2,9768965
84557;3,762001420416444;3,4189293
476148;0,0;1,2381842
993386;0,5735144446488407;0,69297487
175578;1,5647475254262857;0,6905129
429241;1,173185962902438;1,6795902
927376;1,0008450616255489;1,1269349
291646;1,8076320039261973;2,045457
862508;0,0;0,9017629
338102;0,8765575905130438;1,898234
829942;2,155726400110163;0,90754414
708719;0,0;1,6661987
433286;0,5921837645079316;1,9284284
756458;3,69917914477256;1,8540628
661006;2,881787098277758;2,6466513
815692;1,0482600387178942;0,78211
571273;0,5764102589480126;0,3872946
706631;0,0;1,1478846
58860;0,0;-0,007596612
313568;0,0;0,2899748
572180;2,8773553736365325;1,8460628
128702;5,168395840680308;3,0668952
225618;3,472390645496314;2,5246022
668018;2,082085796513516;0,8939221
88736;0,0;0,23494005
357419;0,3293909226806524;1,6382669
16585;1,3946536483091243;1,3522347
508969;0,0;0,11019707
480385;0,0;0,3535183
902084;1,9531651318463776;1,4196475
368680;0,8165470596653769;1,7974257
94528;2,2431346224107784;2,926068
85749;5,048944853040307;3,7770932
214445;0,9307203508731704;1,1198657
580758;1,625803885514368;3,6533716
664433;4,480388061612139;1,6187739
704213;3,160416976969789;2,1274128
41969;0,7726973817861515;1,8054416
445884;2,049730383588685;1,3873676
23426;1,4001099262794114;1,1110078
783629;0,0;2,5081825
765826;0,2090327140502119;0,50013065
609913;5,42957552474482;3,3635314
691964;4,148181229940182;2,6409168
238432;1,2663315028152329;1,471152
117743;1,0161927144163068;1,7241278
322454;0,4813679462801195;0,31672817
27971;2,054483198053949;4,315048
467125;4,02754388195733;2,7284725
766723;1,6870694810281237;1,7984195
267065;4,327749574811939;2,9023595
727561;4,2770165066068;2,7425752
318527;0,4196109974329008;1,8014642
977189;2,950699579258138;2,864297
363955;0,5510724840841181;0,25302303
653281;4,406048311169713;4,974334
44236;3,7517317638201737;2,7063286
766242;0,0;0,2945537
703528;3,243778690079849;2,3186476
425999;2,260518457405544;2,2684824
520188;3,2791583781574243;3,4003236
741690;2,9535793444890714;2,5333598
45950;4,0390775131687136;2,1189022
166107;1,173286196610421;1,4236037
676695;2,381764320395168;2,288613
73637;3,0770593926150247;2,182977
285300;1,4897182782618263;0,6398041
986630;4,38475697093612;2,6987975
869405;4,674444297449622;3,456401
184834;0,0;0,8131434
762405;3,887213357176548;1,9054117
963828;3,3195262796570213;3,1974857
307544;1,716678975603208;0,60786504
925388;0,0;0,25189757
466241;0,4607042793003271;1,7181472
737209;0,0;0,26482654
950435;0,0;0,55328137
771340;3,4731253711872405;1,456153
156213;0,0;0,2109431
280170;2,2216273716065853;0,96626526
175756;0,9530091398163504;1,1173415
997872;2,0184273714368137;0,5242342
690138;2,781509666874819;0,5528935
167988;3,345782945697961;3,8133233
704794;1,3306168918151993;1,5634117
102788;0,0;0,46125716
502832;1,0211739702912428;1,0644734
136293;1,275094770864578;3,4110963
520890;0,0;0,5926955
785738;2,012477983701101;0,42269292
178653;0,0938743920193221;1,3562105
416030;0,6234744247592685;1,6769103
841126;6,018749327368495;3,6640947
332776;0,0;0,42784774
518229;0,0;-0,08205831
705668;0,9115647056007632;1,2129261
657424;1,0725161221896018;2,2004485
879768;0,0;0,3040964
707193;3,765543798632848;0,92042077
556930;0,0;0,6900735
611586;0,0401948535058156;0,51588994
893603;0,0;0,40146965
970101;2,766156185631505;2,9963758
126297;0,4683184200078849;2,008244
929115;1,0016183649023471;1,0491675
492136;0,0;0,2642964
333353;0,3585057480053397;2,038797
198887;2,657624294160569;0,74489415
696431;2,8324839642820634;2,3309956
709422;2,751144407729065;2,9234676
656051;0,3747758743620136;0,9796287
604246;0,4894691483997109;2,8288462
704398;3,482510962643902;2,4966671
506246;0,0;0,36146015
120085;1,3073012550637244;0,2178576
788806;1,2598408963197356;2,3582077
595119;1,2363988896007558;1,8302667
306694;0,0;0,5105031
845097;0,0;0,3043845
986873;0,3964896803905794;0,066337824
613791;0,0;0,7231575
494928;1,0875096882073323;2,2099628
759708;0,0;1,0133312
816255;5,837982298692217;6,588215
133820;0,0;0,36632237
933925;4,025255913312204;1,9297161
416588;0,4861486522566991;0,59216577
780246;3,156722588152876;3,555002
989722;0,0;2,031148
139591;2,905217950785114;2,4102466
58083;0,3702781051710302;0,80796653
930979;1,3690960026004304;1,1061285
348134;3,481221157598256;2,303162
369505;2,3361705191488653;0,9893397
357664;5,852531274666523;3,9373987
311793;0,701280115204745;1,5817964
427953;5,0416956846722325;2,7124226
851565;2,990566488156924;1,6616352
152264;6,29762984043127;5,0818863
176881;0,0;-0,20811343
575226;4,459270639376866;3,1922424
403297;2,7417612081785867;2,0723772
182950;1,898582376411961;0,9604907
754752;0,0;0,011176825
368693;0,0;0,6878939
235190;1,2962800370025112;1,9699043
411510;1,3046929143498105;1,0841985
317318;0,0;2,1391017
26943;0,9375327379560876;1,3816271
961909;0,7788337722982162;1,5951829
536961;2,6252192654575364;2,1637616
254810;1,269393605883267;1,30453
824369;0,0;0,9912671
119281;1,8365402013666;1,0303264
811391;1,3060949308019358;2,861371
285137;0,0;0,42625666
964056;0,0;0,38907918
130419;1,5645294792653417;3,0382073
451639;1,862682502464848;2,8855011
603756;0,0;0,64798194
294664;2,271201158414498;1,6710491
11251;0,0281297221120696;1,0411148
604971;0,0;0,3966017
155990;4,290038224304306;3,0822175
833736;0,1516979879990501;0,61815596
44492;0,1055729609893265;1,5749706
914829;5,528578923645161;3,2737548
717733;3,333716962690053;1,5887854
57658;0,1343962035214092;0,47432822
429265;5,201856040724502;3,2356756
808943;5,514473307381041;4,1971817
46664;0,0;1,3939866
564744;4,483216748265983;2,6983957
261277;2,437519608526744;2,3488317
385427;2,2818219078111985;0,57281077
782523;4,875967552904172;2,1506994
183814;5,499260244882204;4,7584133
615509;3,911617578820876;3,8533022
211442;1,5773251810947768;1,4716042
436846;0,0;1,2676632
260217;0,0;1,0907378
970124;2,3196443215831737;2,0294714
183311;1,4546321326917926;1,9690366
162041;1,009618143482049;1,2963285
927864;0,0608237293193496;1,2009988
569899;0,8083257660871833;1,0000895
763982;2,3358252053292605;1,3327966
669665;3,751709542898764;1,4831955
409913;1,6221720730081814;0,26931083
408147;2,617819401104495;2,9699018
900341;2,083512704783928;2,8694532
733565;1,0384446071240965;2,9035792
613073;0,5639573970033731;1,214752
691176;3,884884798333861;2,0852656
746267;1,2704413725364236;1,0245788
557370;2,3779269801431333;3,9104502
304691;0,0794291989079293;0,9268235
478450;0,0;0,07136667
975999;1,0430502211023365;0,7884475
898147;3,184758176617514;3,1061494
587746;2,422366402189424;2,728998
889166;2,538385730444764;0,64838415
882683;2,363851202578229;2,1664524
116655;2,4574330102022746;1,697767
884784;0,6696132507378529;0,881364
441106;0,0;-0,02069211
723240;1,2139527512557209;0,4506948
318130;0,5794318012388491;0,461912
528450;0,0;0,47579187
609860;0,9338537195107872;1,1959032
141387;1,0602485022878594;1,3858252
631446;0,0;0,3214782
656104;1,2360955608858184;0,91289437
687513;0,0;0,31751716
398016;0,3169548458786635;1,1707969
928701;2,501213779004648;2,6778023
821125;2,3915964440206263;1,7072495
419831;0,6743798887523953;4,574445
778214;0,0;1,7844841
786528;0,0;0,8880453
396364;2,5716927591487275;4,7858553
660044;3,290375878687529;2,545187
33904;0,0;0,5632633
626326;3,784179295322679;4,609103
90678;4,59019879170426;5,0186987
239152;1,5547142855123823;1,7671671
30471;2,58368706074919;3,5211148
839822;6,538856453767973;5,457443
989539;1,7656593683794624;1,0743212
771135;0,0;0,295037
516781;0,8139740258602699;0,23661208
566454;0,0;0,30372787
46501;3,092747370509949;1,7566857
849419;1,923641909296304;2,6671305
475552;0,0;1,4400702
90219;0,0;1,005917
48230;0,0;3,3506858
629073;0,1926301667066091;1,6716075
549374;0,0305424075567961;1,668512
838869;6,369647087350125;3,0123203
908947;3,075400792326211;1,6633832
477979;2,8613734007537484;3,151295
927236;5,544956927558976;1,9446105
555452;2,9595282426760283;0,6814248
86807;3,633342019488688;2,6583483
514598;5,1459377860829125;4,730129
599867;3,314255871247608;3,5265284
971804;0,0;1,0368903
251137;3,691130386256527;4,0920086
548546;0,4722998426172275;0,63304925
895290;1,3446834705586517;0,48317394
373773;0,5878517281012015;0,73307437
762430;0,0;0,19138801
369074;1,3479142284094667;2,7979963
417539;0,213093142440859;2,5883913
523902;1,6618126910123534;1,5645964
201986;0,9983032574450984;1,8522166
886999;0,0;0,391702
663175;0,0;0,021047056
471446;1,5391888079081442;2,1866221
203269;3,467653817282848;2,8033164
331390;4,714884026026602;2,2681599
415073;0,0;1,0575347
39278;4,5733273778222845;3,2052808
252570;5,0619990173276745;5,2094755
296361;2,651038092097408;2,1698298
106539;1,975503344416852;2,545898
718715;1,5082207464889616;2,8779933
575899;3,5930059457698507;3,4686918
580957;2,694467329563804;2,9167259
849457;1,0376606825930317;1,6839697
95764;6,645934790996431;4,8181744
872021;4,634166404851123;3,15395
89028;2,2876772631245723;3,3215709
214859;8,76841777864421;5,841467
992109;2,160793194625696;2,2414525
872614;3,216226957375734;1,0360396
285897;3,16160576595216;4,073511
600261;4,980205822819672;3,6738527
429870;0,0;0,21170813
872943;0,0;0,8143018
17228;1,0859459798103588;2,426238
170702;0,7535018093402859;2,6041307
135383;1,200667965555802;3,899295
274326;2,0153170955328665;1,1108881
199532;1,0509443071439384;0,55771863
614516;0,3344228820608433;0,80449
838012;3,486748679971105;2,5636334
337656;3,815778689466103;3,4168699
322955;1,8741338873551487;1,8784816
485378;1,7480144931621118;0,8051543
964753;4,085940440399601;3,8353963
268466;0,0805042581507642;0,11712551
106437;4,667989664374653;2,8483603
775481;4,886665584711098;2,8005722
17141;0,0;0,6258742
618121;2,99977997723205;1,6437395
969357;2,96719209300918;2,1242704
857088;2,379737221602213;1,8681308
791330;0,0737882666009073;0,51783174
398462;0,0;0,42008585
282282;1,80251066025549;0,77269477
895370;0,6533521048062719;2,3987985
342987;0,3975725974111768;0,4872189
251460;1,0963874885801077;2,3996863
869097;4,3441839336660335;3,0082695
945209;0,0;0,37274462
10723;3,002416148845973;3,008714
992760;2,031172607516904;0,8495594
610020;0,0;1,3673105
623257;3,350345360659915;2,6884146
932586;1,8902108906720407;1,6482083
283616;0,0;0,26991355
444981;4,217057102287445;4,045162
599033;0,0502845121448636;1,7038978
831254;2,628502646150599;2,664825
446532;0,0;0,18546563
839411;1,5324712552962243;1,0903392
422919;3,1951656990715733;2,499931
54339;0,03191784997177;0,4648037
817046;0,0;0,06354332
649692;0,0;0,16342318
476192;1,147674905992289;1,0720026
498987;4,008333204485557;2,3229609
936557;0,0;0,54546535
730116;0,0;0,4502935
747751;4,118866068933033;5,189311
373276;4,637669325047436;3,168729
294980;1,348255116178565;1,237984
386718;1,0490481058586156;1,5642344
960101;0,0;1,2338412
537542;1,1325923307215395;1,1219234
317700;3,880919444312793;2,0785863
791217;0,0;0,99052286
849962;4,847179291140545;2,9563196
873882;1,2646888430558758;1,564828
869909;1,040817581840627;3,518738
316017;1,4271350168807009;1,6984752
57221;4,0758849305236655;1,4580868
898172;1,0175141002491372;0,5660001
526683;4,376963054002628;3,993601
674838;1,2526167809244375;1,8785443
824411;1,497732516056142;2,050622
277099;0,5696128294824487;0,84191
482278;1,3534730075768329;0,8369711
214679;1,6915428459718442;0,7636945
548608;6,526952713587132;2,4257936
856844;0,0;1,7137299
742764;2,1257623855446743;0,5811122
587035;0,0;1,1987892
372174;0,0251893398671747;1,6169815
7760;0,0;0,99496084
326813;0,2644161784064562;0,9218693
692301;0,0;0,68892765
797741;2,240690392785932;1,7447007
819599;3,667257518926716;2,5871835
925641;4,03070596968692;3,0414326
56308;1,3848184475863956;0,5740814
310579;0,3542758978181952;0,32551348
517058;2,000601870193365;2,7561846
126769;3,013785760614561;2,9235475
77632;0,0;0,15438116
302106;0,7751661622385337;1,6384935
770676;0,4876542445287155;1,6095178
861353;1,8195081582652737;1,6381329
541502;3,419478856958317;4,5764875
677750;3,748466097776189;4,2493734
807918;2,988470960891501;2,7623572
501127;3,0219656957901924;2,553792
586536;0,972039113258922;2,345
737465;0,5345667505966697;0,29082045
395458;1,9296154918524315;1,3216267
166818;0,5308433849944917;1,1374269
298278;1,3636636611063455;1,8205633
343730;0,0;0,1469096
936331;0,0;0,8555032
824186;0,9494792184576396;1,435804
251577;3,5270981205532674;3,20058
152670;0,0;0,8946166
492569;2,809187331027606;2,8445742
768080;1,8327877700199209;1,0138403
385580;1,3017830922633795;0,7814358
844087;2,43994909744971;2,47145
466669;0,1583434880306079;1,1448016
862696;0,6920012109629368;1,8225079
35775;0,0883305344213035;1,0481427
362401;0,0;0,7635206
609023;3,708254362975575;3,2158115
527171;7,194617629886135;5,0218267
563753;1,1779569845490758;1,2514876
145420;5,013347106180127;2,7688057
168766;0,2992834865023186;1,6455216
247382;0,0;1,7183899
202887;2,057802950639567;2,776836
926782;1,07053168147216;1,0837653
79790;1,868789128577324;0,4842863
118294;3,505905094307645;2,5447845
183334;3,0292928049792245;1,1159441
649095;0,0;1,3571082
957414;0,3266691626113763;0,5182179
562758;0,6985484598039023;1,5622258
151904;0,0;0,74680185
34547;1,2702872524031752;2,8519008
973195;4,305426387794537;1,84184
882662;0,0;0,1317721
523630;1,069934181318155;3,0272446
729178;2,4745611226951856;2,1533077
591612;1,533536507341031;0,63786227
91921;0,1797545123907415;0,84740114
958740;2,9571857041322125;3,461088
506862;0,1902577181821225;1,1235694
205919;0,7789182489858166;0,85936755
81587;0,0;0,50267357
938130;2,19955122586223;1,7959936
302619;1,4988429281785896;1,7225838
264451;0,8754648875263236;1,8612522
882191;0,0;0,29267994
544049;0,0;1,0511436
820445;2,4806879919829217;1,0667248
498718;0,0;0,27492863
200523;1,1151608095606138;0,79500854
69699;1,0539194320384675;2,4682493
369740;1,3543387477919482;1,4372749
631701;0,4953584657431833;1,6226537
992529;0,0;0,49778873
705895;0,6817715553719965;1,953727
825722;0,1084333652148373;1,7310739
54364;2,375049417836953;2,4419389
534969;3,8128743057644816;2,9474256
939536;0,8255344450844466;1,5442917
84733;1,6656211713936264;1,8564811
428851;0,4621635649072801;0,646168
895898;2,780718600405512;1,1973906
715392;3,3942092465930687;1,6418521
700633;0,0;1,517659
824119;4,764664354869114;3,2598689
104912;0,0;0,15807998
583604;0,0;1,6614623
952691;0,0;0,30725354
198073;2,93558508048483;3,2208335
774726;5,663910186591402;4,6834717
225779;0,6106664329830244;1,3354518
748448;5,36902233441324;3,069028
246585;3,507937494987047;3,5474758
141828;4,306092000544939;3,401115
160889;4,048540558751396;4,305324
859985;2,581926842105395;1,6452795
730127;0,6485394217695353;0,32525486
113591;0,0;0,96930015
703841;1,754498698275323;1,4428567
701032;0,0;0,706266
42138;2,033065827679662;1,7379954
693203;0,2418022069717829;0,6117633
901566;0,0;0,25060755
331928;1,2148536162194852;1,8363674
289067;0,3409929330141623;0,29692063
721059;4,898055077502816;3,9523876
158816;0,0;0,7348626
16379;2,1400713323189464;3,051087
456952;2,7737511250094182;2,906307
130290;0,0;1,980402
606161;3,659521280076119;4,5728397
974031;0,0;0,4567635
695916;0,0;1,0195452
414013;0,0;1,8423761
638630;1,8803336148126064;0,47666782
186024;0,6541668402944575;0,2573769
865954;5,3521634086606005;4,026952
132200;0,4361903010314667;2,554015
997348;2,7839375630560843;1,5978595
711997;0,0;0,36539602
686118;0,0;0,6209505
802193;4,381076112553737;4,5324497
452481;3,544178722285948;4,0401278
264094;1,8359210052419803;2,5150948
961583;0,5665054546467388;0,77289975
785129;2,235241848625676;1,8752577
647543;0,0;1,6544727
604642;0,1019863262450695;1,7722025
263157;3,839833223159026;3,3856742
255975;1,5295561000388955;3,2064252
423147;1,9191707147016908;1,887604
271723;2,762013950814359;2,242335
116496;0,0;0,17313457
709910;5,075417867804932;2,3885946
825130;0,0;0,17407453
569999;0,1143907222404316;1,9594324
891082;0,6500236718377994;2,1146753
599284;0,0;0,53349066
138781;0,2717363556130299;1,2486241
294560;1,7232611016520325;2,3241987
690560;0,2608146850756371;1,4808648
331265;2,462805533706087;3,1555812
311052;2,977981970824599;0,83703893
237929;0,0;0,2565496
240834;0,4002557382538708;0,57808703
530857;1,4206894722028522;2,3663492
512349;0,0;0,6981533
66752;5,456830496777428;3,3016603
259986;3,7941448634000543;3,5765364
448861;0,0;0,50418365
396732;0,2627570634678718;0,5337367
382523;1,0747921058371843;2,237032
606905;2,1715856371165296;2,6264825
81892;2,6313201169421965;3,238383
723253;2,0494942661583875;1,5899202
762950;0,0;0,20110387
831868;3,2514826143704925;3,4983652
58279;1,5721685125261493;2,075717
649310;0,2177428468690002;0,9795
696853;1,7230655859177375;3,158309
70882;3,338236172706163;2,0012915
518236;0,3771105744281537;1,1073374
524897;0,0;1,9865638
317935;2,00123834656444;4,6253653
335608;2,36434971365093;1,8563855
807721;1,872284222917772;2,518189
817041;0,0;0,82638186
533062;0,5313952894093972;1,1760011
914994;0,6915382026128536;1,2791052
260439;0,0;2,1109266
362142;3,123832222614161;3,7675111
531236;0,0;0,15737927
5562;0,0;0,051974893
721677;4,1750879604390825;3,9395788
476845;0,0;0,22727287
329491;2,081514727141136;1,9607308
273237;3,4382790110935515;2,1377716
901688;1,4398177160047505;2,0348845
956621;2,997181291287635;3,1009316
38199;1,2235844639586375;1,4195997
744071;0,0;0,42509156
265508;2,198947879637802;1,2550061
222595;4,559574937131774;2,6003237
771823;3,2139104618483945;5,2093925
209494;1,928371931358653;3,546498
808580;3,400013398502602;1,4883857
182396;1,073099206897588;1,1985604
235842;1,9758712937771232;1,0681236
516884;1,0937696199122775;0,7343859
869776;1,3842416208809882;1,8292594
379801;0,0;0,19166565
34712;0,3054981167269499;1,2663645
945884;2,194766671353202;1,3576363
358275;3,10654985463254;2,0324054
18794;1,1803092582674086;2,7350621
694394;2,930714893995899;1,8646724
572332;1,5704042639777818;0,8393597
421825;0,0;0,23907328
440911;2,7005406172496937;2,315587
749389;1,160171062798102;1,6309639
514164;3,863736434708199;3,791694
73977;2,7068237739666587;1,1594402
707338;0,5554654751163595;4,1988378
327344;3,271519111896947;2,281383
206120;2,4054061485532454;1,5608716
811979;2,699396704610552;1,6684514
932539;0,0;0,5554644
473085;2,334158389363443;3,0578458
666134;5,109885261011073;2,7276666
87790;3,429857214174233;1,9231894
321231;0,0;0,55343235
811786;0,0;1,0923419
10247;1,327542257608532;0,63216144
285833;4,428546953927245;4,655247
850324;2,207904646292413;0,7405769
60951;3,1723829404107367;2,8311071
605591;2,3045245775771663;1,4463995
731821;0,0475887683294012;0,69938886
894638;3,653533929740255;4,3022346
969408;0,8106606447692132;0,75345033
952086;4,044382625915834;3,5462248
613345;0,0;0,36949733
590710;2,4522130650988263;3,8737602
923282;0,2754492649514537;0,6951599
31740;3,939310268718202;4,7720423
350495;0,0;1,1342256
296754;1,4233100990766463;2,5305905
950085;2,1038421505911185;1,9554057
959789;2,083103780358589;1,1969906
241364;5,921239797128929;5,675009
233480;2,582914941306228;3,6658013
628782;0,0;0,9677435
312867;4,857133277621884;4,3120995
878295;0,0;0,08533275
433378;1,4912998519872671;0,41217858
168952;5,076869781874256;4,304329
193125;2,724649322174397;1,8137542
435370;2,534968873434093;3,504619
882082;0,0;1,1921091
746287;2,1678095249282805;1,9113729
171247;1,1644822397210577;0,32004803
156634;1,841529859440564;2,4071279
576222;0,0;0,3754063
767966;1,3083599408535975;0,8731382
91548;3,2041729907044667;1,6451821
740093;0,333402385521801;1,0565374
1236;4,629599689563188;4,340582
618763;0,5342574652417628;1,3940926
216607;1,0406928322482236;0,26465285
490818;4,036882855271645;3,0381076
811766;4,19415688203339;3,410917
203236;3,9202216051671535;4,0327497
48322;2,2452810620431283;1,7792239
987750;0,7576596643234562;1,4387645
305635;0,3342836430988525;0,38166875
298738;3,551120157939222;3,4389336
440760;1,7574607831172198;0,98143005
385263;0,3999822494229142;1,0528105
365248;1,960978832561604;1,5550587
754407;0,0;-0,052164197
899015;5,242683266609667;2,499846
442157;0,2374950390719581;0,33369058
491077;3,39198560872832;0,76580614
539321;2,54597322912553;1,6786132
74923;2,6511198221052523;2,3446941
827616;1,0827274702939005;2,921065
312322;1,4281899391005666;1,759311
539283;3,3008785314285283;4,157976
248610;0,901546585569547;0,59089446
139560;0,0;1,0904016
51611;0,2177054462696806;1,1564462
448254;0,9977243971182256;1,6097136
474624;0,0;1,405089
705781;0,2720604275892634;1,723664
782433;2,804055023040478;1,5365635
579397;0,0;0,29090753
635345;0,0;0,63413227
494991;2,792963914589912;2,3867683
405341;1,7952562628618312;1,8987875
168335;0,0;0,5195751
138536;2,9541494910728945;2,9500878
23133;0,0;2,216086
993229;5,08266450567403;2,0494027
197332;2,358956632280272;3,8254197
535503;2,720972648275035;2,2375436
863872;2,7090027522334186;1,3819795
296492;0,0;2,599677
409906;0,0;1,4692944
198356;2,4230230003280315;0,66607183
747346;0,0;0,55700463
323776;1,7331770074759951;1,7454516
220710;3,6122392316387817;4,7831936
775034;0,0;0,836179
935417;4,278322244689157;4,3162527
443609;0,0;0,7603865
502297;3,1858950544902367;2,411879
396261;1,816836348612064;2,045022
582797;1,9865339958239256;1,1385188
679385;3,265150875912449;1,3568695
224558;1,0213189313836568;1,2571285
288439;2,5663824072944155;2,8865316
702725;0,0;1,0771687
369438;2,935640256062784;3,9038641
200559;3,784454903461303;3,8338938
527864;0,282028166768797;0,6267461
830987;0,0;0,5480709
169195;0,0;2,32344
445855;1,076261705167645;0,559971
636970;2,0940192111601306;2,7957125
807255;0,5840570016681658;1,6710813
29091;2,61054472602557;3,4410062
209965;1,358684494292171;1,704715
512514;7,24520497780687;2,6831684
395490;6,067682153930665;4,020033
592503;0,9883591667309248;3,9105964
216973;3,223250611427218;1,6307704
624585;1,5851777939587863;1,616426
707736;3,8215282770147327;2,7809498
756678;0,0;0,67057306
420564;6,507708702002895;3,0967867
793047;4,27147009593221;2,1156805
245848;0,7426729028400081;0,5569776
297391;0,0;0,9542129
405440;3,5753100592332308;3,8172553
114654;2,111587977840913;0,9010206
54360;2,540920276038856;1,6027657
946275;1,967376492913424;3,093618
591080;0,0;0,484036
439197;1,5746157978036264;1,6818502
816559;0,8042951750205808;0,5149979
597577;2,25089579829078;1,654919
928326;3,0155154834653715;1,7853879
978697;1,1409917343028015;1,9582114
343440;0,2690041335613857;0,6494514
875229;0,6992648372216987;0,4968777
575233;4,292931565773689;4,4285064
409279;1,800635883150706;3,8402798
776892;2,380237831952985;1,4708861
883701;3,4170274370960865;3,5335348
186180;1,105474338155659;0,8236761
284051;3,0589299564151875;4,6930585
925374;0,167886188299131;1,8952451
561584;4,715770112645999;2,253504
266325;3,1605025866920027;1,7808901
854603;0,9265078062317204;2,6038938
697431;2,478996531693928;1,65092
927430;4,326340017175452;2,5605803
481076;0,0;0,35729188
370752;1,9493598350061925;2,2628076
342652;5,290102624240881;2,830202
460652;0,9322516274764614;0,68053997
59476;2,609012273999811;1,8702023
252685;6,355705461421942;5,105195
633047;0,9864386436675252;1,368135
166785;2,794643828841948;3,515115
345029;2,202527086729074;1,5419979
174300;0,0;0,09115237
184578;2,0981600112388064;3,378644
120487;0,8565165211818258;2,2176604
193451;5,99160678655521;5,0787764
250204;0,7477998351176265;1,1888231
113498;2,727098542567396;2,5109596
874388;3,3319630356897463;3,0029593
199745;2,583702199869266;2,14426
144987;0,3588764454382165;2,042658
571017;0,0;0,52208877
380865;2,002799400212298;2,3121166
116745;0,0;0,9791771
122572;1,0238826697702423;2,6593719
135038;4,125255684349304;1,4925076
621343;0,0;1,0348964
896468;2,7776335505909904;1,9500091
804232;0,9340412529000433;2,1887414
442745;4,069289509065998;3,1999736
501851;1,7326912978684514;2,5281258
352877;3,2587058201450847;2,4487293
720723;3,039275811687549;1,5406617
946645;3,2283704918729548;2,4860651
315746;6,5727254630441605;2,9616544
901379;1,89364249603904;2,9888027
254703;1,2808713509006324;3,0490198
449593;1,992320563529177;2,4824135
148154;0,0;0,1573292
710737;0,9128478543886364;2,9209802
84014;1,6454671754931676;2,7480423
40951;5,551195825999695;5,108097
367682;2,1113444050184538;1,6746329
106831;3,4709301773678947;3,9267943
362325;1,8732019946705576;3,6897438
804194;3,892328905210893;3,2135499
22361;2,2189429019730005;0,52212363
548743;0,0;0,2858224
187019;0,8578819427561496;0,45520145
872689;0,5257057992543979;0,7959677
161987;0,0;1,0347631
36550;3,5235674261887304;4,1364956
856648;2,689612707074729;1,5076559
760162;0,1327494581509679;0,42375207
924807;4,966514463886454;4,207449
293481;1,5274571320395558;1,4893067
49716;0,7985238009377942;1,2666516
575156;1,5478803692878706;1,7414526
770388;0,0;0,2348212
408634;3,253692265704373;3,778609
130502;0,3107157046231843;1,6275922
402250;1,100826306838296;0,91396236
710519;1,435988325589708;1,899515
400797;1,244378280461871;2,9536402
40560;5,031886566170218;0,50100225
483812;0,0;0,29414263
371332;6,664143988770958;5,32971
720194;3,161122516043079;3,6026206
336329;0,6714115290615779;1,7148249
566496;0,23185253564067;0,8362214
575776;4,495546344163923;2,5553484
468694;1,2339736815511804;1,0595251
608600;1,1764065524610956;1,4040978
252779;2,448972660904519;2,3090985
265394;0,0;1,3800037
83390;0,7057365925846949;1,2623322
751409;3,820716718302855;2,8020523
383586;5,359298677881034;2,8487368
319563;0,5880014825435503;0,21812367
403034;6,653856271538574;4,480134
203945;2,539682226852668;2,2385235
221936;0,0;0,16856706
364400;6,426666100888632;5,8556385
713309;3,549068200123731;2,8780196
122294;0,0464025144844553;0,5369842
757974;0,287526277647008;0,99252206
716699;2,5754325581074515;2,0367062
295046;1,4499470056586254;0,699724
899051;2,8911553594724584;3,3775332
814676;1,0343130292281963;1,4093046
452427;2,888878455062734;0,64969474
239691;3,7957540063463298;3,7332573
798709;1,05342575538225;2,0678582
928855;4,139424358602724;3,4480588
100385;2,2804626886760344;0,86098415
928864;3,288207825801466;3,7531035
160805;0,2727953161984372;0,7333307
102569;0,4723067294799098;1,8951561
950665;0,5818152457592058;0,44712782
708573;4,460022761925277;4,5879164
783017;0,6327891866063137;1,1933982
514107;3,784117833216832;3,7140877
154323;2,308817730802642;1,7412777
193705;0,0;0,5541953
362306;1,0111342568887742;1,8174794
835002;0,0;0,48235518
501425;3,598860495759093;2,8213727
979878;3,317532894793006;1,8974613
458709;0,6668163343135887;1,7251832
7119;3,4660123507814715;2,0232415
409931;5,246556060607681;4,102539
895591;2,952191902325489;1,2130964
263451;3,528030912825839;2,8973095
225792;0,5467543943661934;0,7407336
108015;4,44280354237069;4,023921
557200;0,0;0,3472956
205800;0,0;0,5876916
690705;3,2314319601868786;1,8576808
159820;3,390344086243663;1,488637
45408;0,0;-0,067793846
45870;1,9311208341599584;1,1128781
472408;0,0;0,22468644
813493;0,0;0,75450706
607222;3,3885288921623675;1,4922397
552438;2,8618190293849644;1,4362916
389470;0,0;0,99519503
375247;0,0;0,18840736
71653;2,128688894510141;0,18131149
399610;0,3610242550168843;0,41715714
861786;1,5547018595760174;0,3346749
714768;0,0;0,4487294
905169;1,712910451933421;1,6170361
324771;0,3947653309210194;1,9852244
148017;1,8834962194739708;3,355905
705822;1,749147929467961;1,1466212
372798;0,0;0,15068424
60163;0,5896318712043811;1,8926455
28112;5,170969924915712;2,842026
501073;2,6375894822002444;3,986991
716984;3,648228908979688;2,1718707
716301;2,038683989850142;0,9037037
99397;0,0;1,1034186
744428;0,0;0,3908026
245753;0,5626852843032566;1,35001
495;2,5572691010204487;2,065721
320609;2,6081047316000587;3,192499
447226;0,0;1,303936
518634;6,815802913415197;4,6696434
913727;0,0;0,42504895
616584;1,286741916569442;0,52362293
105646;0,0493582323714689;1,0354829
120934;4,552469065116963;2,5210316
877801;0,4231154512724003;1,1244456
193594;2,0836757916546715;2,002832
879713;0,0;0,3184182
389734;0,8594327425843762;2,1736479
964264;5,008451239045852;3,2193167
625910;0,9146353049668722;2,4940262
676828;0,9058065343723096;1,5434111
498659;0,0;1,162479
931984;4,096792396420259;2,7407339
213109;0,4940872843127203;0,8860713
202879;0,5661878578897639;1,0800182
72839;0,0;1,7360467
584001;1,3375302635738882;2,4277253
299598;5,123084559817055;3,8602788
722549;3,470096110812013;2,4706755
731227;0,0;0,1965617
346350;0,0;0,50164557
766614;0,0;0,78561544
108699;3,437544874377909;2,546753
271858;1,2083394462739765;1,3294344
560326;2,494564989359506;1,0696428
705673;0,0472162898287085;0,5865452
595355;0,6158672811398095;1,1988723
605042;3,377746617190766;0,8710648
598824;0,1880537893581384;1,0411742
477735;0,1936718512794655;1,4260089
970672;0,4908739328369037;3,068708
831551;1,275814061582276;0,7418736
159533;4,814017946009608;4,0814743
321849;0,0;0,9712149
613540;0,0;2,0951552
61021;3,086898106828283;1,0888665
58806;2,867953703360813;2,6086226
351675;3,954269603622056;2,9919937
495606;4,7660646467572425;1,6603516
152472;0,9994070788587714;0,94352394
291681;2,379803449239946;3,3048315
1670;4,23902808288354;2,5451322
939438;0,0;0,28982458
223390;0,6579562425396727;0,53016466
938736;0,7364132426649199;1,3794197
818630;3,6798455106530734;3,9635859
868597;2,154454453791969;1,4601417
531396;5,629827392864332;4,8011026
591209;3,336236231589357;2,0423331
302904;0,0;0,5248446
40632;0,0;0,9941619
392880;1,171651138542828;2,0911965
995355;1,1265516689202322;0,9593086
341996;0,0;0,9373641
930376;1,1440665693543328;2,736068
851047;3,066479612356999;0,96012974
964791;1,3919716720476747;2,1605427
432105;1,7211941668331538;1,8455667
387740;2,4004671410295204;3,935449
437550;2,3206541117801303;1,3082967
137721;0,8602440109282296;1,283274
880272;0,0;0,2489711
928023;0,3477760913448458;0,9125256
875785;3,51512531193204;0,7063636
247108;1,828063275449293;1,2437598
917050;5,219950948515233;4,1074743
338222;2,9134590423800164;1,1929531
279060;2,7667086723716485;1,8852186
574546;0,6021161505122854;0,9859239
539964;1,656333154943858;3,018836
11734;0,6561998784296579;0,49126244
28868;0,0;0,3539593
343242;2,7978442250446074;2,933798
578671;0,0307670228351566;2,0041242
504070;0,0312908702008472;0,3686108
279658;0,0;0,28903243
145296;1,1078447175893302;3,1171484
511839;0,0856817230356672;0,48823518
567677;0,0;0,4038285
141135;0,0;0,31226313
965312;0,0;0,27958
398721;1,5550282743717845;1,3654513
921873;1,2882366294208;0,9792623
357431;0,7771107132527107;1,0056536
678847;1,2150015028434271;1,4467543
191261;0,0;2,233351
255748;1,0089035150821046;0,80915695
174034;0,0;0,37188876
559845;2,6077812068735344;2,486331
199301;5,152187972536289;2,9679587
369965;1,982608357946264;3,36432
895587;2,652457005780246;0,98300505
708402;1,724420125084448;1,1113728
653314;0,9111077098799798;1,5026126
405591;1,6159246638384552;1,4882278
809187;3,7292650458206857;3,6304686
490873;4,65894082670262;2,9676452
74317;0,7632030171766293;1,1409409
270169;0,7852433644122705;1,9491913
668599;0,0;0,4396168
258336;4,856615919808874;3,9267075
345161;2,2091632365135068;2,736097
321851;0,8141147266753013;2,1033056
515116;0,0;0,65763944
942553;0,3248864860995122;0,5824125
894592;0,7822184631597295;0,8913687
777794;3,6258571676443614;3,168835
966007;3,0796499631384693;2,1400857
992414;4,596327042655807;3,6084738
494892;2,717409634217967;2,2437038
803276;0,7942044476366353;1,6929426
747733;0,0;0,41305256
588978;0,0;0,24342155
431045;1,0186567120001158;0,7363448
593072;0,0;0,56443906
613294;1,104143589985256;0,43522418
528816;1,488707605915851;0,9876696
34623;2,460956920051545;1,5433556
559898;0,246164513373484;0,35896483
196031;4,114820228853896;3,5732124
171114;0,9945902587505936;1,1904017
421657;0,0;0,25207728
372989;0,0966766486585555;2,446281
117680;0,0;1,0978599
809639;0,2640662113421571;0,84702206
492638;0,0;0,44771662
586872;0,0;0,14979464
666072;1,7592110637323406;2,5419788
257746;0,0;2,1633885
304403;0,9495595131812012;0,33658624
227343;0,0;0,20269889
522896;0,2870771283031379;0,38479158
181331;3,932331282113968;2,34491
495140;3,775684239634954;2,3630443
457150;0,6467889911211973;0,7637447
6683;0,1225106552820571;3,022598
623062;1,955716156190309;1,569638
305997;2,1463688834847923;1,3723352
747301;1,0035792853069156;1,9002228
844705;3,328303312250801;2,8806012
647582;5,991235712367229;4,810611
665884;0,2732885975706487;0,9275906
746734;1,4930517251150857;1,4295404
661726;0,7530495892229814;0,50975305
318012;0,8837295832664191;2,334557
472369;0,0;0,47542655
8658;2,562312550446884;2,8559785
939424;3,668883213318221;3,6362426
380472;0,8444676892937144;1,401382
779051;1,631140934412571;1,1446213
788365;0,0;0,38621446
103934;0,0;1,1995325
665423;0,7027384405359034;0,88266635
217187;0,0;1,658262
182830;0,0;0,44396126
5437;0,1700938068690155;0,54859436
678575;0,0;1,1536375
960170;3,002731500177963;3,3071554
838608;1,5615625307279886;2,9295046
139626;2,1466501892865666;2,346918
459855;0,172413418342224;0,22226721
221018;1,6798699336886342;0,9946941
996953;2,115645490911395;1,2398169
892321;2,440627609526995;1,6316046
336578;0,429110114469066;0,27913195
929217;0,4032747834969405;0,6585382
695788;0,6576967330127955;0,8859589
710894;0,0;0,6974004
854848;0,0;0,91768104
557288;2,136958982397516;1,5597851
592414;0,1413017941216009;1,7180675
292259;0,0067917967707081;1,9082332
665049;0,7164908399886121;1,5571723
424694;3,797717877358713;1,5098342
201171;2,6906185707008823;1,6186004
819596;0,991157278432971;2,281859
295357;1,9971149403473087;2,030567
638131;2,0458185615496243;3,6629474
527647;0,3858970162530417;2,1035552
453920;0,0;0,18264294
505509;0,1961920256691812;0,16210914
562083;1,3125423244117909;0,72763276
478318;1,914138447189296;1,9750159
554590;1,178481096720796;1,231381
363604;3,271602209631713;3,9630575
674182;0,0;0,54158837
768674;3,046659771694069;3,323178
695385;1,0463805768271788;0,28526452
54760;4,490659730220701;3,0840774
70664;0,5015374992845526;0,82584363
96261;1,844877951971413;1,5504844
676655;0,0;0,42774644
983882;0,1846052029052872;0,81434107
71529;0,0;0,22929364
686507;2,9365976736258306;2,5802038
991794;2,910198166577012;1,4532547
340115;1,4013529977471944;2,223279
631995;4,185397361526913;2,7343614
859248;1,1408366762062947;3,315849
903743;2,882508084741761;1,9726819
333556;4,329777837285591;2,297686
994701;0,0783734463775827;0,9359448
64046;3,360128156950127;2,3986158
478317;0,0;1,435522
65289;1,053666033866711;0,67189336
12516;1,4881158653919269;1,4922457
288329;3,2451544745939;0,9109694
83254;0,0;0,3735141
60464;0,9738833572782272;1,5646535
459954;0,0;-0,14158583
342383;0,0;1,0184771
786525;0,8490672263177135;2,5974054
491779;0,8019674808256491;2,2780783
283133;2,512800015798641;3,3084326
840317;0,5099437500401208;1,1615818
83869;1,795262533701735;1,7880006
234901;5,038184114931375;2,687675
874605;1,8874772389843024;2,6990008
570017;0,0;1,4678001
946966;0,0639785063810355;1,4337006
801864;0,0;0,28908932
212801;0,0;0,4004422
516218;0,91088044905745;0,39878282
958036;7,068700230458078;4,321498
556479;1,3529385789698056;0,94148403
484862;1,833056371362229;1,1715426
998263;0,0;0,15663266
569322;0,0;1,2665753
609998;0,0;1,2981278
994251;0,636185365495932;1,7317965
32650;2,170687166265361;1,4200958
145100;1,30640569770328;0,6785737
192311;1,0336264252033935;1,2677926
215105;3,682823248274637;2,9787745
863445;0,6867494482965469;0,83668286
782259;2,720461672255447;1,2545648
765067;0,0;0,41847137
300872;0,0;0,61972654
86130;2,9011595221827973;1,8559928
469380;4,281893010489273;3,195822
312415;1,0423605328947776;1,3311853
782566;4,404898226680109;2,9977553
390965;1,9259896291919083;3,0001926
25892;1,0318791890274948;2,079095
899174;1,103190626084647;2,6517568
148989;2,2224471377951205;0,6144957
982557;0,2861117595697321;1,0504715
645503;0,0;0,8428599
875212;1,255515300101916;0,8804591
847181;1,291680480905956;0,42137402
227642;1,035557617389061;0,6717149
766797;3,468728610669853;2,9669166
448396;0,1449882967903973;0,8137923
888726;6,939830521181013;3,078331
92396;0,0;0,17828953
546838;0,0;0,9699867
446988;2,0306209169784952;1,7095234
392811;0,0;0,61137295
11440;1,7136097265929555;2,4185712
912217;0,0;1,8466463
890039;0,3174490018042102;2,0845537
962820;0,0;0,71508014
148581;2,3055793365958874;1,399858
331258;3,836980960945759;4,1263423
252372;0,1340113940529319;0,74545646
734375;3,733729184873172;6,769376
63368;0,5741063959182168;0,6934816
61812;4,605772673705635;2,1908028
291167;1,7447724155395528;2,7894127
149947;1,340110781157554;2,3590276
959298;3,0896899372404367;3,29058
265028;0,0;0,119986236
12137;2,2376834667217063;2,3904834
75308;1,7526455135223906;3,947797
682100;0,0;0,31875366
723146;5,67512527591742;2,779664
483788;0,1330600551933327;0,99224436
692297;1,5558758066774143;2,0391414
258062;1,5543045195668312;1,2907269
279567;3,064172397979612;4,218047
807882;3,117502879613049;1,5507028
500233;2,857371504465116;2,0725136
829726;2,7187372804196555;1,5078144
509722;2,270689274714655;2,425899
743721;1,3381177230665195;0,92099756
256199;3,334583630227504;2,4938822
7499;5,31046705979786;4,32181
308372;1,704649309041677;2,6983051
590039;0,8478190878920859;1,2484576
257755;3,853349358859434;2,6439834
473184;4,553036310801542;2,7789476
30755;1,2394137526637847;2,0676837
723687;1,6154743945896817;0,90623426
929928;4,816827632449915;4,0023575
36245;0,0;0,27941608
970626;0,0;0,45731622
130346;5,18439475886343;4,7797756
351404;1,3348595110749335;0,8519218
714173;0,5296536366184253;0,85948795
599645;0,839992167535284;1,0239925
581590;0,3943709172858001;1,1456317
739336;2,1384604809165624;2,7450757
188924;0,0;0,09753007
170103;0,7294734814851087;2,8490188
714037;2,122785632468783;1,4960883
812902;2,774507347799695;2,4845526
710736;3,320368733199339;3,2056136
837711;1,9808593536358965;1,7660819
191359;4,205856979594612;3,3983681
719371;0,0;0,20630187
567890;1,128922847620233;0,42263925
785253;0,0;1,7685453
369362;0,7801161589024334;0,8033104
82141;4,082968428632442;2,3377676
341849;3,563792102372922;2,1531138
751788;2,651838716233272;1,4930534
582689;2,8559030128794247;1,8038865
579376;0,0;0,9760331
194942;1,2919615732603962;1,6855648
381610;3,984658071843352;3,3675842
422618;5,483623487557836;3,0880067
318860;0,0;0,38872096
438344;0,2164035059360322;0,4423393
107537;0,0;0,36949837
600961;1,5316308058138155;1,0434479
904003;2,513526601873884;3,135853
785128;1,228997162518622;1,1048712
743715;3,477175246839394;4,0581055
462887;1,0947207039972635;1,5420911
6136;2,590286346422896;2,9512327
152309;1,8867350878429088;0,88491374
636293;0,4816544234975984;0,8827576
422605;4,393372838484683;3,018884
792309;0,0;-0,050859094
997902;0,0873129448564853;1,2792673
77913;2,475166019085898;1,9877908
472595;3,520941829507392;3,4263272
994657;0,0;0,40843934
616278;3,660408332885404;3,0591037
102582;0,0;1,7294295
772712;3,5084661034204334;3,2003124
522373;0,6512960431584838;2,904668
502116;0,7221171760886606;2,0394511
208468;2,993104916235993;3,6552722
445970;0,186793377331099;0,2717139
940455;4,531454879048826;4,0825005
606909;1,6128458777558845;2,7618914
702373;0,8509140018635677;2,1696754
881945;0,6520987932383973;1,3967396
794565;0,0;0,56427133
482219;1,5043082937504098;0,44097102
454524;2,270452316692668;0,6795188
18514;1,2116578285334858;1,0735538
879154;2,495876122592583;2,9648838
155356;0,6323640322921538;1,3078554
468201;4,106001647872987;1,9282105
831685;0,6137779782779267;0,54053104
220149;0,0;0,3627308
153429;0,5335380704600743;1,5992135
945682;3,802284598856355;1,9226396
743616;0,1704749874719915;0,3330114
593319;0,0;0,32825792
578866;2,645521126240804;1,343871
647888;0,0;1,5367546
947865;0,8134996769772019;0,96399856
402295;2,807451386398048;3,1287525
379211;1,5643804682455942;0,35507572
388306;2,487283577396822;2,157892
521773;0,0;0,11235452
365430;0,0;1,2190804
66025;4,367669122050411;4,3332214
403602;4,915443357999557;4,000042
534927;2,515611753375952;0,72559756
71305;4,704274150572131;1,7248893
755913;4,435778365895123;1,3018241
344551;4,845089388366599;4,443728
907669;0,0;2,4507318
158336;0,2335501486906892;0,23531193
878366;1,5558939135034997;1,3997142
959073;0,6253526102550007;1,1006038
784006;1,266050874704671;0,6214869
359073;2,7177425840624903;1,7693607
885120;1,7278485094030802;0,6290238
888172;2,2870477288943247;1,3112874
956326;6,257960819154679;4,563855
689112;0,0;1,3113952
139487;2,929544380151276;1,6842273
158332;0,0;0,37397766
851193;0,0;0,13250959
131558;1,198402769724112;0,83179516
382162;0,0;0,12363869
961851;0,0;0,5942042
301699;4,172876029904147;2,3518958
865323;2,8895377489065903;1,9245912
35482;4,290765593523442;4,156329
381492;5,279135112071594;4,220131
11834;0,0;0,54837143
659845;0,3314137939686181;0,62822795
562960;6,55076014765414;4,108162
561810;1,5141749472832735;2,0804253
687434;2,009596998306862;2,0946283
362143;4,837584555084327;3,7378118
309430;0,0;1,0336401
425179;4,237573451885843;2,4586306
786640;2,239901527327373;0,8527694
540851;2,983146026831012;2,809809
596963;1,9393952008758029;0,39814886
424970;0,9579417801280652;1,296741
11733;3,9368708779156014;6,3492813
557394;0,0;-0,005017996
284525;0,0;0,10566306
700517;0,0;0,51445174
376314;2,8812395987551964;2,756834
801504;0,0;1,795475
977646;2,897159590314337;1,8513548
349781;0,0;0,33739126
689788;0,0;0,2657236
493769;2,64364046186678;0,4082438
45033;0,387589069839654;1,2925922
541395;2,166908456305798;1,3492748
732951;2,436466718275855;1,3544047
301085;0,0;0,24511111
441730;0,576878612433334;2,01805
723296;3,725807365325771;2,7410843
741105;1,3793658837617202;2,0698402
753419;1,2503129364583891;1,5856042
151046;0,0;0,76975095
654477;3,520024720633576;1,466416
647230;0,4538988176951326;2,0071924
27783;5,121201715803279;3,7860835
753658;0,9461978630007132;0,44914523
496917;0,8312880659777276;1,468852
119158;0,0;0,5746484
763762;0,0;0,38932303
711836;0,0;0,86007637
935114;1,64300813808581;2,4414554
588095;5,213885883428423;2,961209
125029;4,123391337281472;2,5335665
394364;0,5074963547698308;1,6007321
460939;4,765833535167312;2,7825332
41341;4,648217507441901;3,3839624
977122;2,2555836053041114;0,34693718
977360;2,370033301837013;1,5814638
694350;3,222173335660752;2,2902398
108590;1,3170777692580828;1,7479738
294624;0,3825742436425765;1,512299
35368;1,7425243512095432;3,1917398
353030;0,9268849601925502;2,178112
485506;3,386043321866014;3,44438
182953;3,676620289225;3,4526057
196881;2,562123635570152;1,4379357
109284;0,0;0,6630461
416978;1,4192123663955978;2,9623053
392482;0,0;0,2936712
998200;0,1803649085910816;0,2483468
980032;1,6019499017946912;2,0620756
719772;2,4881327188049243;2,6296585
879303;4,67044350296392;1,1297935
368589;5,429477877587513;5,8993073
101750;5,063369114798421;2,208738
961128;1,1866958951933622;0,6076249
462706;2,017130744116232;3,43447
327208;2,166454857137806;2,5787463
374672;4,1907667901188965;1,9301405
481219;2,162929172405769;0,8947639
95497;0,1098075850988891;1,1771355
302579;0,0;0,14063895
134551;1,3359700333143865;0,84927964
989866;1,5938206593049222;2,6776195
386562;2,8684406510277194;2,7288404
992281;3,139043153516699;2,0805712
462615;2,792517931193186;2,9753926
185379;0,2606839350493637;0,23966336
685356;4,8556610714527935;2,9241364
373504;2,336073961140693;3,5711496
602757;0,0;1,0754676
47040;5,039214297172085;4,1635313
333215;1,147062582578832;0,5264702
995165;1,7608282171048044;0,38119107
173775;0,9384953247111292;2,5989814
574274;0,8272996125667036;2,3912597
238342;2,530546238378583;2,1887665
456413;2,783234127572867;3,0442379
132190;3,7532672094255104;3,1823342
991722;1,2950705603903558;0,22516054
128875;0,4073918474459796;1,2757478
522773;0,4326062319382123;0,49610987
267394;0,7303601366894107;1,8088279
743765;0,2753837180845446;1,9847745
730650;0,7512603974259768;0,12958366
260959;0,0;0,16808021
92659;0,0;0,6484848
47247;1,0004429902422785;1,2369888
625609;3,3317562834010914;2,0947459
685505;2,8656805155901592;1,033259
144469;2,702228011329861;1,3002099
141744;0,8296338017134272;2,0662992
591156;0,0;0,42453802
467220;0,0;0,48536277
853565;1,6237895844556054;1,3527447
85665;0,7198919553312653;2,7513335
807323;1,498319879012228;2,8452516
225260;0,9871852353072292;2,0036778
393552;0,0;0,44657245
612207;5,362014138440691;3,944433
297784;1,617636176786341;0,97253865
941154;1,6542814112855715;2,535134
171711;0,0;1,2815593
52137;1,4097793247524504;2,1459794
886887;2,743409170595491;4,0439386
741665;0,0;2,1119332
243981;4,25005915296283;2,951903
11332;2,399788908650258;3,1098409
607756;5,022139041665809;3,05325
740276;2,343975259444967;2,2857683
722970;5,64244446297636;5,2804995
987138;2,836858319264828;2,3372917
784532;3,898018197117072;3,2054994
505703;0,0246580387101547;0,9502635
522484;2,444922872712572;0,92756593
899716;0,0;0,29869944
731320;0,0;1,2133625
221613;0,0;2,817151
801952;3,454984368178627;2,729869
188919;3,855609426345036;3,7996309
756539;0,4210873649426632;1,2460357
741771;0,0;1,0180684
681478;0,3917595069241328;1,4087071
963577;0,0;0,64337003
625414;1,4466595167920164;1,7187427
474579;2,1554139737679017;2,083559
647553;0,0;0,8917054
360310;4,755081024300746;5,1594353
323968;2,1721701905854403;0,9399129
31239;0,0;-0,1473198
409111;0,0;2,4106169
309929;4,015589346593587;4,454594
661403;5,0770036105827385;3,178479
282204;0,0;0,12349367
233092;2,477200936309525;4,710396
887525;2,3769478606612453;3,42535
579792;1,7944956958833906;3,5347035
707894;1,9365673667291083;1,3111997
20922;1,7010296001698593;3,0266392
123844;0,8626320656141396;2,098393
236880;1,418111833555878;1,4707009
23320;3,4263391567640227;3,077697
269275;1,2637900915616762;1,8749154
123172;0,0;0,16103274
245196;0,0;1,7636638
686039;0,4445022359829722;1,2447035
341659;1,6698934855754684;1,1226455
738270;0,0;0,67845166
366952;1,1983081159959343;0,7434748
74980;0,7799617601594905;1,0072862
364329;1,6581670635307475;1,6163718
93210;0,2112103928556246;0,7954428
893330;0,0;0,8133939
564799;1,4607472071420349;1,4000154
875571;1,6388195928084175;2,3654873
14526;1,2865799497823578;1,0619507
145133;0,461672514393095;0,81599784
755363;2,1757061931392823;4,3515387
351948;4,526525771344776;3,8116076
870173;3,275787630056106;2,61748
207806;1,8535629881389744;2,1457126
917516;7,010434034725113;4,5454617
715725;0,6147370326488331;1,739917
389359;0,0;0,2447958
143588;0,0;1,3512688
338024;0,3734340546700379;0,64955115
987821;2,150315810913698;3,2805321
968748;4,067363179030083;2,7960658
164667;3,053428728119017;2,031296
262403;0,0;1,6292272
213219;3,706169443708678;2,5269425
885553;0,451817025070944;0,97600853
506062;0,0;1,3033447
391409;0,0745595494813304;0,06912494
261182;0,0;0,19635129
580037;1,2133255896726651;4,882696
739365;2,57410966207903;2,6236262
506782;2,922815352149244;1,693119
393288;0,0;0,19569701
366256;1,4796704284501652;0,42891553
164756;0,7805104910239951;0,6685777
719777;0,0;-0,23244596
13654;1,4519349295771204;1,6158347
406691;2,349016378789648;2,790807
160544;0,0;0,10218364
879458;0,0;1,3372796
725990;4,18596268175679;2,7011037
61514;1,4284302418090702;1,5464698
756745;1,51945212985739;2,5644553
324855;0,0;1,0743146
991952;2,5826454536834698;3,0379393
734887;3,847957423437532;2,4254577
132935;0,0;0,3037913
864259;1,33080573826466;1,0342443
106737;0,0;0,20719069
522074;3,980328888002864;3,4406083
608118;6,013443386396887;3,5359323
432931;0,8179837151601546;0,63371694
837856;1,4756822207496532;2,4583848
359921;1,5285886468181178;0,7449715
752131;0,0;0,27647412
892990;5,431879821823653;4,4757667
857383;2,735472541694679;2,9497573
117160;2,3634379552089584;1,6237276
659844;0,0;0,19171375
386806;2,5959952548028995;3,2517712
82861;3,5162689267028444;2,8456283
314554;4,886159628580462;3,668505
223684;0,0;1,4001949
504103;0,0;0,5751476
627635;3,1230029698189834;2,3144922
795283;5,218241441671834;3,9233246
934110;3,323139772016276;2,1850233
762953;0,3469928432306272;0,7333661
361855;0,4279493434852205;0,54794335
439383;4,755617702963554;2,7652712
207630;2,472138923089468;1,729105
430465;2,8002251135125844;1,6418476
293768;3,5470392311615893;3,4398935
129217;2,714007718459515;1,2182219
429892;4,05436641071752;1,9169967
418404;0,7903232042339383;0,7177109
444831;1,482143940578538;2,1428738
602402;2,200104083263347;1,6398365
925810;3,984822763077575;3,944563
605275;2,561194786508542;1,8695445
627688;3,278420442743413;3,2188418
136295;4,7487585720430205;1,0669096
160015;3,866704328941191;1,9231753
617714;0,4099795766689502;1,4223891
917574;2,8173850111509315;2,5812654
268644;1,880231641256825;2,8733127
567770;3,088416327803634;3,6381567
948933;0,0;0,43552113
127866;1,663790360801919;1,1544594
402577;0,0;0,300826
790925;3,274193286049281;2,0553446
316096;0,0;0,9018907
922569;2,928307085095447;3,5420635
705739;1,3403744293928903;1,0026579
668462;1,3225438662550886;2,1531126
52791;2,7807060225051807;1,3501532
340268;4,278462929615446;0,73347676
144508;1,482534151913162;0,54969704
348616;0,0;0,50786495
563180;1,5804263880612752;1,8480192
919191;1,96935725518408;0,92797446
554477;5,727576627200119;2,4335096
458912;0,0;0,47777414
300455;4,27059638030978;2,43614
781605;0,0;2,4713635
738446;1,5824616762910138;2,2749944
784839;3,038077634769305;2,530125
558031;1,4569478525277586;0,9815543
334512;4,477193417530023;2,2603612
253482;0,8892090538985297;1,3721621
724792;0,9583102658832194;1,0837924
398890;0,1259891177835612;1,5058677
726922;3,800115095748168;1,8972262
923422;4,394237164341319;2,6195023
13258;3,378228509178719;2,4430943
406836;3,228374085241337;1,5074711
499620;2,1029490711160816;0,3762884
971187;0,0;0,7865878
913454;0,0679347583096601;0,35896623
519551;0,0;0,15007651
746169;1,1307489720072226;0,85776657
513555;5,655227242055854;4,2257338
829222;0,0;1,2484515
533764;3,3701692632379827;2,5843265
557592;2,107996747780022;1,3060275
298073;0,620750304892099;0,25238705
25672;1,9906926249505663;1,1959851
443023;0,0;2,4788628
876719;6,4888237671603886;5,3937798
648686;0,0;0,83380425
316758;3,590767828470664;3,1909924
996986;1,7658173788846672;1,4375255
213263;0,8797928196681634;1,1973555
421358;1,5822202157880172;2,043899
674712;4,423720850451437;4,4666204
934810;6,011852868980917;3,254407
845992;4,492357372169921;2,8718746
585129;3,208659572758296;3,2595122
29700;0,2609341490505;0,8091253
600761;0,7884410274672713;0,8958171
44342;2,0805406521029126;0,9669256
593313;1,8125956152666256;0,9168793
599257;1,9180031505088808;0,37108728
802093;1,822068105196205;2,1702602
762131;3,2662544185420592;2,793248
474436;0,9523022558308698;0,52040416
514840;3,7052888384840807;1,8993282
511779;0,0;0,3860106
991814;0,0;1,8082911
900052;2,040411927140601;2,578529
732677;0,0;1,1860971
704324;3,1287187296796968;4,1746283
908195;5,3352993649387415;4,648793
357547;2,362693618946016;3,1615875
889305;5,315135173115909;3,5967157
533034;1,2627243597885698;0,7617264
219267;1,2837205501348612;1,511705
602909;2,3940172937222584;3,8854985
997315;3,728183071816592;2,1363854
425192;1,553897380467131;1,8787112
471986;1,7071775476715785;1,2177446
816052;0,0;0,88754326
496221;3,3978293772877146;2,5268137
957055;2,379126046301247;2,5700402
648994;2,1304292653443246;1,9288158
713679;1,480730531707715;1,2281054
860557;0,5564282692534654;1,4168826
311588;0,772992470529716;0,16230941
587869;0,0;1,1542718
974695;7,2445087222718065;3,9827077
341101;0,808434407802787;1,7632141
27247;0,2647427047283062;1,4709855
803597;3,597177479678616;2,2337217
678886;3,988369879005541;2,5069754
410038;0,423109075200164;1,7900229
581462;2,4127276847697674;1,4779835
680246;0,0;0,5088233
473070;0,0;0,14772677
486580;5,875933312777527;3,5536952
482348;1,1826910544677594;0,44336987
945709;3,523523292614539;1,5063972
217543;3,0734347791850096;1,3504666
279098;1,0357602167084636;1,6954782
976648;3,4190267836613923;1,581168
179301;1,6359372685837623;1,864006
491774;0,114528966135953;0,9751284
401855;0,0;1,0093751
59830;1,919721848130236;1,7203271
887090;3,4272627923190084;3,593993
189651;0,7815930466492991;0,84565085
811626;4,493131427629249;2,6369967
802248;6,47655847920888;3,882841
362238;1,6348851322736175;1,6363702
632247;0,7064820648862556;0,66580874
736329;2,1162746492659963;2,0539064
444687;0,303559685160512;1,4242104
86268;0,0;1,24401
174648;0,0;-0,14468437
470067;0,0110172150500604;0,31095523
90919;3,557138961053208;3,7723887
464957;1,9907114101425711;2,3614502
223835;0,264480208741324;1,3856486
758990;0,0;0,90370214
294484;0,2681372879172345;1,2026151
580630;1,989700194210532;1,7553463
455733;4,452648096358461;4,1478233
890084;5,604798955714495;3,9181654
227535;4,652703443361105;3,8627846
490933;0,1675055299417567;0,18718618
120005;0,0;0,13856483
790664;1,5095578168914012;1,1835599
147071;3,621308525579611;1,4841552
455445;0,0;1,9181947
311676;1,444836409076807;2,2454894
297411;4,674604869013318;3,1376712
449524;4,331671398566692;1,9315705
728644;0,0;0,60296667
143308;0,0;1,0885261
952918;3,971176483757875;2,6139817
229002;0,0;0,112924874
811742;0,0;0,41065416
445954;1,6090635663152049;2,519434
988452;1,012425761245798;2,952049
760741;2,770173324258104;1,7999187
723436;0,0;0,053346157
713694;0,0;0,42456084
617352;2,6511638865685323;2,0874896
454560;2,910851474763438;3,1090944
350265;3,471936278013997;1,3714927
309299;0,0;0,48498148
285539;1,259625198302834;2,0468483
399367;0,291862974448242;1,3863928
748049;6,107867524513849;3,4010088
265152;0,0;1,1904786
799396;1,9313732308022649;2,595101
707981;3,784570958461072;3,8998334
136355;0,0;0,5498816
374934;0,5528356328804511;1,2473913
393781;0,4375560007478221;0,48267087
887362;4,957766657029834;2,6560593
536768;0,0;0,14488101
276103;0,0;0,010230362
134570;3,6134913940970135;2,7475195
601244;1,4680505131973245;1,6992683
520897;0,6250868506969754;0,39327514
208177;0,0;0,69476587
900815;1,658802555477584;1,9687514
439709;1,2018735808297354;0,93906784
277823;1,916593051198616;1,4341592
646704;0,0;0,7585702
692746;3,6075447997376537;2,5150893
132357;0,0;1,1158345
287073;0,9836150197468234;1,6607875
881382;1,8596087732421327;2,3144364
550231;1,6853002778996458;1,9243313
392742;0,0;0,5297679
932912;1,8573946035248072;2,645697
345860;0,0568645646871901;1,9626491
757631;4,045053630457701;5,5862083
264223;0,0;2,4491172
526480;2,5456924557720333;1,7053456
312726;0,0;0,21463764
575394;5,097408745796376;3,3918877
581620;2,077811813937308;1,8230784
402305;1,268775403182834;2,080081
301459;2,023521210325928;2,4733973
696890;0,2811859805167582;1,2995433
469499;1,4055040820520095;2,3386874
322182;0,0;0,28535983
492384;1,9368031318007244;1,0087494
639293;1,9262387395023024;1,333257
71869;0,5892382742708393;1,0565262
681772;2,568277617215188;2,2631183
775690;5,920769061001578;4,0081196
902872;0,1561162216280604;1,2057761
561716;4,047060777995903;3,7291481
639889;0,0;0,3131795
528521;2,2132241910386297;1,7323043
981017;0,8069126809771383;1,1126719
643137;1,0158635991427138;0,38894236
820685;1,5601744126352508;1,8482276
682469;2,8240895186190205;1,4872445
687246;1,9890571891788709;2,8663356
790543;2,222888221117058;2,2962432
226352;2,521418482646031;2,1574235
219337;2,942015852732536;2,521441
110685;0,0;-0,033931136
210009;3,5475236341269687;1,8600014
482674;0,2628584566917085;2,2794678
751794;0,8742333009275227;0,6614553
701706;3,3862820334119608;4,1099787
910450;1,7600851613721409;1,9533238
183556;3,3051872552883057;1,1775259
273719;2,183090791164417;3,0377486
407684;0,4060900050890724;1,523389
630732;4,755169979873716;4,112955
386559;1,9513284198026104;3,1848469
877677;3,278448720733825;1,3514962
225282;3,765164897223552;2,0897818
732750;1,4314642634307846;0,8210955
294311;5,953895040030545;4,9969873
976106;3,146247678500905;3,1215923
438410;0,7516191847441975;0,65244555
638477;0,4671938417826515;0,39914054
645904;0,0210903056193411;1,1793532
603136;0,0;0,29539794
916752;1,7773251905434648;2,3151126
931034;0,0;0,35610616
311001;0,0;1,1932381
852430;4,979058915095005;3,9019144
446637;2,150430133295448;2,1513333
232484;0,0;0,17663497
282547;0,0;0,39675325
660070;1,814157496248625;1,0788082
977369;1,098781029781631;0,6557713
14331;0,0;1,0508041
47057;0,912747176014021;0,7843479
605364;0,969279034925984;1,5821736
1342;2,4093473491395407;2,3697336
168220;0,0;0,32594737
370870;1,2942593687769208;2,0365567
106783;1,8867226513021365;2,9914176
225092;0,0;0,4226271
868715;3,1620320865766294;1,9250348
15074;0,7470432890867025;0,29268098
875283;1,4653023997849126;1,7098482
906600;4,69419289648476;3,2350762
408518;0,0;0,21949244
43991;4,6751828280527805;3,2082207
714283;0,0;0,39247143
812166;2,9755648414053217;2,1612644
348703;0,0;0,9195315
751639;0,2758333025238737;1,2466594
242710;3,728898587677596;4,0008535
629888;0,0;0,89330983
286294;3,99260055670089;3,6209886
583401;1,4809441829157506;0,20474821
860767;6,692801297092599;5,620884
191781;2,3557183961153334;2,5435603
613501;1,0058202133128542;0,59305274
407615;0,6161684740637894;0,5057545
65607;4,724816848120575;2,923154
404860;0,0;0,28992924
108869;0,0;1,2442441
781107;3,131377751704642;3,6280115
247688;1,3174361240632837;1,4934447
640594;2,351502480288949;1,9541013
405850;0,0;0,097604334
803774;0,8320977460588251;1,9543118
95674;0,0;0,6336584
898148;3,2579122089020585;1,8141892
269792;3,354474274306474;3,4572623
110107;0,0;1,0390738
245824;0,5257155535648805;1,1528976
853183;2,667039137784323;0,86191976
361535;0,4271406759509714;1,0584537
769014;3,900885217243276;4,9751606
325964;2,265330371971181;2,5658963
314574;4,805045189698993;3,752671
88750;2,2998210212175163;0,5234745
275199;0,3042141623772962;0,46550837
6621;0,0;0,37925315
559412;3,146301555471924;1,8770292
427331;5,893489026992972;3,9497726
234818;3,4940988360202736;4,598221
151490;3,3132072553079146;3,270936
419872;3,2827573295493844;3,6763382
926433;0,0476882875021573;2,118371
278279;5,47987223753068;5,4380884
520501;0,0;1,2766867
252177;0,0;0,27932203
347806;0,6428406225056318;2,1599212
397445;1,1207465937564285;1,667278
857848;1,842995514625618;0,8596362
563510;0,0;0,40592754
442072;2,661041560141276;2,745878
110574;0,0;0,22061896
599459;0,373116034513729;2,027501
880454;1,0799413259705573;1,081877
489126;1,415395742151985;1,4969391
49845;1,2909392182011583;0,6851442
527842;3,2325037381910287;1,1752278
3097;1,5609579572700656;0,6793281
174890;3,714961607656508;2,9520876
477702;0,0;1,0429736
879960;0,0;0,21157688
888336;0,0;0,42351785
967104;1,444682303109189;1,9247141
347428;3,05174985258581;4,4971886
103912;2,904626891630244;1,854859
747989;0,0;0,88502055
85251;2,801533913585685;1,5011859
742099;1,9648515403208588;1,7901653
145558;0,0;0,38757572
652513;1,844163056666953;2,4605217
360617;2,25112409529824;1,7329155
576538;0,0;0,29663163
618918;3,2813446530826944;1,3581806
984710;1,9898953337548155;1,7448319
780387;1,9146074163766067;2,3847919
387247;0,0;0,4330322
719934;2,7162704227628995;2,0157733
362374;4,296787748023709;2,0764222
826729;2,02663654358921;1,4182216
11486;0,0;0,408153
696271;0,2124910112877085;0,92416
612780;0,0;0,1433258
168480;0,5749062909669862;1,4125509
269197;0,4722710113805923;1,6371526
21393;0,0;-0,07840884
676703;3,551575857255476;2,3552186
503590;4,480632923820075;2,652741
438933;2,528972205033857;1,4937552
285612;1,0272868626039893;2,155169
559149;1,4557180768293212;3,6924028
472960;3,1876949498412888;1,5565726
794090;0,876551927944544;1,6417559
690366;5,072724044963266;3,5874398
894437;5,23968964847981;4,8951635
77399;0,4142087084842967;1,1110989
331331;0,0;0,27438408
545005;1,80966835547996;1,2969768
273493;1,0515646715539726;1,0625507
857018;1,9993939681409656;1,393694
988113;0,0;0,35952055
824613;0,0;0,57212543
480874;0,0286103302322079;0,6630629
786153;2,367727431833901;1,7190971
877270;0,0;0,67353505
536933;2,7479387346724744;1,9484346
222011;2,6159336307335863;1,1357456
262558;4,118263569016481;3,0481138
832351;1,1825317195761291;1,3019986
806008;1,430633433042453;0,5553167
761927;4,839095601891299;4,2537985
61385;0,0;0,28713563
941181;2,2480284097469347;1,5362927
967940;2,1298083506155496;1,5940739
791315;2,4106373889564887;2,5669105
797609;0,0;0,40281934
864029;5,083709751248305;4,876191
791153;1,893591976141572;1,4161727
294482;0,9094374339625576;2,2409437
54100;0,0;0,5134757
784516;1,2491147217679175;0,616217
105860;1,335175305243431;2,241856
763394;0,4609953602922365;1,6148026
478927;2,8285109635031205;3,2556708
47542;0,1502073932255561;1,0169173
593763;0,9953320088180804;0,48375916
734640;3,332286416223914;3,963572
942786;0,8589032469227117;1,2643361
131745;0,0;-0,32009506
446839;4,152370889108774;3,2818878
993400;0,8178518909281235;1,3500873
656628;1,310112432817115;1,644233
215703;2,9028941115465017;3,418802
147798;0,4727788427934754;3,0635788
813031;0,0;0,8598529
187368;1,6267243986569555;2,4214892
161420;1,037492609295778;0,5553261
978579;0,9315347131093908;1,0473397
676972;0,7620471102925419;1,497524
530696;0,0;0,62597966
84673;2,7635523629594827;2,8767831
992355;1,787491670094032;0,81184393
766546;4,167624693947682;2,7638907
701587;2,9692582594012897;2,988476
787272;1,4870333714582071;1,0404434
661687;0,0;0,7198188
977525;1,7309931019199318;2,2512648
42179;0,0;0,23660523
241318;0,0;0,4431497
289625;0,7333260638804574;1,4610848
689120;3,349730049237077;3,1881642
368967;4,87559912773194;3,1381571
247805;0,0;0,76165456
508386;4,574491469910146;2,4142375
484436;0,0;1,0001669
624288;0,0674748514997887;0,9811571
555227;1,627222791167657;1,8890018
335068;0,1334927295791229;1,6756978
302886;3,621204927383277;2,713837
284625;1,3723148780038863;1,9366939
753786;0,0;0,12775457
220887;4,346049934380559;3,1425297
578573;1,7646561946025487;0,433752
864237;0,7370799841990834;0,7570998
841691;4,200425083626088;3,1651347
928559;1,38374958094097;0,6870544
347761;0,0;1,4092286
878168;4,55824216407821;4,8465242
179136;2,072469144605477;1,2147093
501312;3,2911119065554733;2,2047887
512089;0,0;0,09815377
658345;3,742014834469109;2,4216413
405123;3,42410500256576;3,044326
219449;1,368134779049783;1,0851097
203158;0,0;2,1111274
831213;1,883076470982666;2,2604713
9767;1,522153628842593;0,85420823
403509;1,7807855191451791;1,1356899
643773;2,1796546813621123;2,1297045
187484;3,191997847858085;2,1744556
660499;4,350942957123257;3,7246492
799406;1,0387027803556386;0,29447237
59022;2,342559152348886;2,295093
642705;0,0;-0,031870723
127139;1,91385938642852;2,9809854
187713;0,5746080820934718;0,36264136
335939;0,0;1,1569448
857053;2,670292076642132;2,4950142
929318;3,929387013208322;3,4416358
410991;0,0;2,0212321
823069;3,237604355899123;3,1940944
997837;2,828575764568789;3,5675676
839786;0,0;0,51691055
502561;6,755304096773871;2,1336038
385887;0,0;0,7075622
323357;0,0;1,0635409
356068;2,0773067508502807;3,708148
200398;0,0;1,1340119
672916;2,0923874289190243;0,42430592
12501;0,7593461400863994;1,2959421
425929;0,2778877815800363;0,69894373
673976;0,0;-0,20365673
840532;2,383904594622736;1,5623722
482004;3,5894474382962787;3,876044
521501;0,0;0,011325538
355394;3,9939703675960656;3,3721206
501444;2,70235126345908;1,2833251
786504;0,0;0,6232759
362182;2,1084951279302744;1,3994998
642427;0,0;0,26389682
57021;0,0;1,3917177
629136;3,4412374998373165;2,3730931
64248;1,2853027330542792;3,2977803
46108;1,2258099494328882;2,6458783
797174;0,0;0,8993874
119150;1,0271571966034316;0,5488812
523846;2,5604361639461133;2,0481887
932907;1,7578723221899697;1,8000913
546936;0,0;0,27184552
489352;2,998288273404528;2,5076609
713481;4,754173875559277;4,54982
216285;3,499784075881945;3,7727535
550930;2,1783479215675188;2,967104
296005;1,5305371842120254;1,6369015
178549;0,7434643301359323;1,6804719
862828;5,891260105006806;5,3134165
672291;0,4323483839697946;1,4841585
827290;1,6444485677064586;1,011112
320041;0,0;0,30058396
561;0,982972299249152;0,73453164
503586;1,7454592226169012;2,0470617
879544;0,6425697902800209;1,8225198
535474;4,902020320107024;3,0812857
992580;0,1990132816981144;1,0110413
954244;0,0;0,4257381
994413;0,0;1,8826225
67604;0,4960187529765461;1,3204603
26997;0,0;0,3956375
650333;0,9726577099449903;1,0170219
650011;6,233381465401985;3,7357867
737493;3,721339029926928;2,6013846
148747;2,643477444074503;2,350607
896612;0,2969176064354209;1,1600081
187479;3,401714908366767;2,926407
377785;3,889640453511261;1,515633
123256;1,3484086035961236;2,734072
195284;1,2829419663880708;2,2408233
48697;0,0;0,7323038
749595;2,7263496975977057;0,7211818
163627;0,0;1,8495132
682775;1,6181751314250956;2,9737358
171813;0,0;0,21609652
896392;3,761698586166177;2,9442117
61941;2,7212432334200374;1,9074477
604906;0,0;0,63209593
734921;0,0;1,8314762
139541;2,6446232312114906;1,602703
226263;1,2126406172133737;1,7363484
757880;4,597879727049937;2,713306
250447;3,060743666499766;0,4374438
549516;0,3361168420086121;0,42242944
858249;4,130230146031192;2,2155147
22351;0,1681871540438069;1,1081266
278905;1,5454487193875244;1,2812883
603759;0,0;0,61706287
491807;2,558274049748815;1,5438849
214120;3,76467239561295;3,183234
793935;2,811487690884982;2,4130006
814733;1,0871690023990834;1,575731
752184;2,140613053902596;2,2539268
188119;1,5616148149060871;2,468898
45901;1,9848116623854053;2,332056
154180;4,487842376611879;2,7770572
28319;0,7182680631745941;1,3424563
578826;0,7476936905446105;0,9982976
679587;3,2938078834877063;2,7602758
621375;1,104241375880641;2,234418
485205;0,0;0,85137177
365663;0,5977697839952064;0,59565115
792313;0,0060994232779603;1,8176384
73491;5,55746204799624;5,590231
49002;1,779869949598594;2,5094566
378551;0,0;0,5151644
967216;0,0;1,8840189
624012;1,196886386587112;1,0414
559938;5,052060567258447;2,693581
817614;0,3017356152020044;1,6908782
149885;3,168247603835183;2,2814615
511409;0,5153972838384276;1,090268
843923;4,1109032691499;3,8022366
179398;0,1024879339539147;0,34607074
300099;3,213396898003982;2,2234817
907235;0,8865629415064771;0,66543156
662837;2,295755428887403;1,4957111
325114;3,088198730751936;1,4184966
882784;0,0;2,0069907
591075;1,3020483149767257;1,2100878
188986;0,5601219384990902;0,84612674
747539;2,693006630421455;2,6862245
452551;3,1159857994545064;2,6712227
294243;5,08282233399969;3,9841924
587318;3,0325532901792003;2,6855292
739807;0,271694942022175;1,0469011
946833;0,5637690494209224;1,6392031
571699;2,886194992925861;1,9685814
609926;5,823840675508273;4,731178
11594;3,070582992780624;1,9291995
115979;5,274425475337307;3,5890608
866980;2,122930489539584;0,87911856
329674;0,0;0,18555385
338973;2,4621716030258;1,9381849
416560;0,5816303388461301;0,5795289
37457;2,067415555861383;0,6317627
415487;0,8851308283221125;3,4721603
349985;2,806327062701388;0,9596808
154599;2,373055329907581;1,8948829
830468;3,646028571673688;3,2300727
51930;2,5343853873173643;3,6779702
185455;0,0;0,14188892
297091;1,964196624587925;2,3279834
501097;1,4819376412642538;0,33486336
145943;1,3133145039351528;2,7680612
887938;0,1427904389265797;0,4578482
888533;2,8879880314765747;2,4804966
323423;2,3217481798986253;2,327943
365239;3,6469245080081945;5,0946913
65210;0,0;0,7943626
647432;2,312050808113781;3,4144113
779188;0,0;0,20046091
505186;1,149832797013677;1,6686136
254428;2,1236179240933595;3,1701314
419151;0,0;0,54644924
766894;2,149937695052138;2,7760363
621927;0,0;0,3199731
989417;1,5653074455753355;2,359945
1432;2,342193705013912;2,6555781
936753;2,9809143393707784;1,627189
638295;1,9165120150010089;0,91722745
760617;3,0076922780777227;2,975667
270164;4,024119407874841;3,9405298
644513;0,0;0,4895615
689942;2,2116046184763887;1,9967182
623007;1,2790353262937448;2,072328
132472;4,088888111754419;2,6134064
218064;3,14105344717492;2,4581418
307526;2,306419516245447;1,925983
113933;0,65785192593835;0,2911357
235446;0,0;0,29274768
718791;1,9683525689570187;0,34052044
519810;0,0;0,15447915
213727;2,890780307694999;1,4182781
197364;3,6219477423569;2,2527516
675981;3,8393522003446536;3,9383154
283873;1,604891074398869;0,2755257
166587;0,0;0,8943076
483060;3,110492009161921;1,8208684
236112;0,4821807457185774;1,7971475
750702;0,624674453888666;0,84252375
784271;1,527292156900547;2,2837553
725975;1,731019678672704;3,2177374
658586;1,1443409032721523;1,665122
609437;1,969742679456865;2,9346168
837760;3,0127098329768547;1,6400735
760668;1,6543512980307171;1,2113192
513329;1,78709322170342;2,0453835
477770;0,0;0,04114294
802984;0,4385908738982536;1,3969052
669084;0,0;1,1020765
335312;4,994489274530531;3,7291727
448055;0,164232875647718;0,0134961605
138582;2,9681818239675604;1,8095657
268657;1,0168736165895151;0,44084075
212707;1,183051946377212;0,65722173
341286;0,1047213834617073;0,3173918
803532;3,080058628338774;1,6163523
499383;0,6391651937646836;0,4259559
157630;0,0;2,0658925
859637;3,6835869946466384;2,7970848
164438;0,0;0,12319851
433944;0,7008601067121241;0,5502042
480534;1,1195841482597002;2,5091038
257395;0,6932897284431041;0,96753705
490649;0,0;0,45719606
928108;3,040053993151786;2,7005208
807615;1,858640002395476;1,3434732
196492;0,0;0,56540114
100000;0,0;0,31596684
404954;0,0;0,9159933
134667;0,0;0,62323654
389290;2,1509806623030503;1,0295435
269315;0,982741015974394;1,418675
848452;0,0;0,6017117
814215;3,51822832856302;2,5198572
863578;0,0;1,873824
218073;0,0;1,2828376
949512;6,401028614649565;4,598884
111096;4,769208196713432;1,8665066
529125;0,1969318655447693;1,7410349
980360;0,0;0,4956472
287806;3,294147483434676;1,5515957
231253;0,0;1,52216
679377;2,490739266117316;3,0543191
283607;1,3192439506259257;1,4151359
716600;3,950264457169265;4,0298023
188582;0,1424220331769674;0,33495516
874380;1,7858796034930244;4,0116844
472605;0,2528725743705642;1,8258247
370127;2,662782279980071;3,4587228
569046;1,5643943546730772;3,8567111
67094;3,968592205225746;3,7915897
239228;3,9431812984645136;1,5590391
385972;0,5238849970554814;0,95613843
195720;0,0;0,73697156
701704;3,460698001610591;2,3721519
601512;0,0;0,3158209
46076;0,6939439396693274;1,1031578
389849;0,0;1,0101097
949581;6,908395281885916;3,815297
162004;0,0;1,1051145
37296;0,0;1,7679986
809467;1,4969204472393596;3,1565158
643197;4,872632375380425;4,0480404
418346;0,0701936378193339;0,74923253
642539;0,6465790703148717;3,3037155
219260;2,686004323290089;1,1249025
643624;0,0;0,7671321
213788;0,0;2,5729613
296707;3,442261833122536;4,369403
417956;6,230610930107571;4,0196276
957550;1,8956212909977623;2,465468
175412;0,5755427761751063;0,59528446
553064;5,55198114616334;3,6725814
955995;0,7548450789630742;1,0415323
716645;2,8481316937941896;0,9214179
218096;2,7176463392944643;0,92037994
622070;4,089515702777243;2,2773812
736318;0,0;0,44475055
120412;0,0;0,9866009
963199;3,4499974207053064;1,283421
361300;1,942509246934597;2,6342263
985307;0,7954783240246104;1,0517955
314683;0,2534739340786041;1,2355635
673139;0,0;0,3230296
232215;0,0;0,28355777
810669;0,6978219405815866;1,780789
602723;0,0011654516986826;1,5274401
126602;2,0090071005692893;1,3550954
811249;0,0;0,65712124
78514;0,0;0,30181658
190961;0,5659307015357795;3,6297808
427742;0,6124970497730499;1,0557262
720126;0,0;0,27196395
70084;2,254302728208427;2,154132
199924;0,6747984239357772;1,1932914
423341;1,8948832035296443;1,0117378
939395;4,781138945519091;3,7576687
822884;0,0;1,4242458
383822;0,0;0,3161643
170469;0,0;0,36974472
84564;2,030849400485552;1,4541372
162542;0,6238980757264575;0,45388615
432176;6,264120029092355;4,2821302
697031;0,5352835042495826;1,3611636
85715;1,540285370755744;0,82782435
565506;0,0;1,3013041
131865;1,7623752841763138;2,2704794
61497;0,6581998153532249;1,9057419
738585;0,0;0,41499853
569423;1,0614316626497486;3,4178073
208082;0,6322204041045657;1,7229979
524999;1,009156851682622;1,7870835
180171;2,1460620756241173;1,089921
420521;0,4931673614207498;0,8489314
172275;3,4593928585654883;3,097896
473212;1,9083976371247853;1,1580613
934144;0,9387204066917127;1,0780201
86806;0,1091769987360319;1,79105
206588;0,2112079974684173;2,0755913
676316;1,880733624103671;2,0217881
575562;1,2121903768759494;1,0246975
147276;1,5581289435320578;2,9637887
334267;1,604294669684084;1,2938888
515466;0,0;1,3012922
159070;1,6875914892323662;2,7019928
278174;6,480804687876494;5,0253773
284073;1,5605647117939916;2,9370413
172338;4,43835023519696;3,6467288
831439;0,0;0,67770886
577702;0,3455476141299795;0,8237364
465881;1,4900924650627905;1,8817639
458852;2,1455582864034586;3,282462
243763;0,0;0,22019827
182661;3,4681096440813617;1,7242098
57302;2,6910682056242274;0,59311175
729063;1,3304472120356317;3,0447097
12532;1,2921957513395554;1,1058575
844000;0,0;2,1126752
567894;2,200931725503181;2,4345393
383427;0,3323142581506738;0,8051826
868816;5,330641800548851;4,30851
392718;0,0;1,2219263
105982;3,1125484516071467;2,273517
17612;0,1706851624550103;0,66957855
558275;0,0;0,23198408
118536;3,128685129473136;2,8383
769048;0,0;2,211058
674088;3,322327450541673;3,3501806
83788;1,9215687588940016;2,2860107
747973;0,0;1,9642692
639733;0,0;1,0663619
769323;2,5761803819083093;1,3133922
735988;4,956405080774704;3,6971164
433070;2,013981543707795;1,4031272
282746;0,0;0,33750954
102379;0,1619254885253589;0,53272945
695778;0,0;1,41071
538613;2,781117058297146;1,8888991
939734;0,0;-0,112237215
817972;0,2409858677592046;0,4836351
144969;3,210171894425911;4,217044
290386;0,8169897805783171;0,4903993
935012;3,373567714355773;3,009113
709376;0,0;1,4416533
139349;0,0;0,32365403
396535;0,7152266452184102;0,7837639
182245;0,0;1,6620725
60911;0,0;0,44689623
741640;5,390375354549452;1,0729196
995825;2,9205111591496955;3,7064984
854787;0,2950628818247933;1,2069376
620436;1,2435233219362307;2,7492187
130271;4,530814437745346;2,4612408
725785;0,0;0,6142963
132366;1,8875991671658952;2,08501
96132;4,090625091943736;3,1263478
545165;0,0;1,0412529
320655;1,1142107316360947;0,72385055
53596;4,907898459825424;1,7630041
958764;3,002287597020573;3,1338773
795888;0,0;1,6489589
12154;0,2960455058744848;1,6700351
453127;1,2977096308676392;1,0390749
805904;1,2988369161518185;1,3650724
258301;1,4765111397868396;0,72992647
50159;4,578521192317051;2,9503715
232672;0,2229675389632077;1,1366382
284030;3,8369362426144793;2,644662
209259;0,0;0,0961597
887355;3,823021390038965;3,2249005
66515;2,387495338546932;1,8184624
765028;0,8714092665881353;1,5835878
92028;0,0;0,5867491
7686;2,6952645256117607;0,85385764
882333;0,5038939437303311;1,8404458
309379;1,1900084739055836;2,4564648
494897;4,029058989339354;1,7250429
923571;0,0;0,24225724
842803;1,26935488869143;0,4804141
938732;2,094924620055747;2,6896148
865451;1,552939320185092;0,9894795
877816;0,0;0,19933295
639151;2,416539827553488;2,6247468
198985;0,3280604229488473;1,8594775
958728;1,4212819361017377;1,4540772
306529;0,0;0,1143657
29010;0,8740975994595437;0,6474094
102281;0,2226540499329919;1,142582
95454;4,187101435670875;1,7654512
870553;1,9550893431582728;2,6755388
607767;2,063718380415442;1,3028417
737541;0,0;0,5427316
40844;0,0;1,9920192
561748;0,0;0,29395005
82461;0,1010691328584482;1,618927
872455;1,491679482896119;1,2239194
954516;3,242636251987636;1,2822025
993077;3,7236009855574856;1,4263645
115754;4,131276042449923;2,4846458
416580;1,173061879952506;2,2427316
248601;0,0;1,1437829
451233;1,8967991291663344;2,408679
870080;0,0772303068181105;0,85396993
506759;2,36760128549496;2,327195
981614;0,7923366718881024;0,88298386
44858;0,3053756455583838;0,2948254
590743;3,625006615350334;3,3498642
317316;0,9360456990494808;1,6756146
849031;0,0;0,19576573
920917;2,44594809280416;2,362457
75847;0,2188036617518414;0,52519345
748706;2,288560501361877;1,2769219
106966;2,420940707232877;2,7060041
682040;2,218813590055998;1,394589
385470;0,0;0,8282848
625527;3,316350224067431;2,9857266
612994;4,176960960932725;4,7213793
325106;2,601542392985764;1,4775193
319343;0,0;0,9231723
839648;0,5159379168325653;1,2768334
107297;3,875707463822252;2,8888035
981324;3,240244338641661;1,9764245
394588;0,0;0,58607846
791177;3,893620883884978;3,4493353
330433;3,656575363817967;1,8886861
798069;0,0;0,51612425
141367;4,369472511046215;4,434119
11870;3,026314729473517;2,6807194
338231;1,134261468720906;1,0745358
53328;0,4618586729043062;1,2951397
110422;3,094966867232782;3,6907094
992095;0,965798362791308;2,138619
443521;0,0;0,80919695
143667;0,0;0,31092584
930252;1,044939544875355;3,3095517
306398;0,5640802410681814;1,5855817
372632;0,0;0,9580832
541438;3,214175630956788;3,5515645
963651;0,7666680623113686;1,1138723
140609;0,8075372740202706;0,5982744
734721;2,106244865831793;0,8576754
126432;2,003049627991683;2,1786666
53718;0,016113385442951;0,5376098
12756;5,710854214777694;3,3382928
870717;3,120006718941834;1,8598835
959729;2,402199007596704;2,0856159
821382;4,037283730534053;2,759616
940057;2,206553131312168;0,9898141
215777;2,3932520174088725;1,4318066
760841;2,018139706583315;1,7466922
205547;0,0;0,6245675
648596;0,0;0,20926106
292233;0,0504032935572382;1,316536
98678;5,974077524417459;5,0448246
471117;3,5006187791158423;3,845137
971479;3,7328507729415;1,7448071
758243;3,0946516970064826;2,896581
851550;2,79000192255869;1,5207361
677109;4,01803740493374;4,6197987
559579;0,6265089083658684;0,8166701
833335;4,963113729117582;3,6677988
557047;2,2336473304490023;1,4974833
181838;1,4846185243337364;1,6197273
493577;0,4418748226538775;1,3784928
203313;0,0;0,4377392
398965;1,8277190099999248;0,9744023
54925;3,1995906655903905;2,0305285
391403;4,870459872736287;3,7027326
767518;1,937991975894163;0,80423015
250964;3,7025033319567617;2,422863
750283;3,79284595680944;2,6920156
539461;0,0;0,3660857
586818;0,6127941150734949;0,82147783
481099;0,0;0,7338838
673739;4,408403259231001;3,4829953
833281;1,953166900623008;1,5062395
734154;0,4834911272371129;2,5038126
740366;1,7267517352609842;3,523383
334996;2,2736110995624923;3,0163515
952306;2,568286658257379;3,1822946
950633;1,3909273219451763;0,46184245
214756;7,235723036458263;5,504031
873131;0,4787053513076076;0,74135077
850100;3,337575650295027;2,0039904
412643;1,7321573354765765;0,7516225
636868;2,071347673476654;1,2624228
300454;2,514907256837663;1,4609208
619072;0,0;1,7019384
864299;2,237734669400284;0,52564627
773392;0,0;2,1104145
510692;6,401600229288754;3,5397422
626977;1,7608299868494748;2,094728
237311;5,276801510468081;3,9401908
106408;1,4687952668917852;3,2889812
343856;3,615748033129754;1,3839694
314113;1,4322597513034965;1,4035993
990265;0,0;0,06363171
625453;2,6786483414049704;0,88485515
986142;3,627340208798042;5,26068
613266;0,2912384298284129;0,44049847
560679;1,9269892407356544;3,2984626
933976;2,9782249682014403;1,6280589
699634;0,2463566594264064;0,9480704
258167;1,851303309817789;1,559937
227585;3,79570064105255;3,6077068
180632;0,0;0,52181923
218617;1,0672122798303978;0,62824726
209979;5,5514621113092;3,7496274
747287;2,8157435305888368;3,0180125
527340;3,0842795522511137;2,813418
203108;1,431595929152603;2,1268868
335515;4,772351923362293;4,093707
277132;4,611436345239431;2,842543
840073;3,4125569969414125;1,8451307
361611;1,5188335487457996;0,42026997
770594;0,0;0,81419665
522772;0,0;1,9510477
875093;5,097342233544782;1,372305
62821;1,5310773911133615;1,4668071
576219;1,1809100588611106;1,6808125
941876;5,622044085624861;5,807274
152037;1,5471875324693924;0,45566502
12751;3,9527519851926143;2,4496074
881664;3,153142773114249;0,5590377
20854;6,166546938801828;2,8008728
131205;2,663291732805862;2,4088273
114563;0,0;1,2873628
741397;2,3251231572504745;1,7749785
817993;1,106415615266732;0,50062925
524922;0,0;0,14981389
696328;1,5592754984896446;3,509259
517637;1,155268655926518;0,84719145
850686;3,282046085801453;1,9239261
937152;0,0;0,59663206
122968;3,965909795807322;1,6741211
254226;4,205749115627053;3,264747
734670;2,3134121221126684;1,6045773
653711;0,0;0,3843678
653174;0,0;1,1941671
986417;0,6367747680831677;1,9168782
459806;1,575001136564056;1,7212709
557350;0,0;0,9915052
747700;0,0;0,59155023
405363;0,0;1,6118721
870622;1,1430378242914865;0,34164286
96764;4,522275572488661;2,2456872
58649;0,3036154267537627;2,301227
431927;0,3485683030567391;0,2876319
762491;0,5613502497607533;1,5859013
595825;0,0;0,7117823
574848;1,2120530747823706;1,0024923
661519;5,174611871992039;5,4997473
413416;3,861429502284308;4,217862
665189;0,7909554107748876;2,829151
327819;0,6769133893605709;1,7318826
609108;0,3843424464644496;0,5824091
890427;0,0;0,32922518
224874;0,7328744179261677;1,0716994
24116;5,4743376157518;5,0815067
376592;2,107432850995382;1,4362385
374444;0,0;0,23786747
236457;0,5809245760669466;0,20885909
535754;0,0;0,23128462
27160;0,0;0,6931884
232952;3,45867360276487;2,7506137
701490;0,0;2,184703
660442;1,3813516689587568;1,6731769
227385;0,4613517496791374;0,7388178
790190;2,769370429159092;2,7226145
797376;5,372323209866321;3,7382715
612414;4,262097614397101;1,7530987
331864;1,81335110931288;2,381091
348964;4,276700625062077;2,9518182
289754;4,947389312432999;2,027771
788824;1,652575536238837;1,0983127
91153;1,3899917417696863;2,4087021
296791;2,0436796937200814;1,3473052
930853;0,6551827045041754;1,4150571
377434;4,057360249837889;2,2223616
963757;0,0;0,20754051
98962;0,0;1,1508243
626829;0,0;1,1466297
984630;2,8112597723063195;2,01812
39976;1,5143964798159746;1,091898
759438;5,404560258929401;2,6752908
81317;0,1382918753662381;0,98082066
259732;1,652772179315294;1,2592953
236250;4,500572367777223;2,6989403
826346;4,052753129224651;2,987157
746573;2,4170815720807624;1,6178988
482209;5,989438068298147;4,1282406
15405;0,4203757754097798;1,185367
862596;2,5919665456344863;2,7752151
285022;1,065612391889681;1,3955233
868938;0,078596264186355;0,7399675
113684;0,0;1,401055
785388;1,4505186178210592;1,7031019
159716;1,1043902043647351;0,9283419
318013;1,2851493686176418;1,4247901
741167;1,72788522148982;0,91983914
806862;0,0;0,2713256
788152;3,157985264370476;3,290097
970349;1,6969213991356455;1,1521893
503175;5,4722563762386685;3,7919984
509626;0,0;0,3575337
30446;3,0039864809360246;2,3830419
622777;1,291999148378692;2,5615427
246695;0,4145485772182952;0,84393585
922497;2,1334793022489134;3,2564204
543525;4,1086242918358;3,3746488
431832;0,7295656476797998;1,717519
201149;2,068328172666007;1,9623998
796667;2,825310882957281;2,3745022
572731;1,5787466344078322;2,056252
751170;0,0;0,29300672
912766;0,0;0,05629766
873045;1,5010651837805589;2,2098234
993687;0,0;0,14339125
662747;2,3562795668916365;0,8172289
271000;1,0463570894245704;1,0510608
542200;1,5821583919339224;0,9702807
603298;1,359729975482885;0,92451155
655758;0,014117704363913;0,84452903
444223;2,190270861342764;3,1491811
542610;2,1133612258843963;2,206701
475835;2,996542307869423;1,1296773
544467;0,0;0,7047425
124908;0,5123454088614283;0,39088354
906630;0,7051745000703109;1,4537518
284813;0,0;0,31169432
344365;0,0;0,4918034
929631;1,496204068224566;0,60730994
414836;7,645337298457797;4,692418
461628;1,3425159495394356;1,5639155
579627;4,966871002353229;4,390484
637524;0,0;-0,07966334
666655;2,273608172898265;1,187521
743086;0,250455415208807;1,0582315
459348;0,0;0,90169
107498;4,070629565992319;3,029551
764338;2,2359244544271646;2,7227066
326085;0,0;0,5274805
557249;0,0;0,38889948
989854;0,0;0,7598745
894707;0,0;1,2884583
2860;2,696105008979807;0,72817916
639774;0,6399586781577478;1,6661594
123272;1,695639779633276;0,50252426
906984;0,3257401392285767;1,1447184
39168;0,8857296240176389;2,0415652
471647;0,0;0,23350942
380986;3,2724847663528074;2,7229853
400502;3,3449149663078592;1,6699934
654868;1,3329185358913618;3,5388799
612017;1,5813210532978004;2,836265
559654;0,0;0,32497534
612770;0,0;0,26589644
999771;0,0;0,802594
198467;2,42799547402562;1,3989747
171389;3,2536094033934853;1,9608526
731833;1,756728969559165;1,6925943
329370;2,0954235551472533;1,8142812
911155;0,0;0,22667015
387883;2,859018819761888;1,7230603
940908;2,461755907860381;2,5795183
133490;0,0;0,16766334
702904;0,0;1,4445155
364079;0,1556268454070943;0,3914968
993089;5,351437324918773;3,764654
644828;2,3989344825880274;2,5302927
137267;0,0;0,19878364
832988;0,0;0,38766813
185843;0,0;0,14528471
841871;0,9502733880922314;1,9296651
637756;2,098891789009536;2,2288804
298095;3,255692204461649;2,2470665
782456;0,0;0,43038625
740392;0,0;0,20259684
418151;1,8270814009929488;1,8504571
778029;0,0;0,37490213
267906;3,919481210762101;2,8591423
618124;0,6949383107826186;0,33554113
802516;0,7068264796386328;0,91984975
878912;3,980041938606747;1,906029
669890;0,0;0,25531864
382154;0,491612645409951;1,3294073
493742;4,411852697124296;4,235077
472272;0,4034231810032364;1,1986444
305875;0,0;0,40577888
266706;0,0864617532418818;0,24251401
407616;1,3587467156100517;0,86904675
75047;2,511054386228933;2,548165
391731;0,0;0,11321092
675579;2,5069942193556862;2,155286
319361;0,7636448323333721;0,96100044
601679;4,2606158505840455;3,0779295
273244;0,4592634778359369;0,6230524
795185;2,5847187020246243;2,6985974
982400;0,0;0,77775556
630658;2,693650846874516;2,9256237
425162;1,3833143668165988;2,0963912
165462;1,52341054270369;3,084708
403517;0,9208433703075732;1,3181939
460051;2,7616145116487414;4,135274
591306;2,039275053600928;1,9081504
908655;0,7318963308063697;0,43820214
913873;0,0;1,0064933
907308;3,2022658326478566;2,8933406
458952;0,8888231891537608;0,49991643
40707;2,3441544337303872;3,0334642
814875;0,0;0,54093397
737876;1,450117985643294;2,2935452
549839;2,316131463420829;2,02607
310558;3,8497880015339776;1,9945282
957321;3,109145592651128;3,7896976
361098;4,971380729049597;2,7195883
736440;0,0;0,368561
78552;5,04416216105004;3,5487561
917856;2,859761384473813;2,5542476
895727;2,627303993674466;2,9734185
627686;0,0;0,22482824
42286;3,261983853325726;2,4205647
743014;0,0;0,19584131
556236;5,625210382197349;4,2951775
315669;2,7746850221951247;2,284778
376229;1,7020207016583866;3,7096753
513446;4,232888753765564;2,8443391
36182;1,718122813571632;2,3574638
400729;6,387626538008483;4,8489523
221835;1,762116235675064;0,8504191
116903;0,401543424058469;1,8646266
45062;1,16682632486844;0,25930947
162582;2,944262889912128;0,5923624
976951;5,125540490723181;2,863829
731279;1,740657509301405;0,6902735
777357;0,0;-0,07513285
183227;0,8776030430947771;1,1973681
202911;0,0199278085170641;1,622337
118784;2,1437551973512567;3,220309
87804;2,97841019935228;1,5683022
242330;3,144195731394407;3,6039717
197386;4,299599370689109;4,029686
525134;2,5124006428138275;2,0124912
204862;2,6886941408652665;1,9287701
637213;0,0;0,48705968
203186;1,0355758501091683;1,4683673
938374;0,0;0,8422225
556079;1,9195113952122345;2,1089044
849321;0,0;0,83022493
33202;0,8873403865091591;0,42299378
947994;0,0;0,31489667
307337;3,246091042442808;2,4977856
439476;0,0;1,4976124
177274;0,0;0,47625953
667331;0,0;1,1411035
147072;0,0;0,63090885
252953;0,0;0,63256776
33861;1,6054176322869995;1,1627682
974629;0,0;0,8157184
295343;1,555228734417474;2,3361669
543695;0,7958351106926483;1,0637462
86816;2,410814511758661;2,7842216
154384;1,761608133710754;1,6281524
533900;1,700889890521872;3,049949
372317;1,8416738987101835;2,817562
372607;1,99499043652869;3,2319572
258475;0,1721208915415308;2,4127269
478057;0,8548387446956176;3,000601
31103;1,6229814652286183;0,47875807
675030;2,0629905056258853;1,6780303
623779;0,0;0,9249517
756490;0,0;3,693878
19365;0,0;0,3904745
679079;5,6756062545958486;3,1626031
895509;4,166445525858026;4,4168897
858651;1,2263033846777849;0,3623808
351957;4,43442401517634;3,4705398
330992;1,8076649034291856;1,8299072
537085;0,0;0,3398738
330986;4,259230957932293;2,3452308
876547;7,8313999645034835;4,3946095
249420;1,227625060053256;0,5382715
797319;2,644159271904016;0,9919277
992386;1,0975019899435232;0,44669855
400537;2,1661547207938767;0,59110385
168087;1,9984198834268343;1,4400821
666306;0,0;0,39727002
729664;0,8386180190687774;1,740078
12497;2,072437227507867;3,0874581
802002;0,0;0,4998389
429063;3,996443009020513;4,737155
767977;1,5768473082753405;2,0385292
995107;0,0;0,92911416
107101;0,0;0,29669097
838489;4,687357109105713;2,8737829
629303;0,0;0,27632582
460540;2,881495936225117;3,7828405
387782;3,500565127515205;3,3127851
383512;0,0;0,23340589
195915;2,3149396148809727;0,79041255
904521;0,0;1,3105497
284255;0,0;0,18507117
326680;3,770489038304704;0,71372217
314585;3,91774707588303;2,4465818
886855;0,0;0,98811746
951435;2,3842520054372214;1,3303391
723818;3,3971241146721844;2,202284
978424;0,861167846714788;0,98168707
931013;1,384009601053112;1,5056748
772232;0,4159694516131877;0,4459899
180170;1,0298329870432537;1,8221703
101156;1,959691630202732;1,3617015
191881;0,0;1,5191522
677772;0,0;0,3114369
749720;0,0;0,9450532
375531;2,091301437280958;1,1954765
155285;0,0;0,47050083
512911;3,454997530911585;2,256427
959987;0,2551548543258162;2,060837
860506;1,3423427849156209;2,9922187
491850;1,75319417930848;1,7582438
920732;0,5916369256324869;1,1732516
892595;0,8095070720452939;1,3828878
14052;0,0;0,30171463
289662;0,0;0,6899677
287281;0,0;0,53729683
54926;1,6339669779935118;3,37287
512269;2,5749993098162847;1,0957239
782774;1,4959747002199493;3,1603615
167278;0,0;2,023825
384715;0,1625110532789653;3,5110095
301462;4,4993006142347705;2,135552
44147;0,4371887622193899;0,82741386
223969;2,793224156909002;3,3903246
780917;1,9387036845458656;0,9850153
95709;3,62954805393824;1,7580025
660954;3,643914517490784;2,3942676
500229;0,5080216483294903;0,3939493
281903;1,0970744098918768;0,83109343
161297;0,5609730653780908;1,2002958
310258;2,7410869563690468;3,0950725
55259;2,707295651748616;3,727765
418360;2,344239238928312;0,3651056
441651;1,153893365345738;1,1838788
800075;3,411421259665948;2,2081869
393034;1,293100098543307;0,34396124
216689;3,783195910018596;2,5153337
917200;0,0;0,59338534
492141;0,0;0,95536447
865976;0,2246537531279479;0,45145023
745806;0,0;0,5734055
683753;0,6225070670080456;1,6473176
584322;0,0;0,3446297
72442;0,8799770430784314;2,0367982
133313;0,7978923975804508;1,0439616
742254;0,2518657638252404;1,3648288
333289;0,0;1,0242866
758440;3,4996680213902587;3,431815
823967;0,9576206665432132;1,3541299
444949;4,708625912783559;4,4939733
913482;0,0;1,8700967
176759;0,0928255462613102;0,99820983
630010;4,555805491342378;3,6081216
572689;0,0;0,4782231
388544;2,380630344138324;0,7989294
936091;2,6483466926924204;1,3747613
541604;0,0;0,15264583
15765;2,476689135138126;1,8781035
456047;1,0040844122471406;2,0430686
424041;0,0;0,27421623
105967;1,38079465278345;1,3512032
460457;4,710609329248935;3,01914
732623;0,0;1,1593027
382355;1,2327637965348872;0,96130025
410071;0,0;1,2865381
856285;1,1793946266443451;1,1166334
527147;0,0;0,39231947
703768;1,5137739414940363;1,5472322
121822;1,8299021996153184;0,554473
617355;4,376558304253325;4,3826914
405853;3,174231219039643;2,7122784
989997;4,389245727493328;3,4133031
496255;0,0;0,27557874
591947;0,0;0,82803553
648814;3,6648222766193097;4,7915325
782077;3,5307220401338464;3,047189
978655;4,750199684415128;3,5653925
732692;2,611653058123649;1,275625
113641;2,363604981379729;1,7997404
342671;0,4344226761794214;0,27758884
770246;1,049641847420418;1,2030287
820741;0,8406723914284913;2,2964027
505565;1,869118804061076;1,4521606
835370;2,5205108852148537;3,3607318
386512;1,5592750176097854;1,2802902
967128;3,344572925770504;0,6371617
233013;1,561897390434554;0,7830357
98339;1,7864380836539104;1,2702839
756032;1,5741055906502286;1,1478152
583418;2,5887140589223288;1,9103777
701889;0,6852985610495443;0,31763196
600979;2,031873201418224;1,7193663
915701;3,237721870544461;3,390609
987611;3,16965937396314;2,4659224
697617;0,6407254631428909;1,7925332
640050;1,8936398625363275;3,3418913
674996;0,686525042485506;1,6115478
513975;2,9706547736460647;1,9642706
131034;0,0;0,14659947
383069;0,0;0,36853924
382296;0,8563373980967514;0,5475891
475097;4,359371116172675;2,453693
612228;0,5505550573997626;1,8457363
762570;0,0;0,29954615
487953;2,1045594867084745;1,1029361
964739;0,0;1,5510416
957207;1,693729893891805;1,9405782
53483;5,173037417248595;3,954701
619141;4,258907045267905;2,8225973
921390;0,8769861775897015;0,81777513
975341;3,972494571274512;4,4741583
831181;0,5657012284230161;0,561741
802778;2,889562814757892;2,581954
515978;0,7129266114691336;1,966875
620983;2,172935962479928;2,470611
375703;0,0;0,88625664
776806;2,60225866407748;1,809124
290191;0,0;0,69143665
947982;0,0;0,16226667
864785;3,302574835621407;1,8538742
872553;0,6195975408991163;2,612108
319224;0,0;1,1252283
893316;4,467092338710432;2,7178445
357288;3,199999495020063;3,0241654
142518;0,3576952080359881;0,34484565
375337;1,89044982701968;2,263615
30286;3,423181367948696;3,7343953
279663;0,0;0,81074506
174407;3,406832458197893;3,7017434
9363;5,597203488618414;4,5667286
329391;2,7858453442389486;4,0730453
407756;0,1045491102285017;0,32564124
848251;0,0;0,8171101
375406;2,832633032248725;1,5704839
886249;0,3368058245670859;1,2843046
122587;3,2817611075315813;0,86552703
409032;1,6995056847521808;3,244209
68119;3,432996395163554;2,5683534
566736;3,691448135869511;2,8645113
347432;2,18836298184876;3,0616908
487678;3,216224673084513;3,3095067
204009;2,1608135125060937;1,9666803
503812;3,185490686917019;2,0002542
152349;3,759159580193853;1,8104799
489626;0,0;0,30269885
699041;3,430078248106212;1,9766905
907109;1,1652560467780906;2,0908456
315773;1,7175891373422116;2,9241924
575203;3,636299021179593;1,725878
984349;3,95590756651282;1,6506872
276235;0,5749590239578353;0,32610476
759214;2,128148246599346;1,5859855
409662;0,1408229808120031;0,40488955
885998;1,2771454487291771;1,729652
937795;2,1001116146271284;3,1031106
133301;0,0;0,35549408
21605;0,788712594435903;1,83138
952872;1,8701677347936148;2,7033203
294036;0,0;0,6503429
22950;0,0;0,7752313
745559;2,716040715654234;2,8331501
934249;1,165952320604728;1,362799
68942;0,0;0,30804306
724765;0,9968792493632264;1,4016256
895039;0,0234124960712033;0,27180612
330718;1,101090358778651;2,2002373
612434;1,9376889463022235;1,3266723
861149;0,8605316342075049;0,33395725
934760;3,309517657134163;2,695462
409902;4,959851216798089;3,2770016
351651;1,3408700640709987;3,4063032
8399;1,478048162914575;0,69154084
234369;0,0;0,41037345
342919;2,7411903791077705;1,9299741
82558;1,9786647169928464;0,75341904
699567;0,0;0,37686077
453876;0,1425321313438016;1,3767287
174148;1,6171666705048962;2,8769925
902705;1,5121798659468708;0,50292873
967362;4,905588354591964;4,5445766
707137;0,0;1,6710563
142370;3,6547273524732153;3,3869495
155581;3,4268806298776737;0,7857763
502747;0,4853261377377973;0,22447515
847933;2,723193367142438;2,0929763
971618;0,0415720369710699;1,9688578
295363;3,2749326028557766;2,439607
382905;3,291310777488782;1,4171413
518261;2,897752202813752;3,7050748
488460;0,0;1,7397815
674389;2,401979898062516;1,9406171
415090;0,0;1,5019596
860485;1,7356292279196606;2,291102
464036;0,0;1,4752614
293921;0,0;0,5925361
716445;2,9925953722583643;2,839548
187814;2,128387882784681;2,3318667
751958;2,388794345078497;1,7085023
392342;0,0;0,6307688
22483;6,320676308226062;3,636934
997748;2,055855740264369;1,1880809
629243;1,1481628668742254;1,4165008
536346;0,0;0,014042735
390972;2,588970181786853;1,7581594
358628;3,5148822900662204;2,8518848
105549;5,458491862259555;3,916602
215237;1,2389839263695248;1,0682241
204707;2,686281995317862;2,132631
523277;3,3009174216095314;3,8058188
160921;4,311505295185087;3,2690187
76955;1,2976402859291531;1,6131113
432053;3,1970790445259545;2,7328193
715387;2,7768116014944297;3,2114184
816251;3,153959574674105;3,1534257
121162;4,37212096609999;1,4234462
437581;0,7273460856509013;1,2043049
691695;6,371236729335534;5,0529003
52372;3,253036400854948;2,4355187
510521;0,0;1,7981511
626656;1,5120443286372065;2,1117644
157604;2,032331740218452;1,1679887
666031;0,0;1,0718118
519025;0,0;0,3837565
358353;1,3431605518335037;2,2211595
31907;2,09486555253865;0,32802647
585671;3,75633650482048;2,88903
599648;4,24004918359364;2,660847
2522;1,4952803032639448;2,0669384
959326;3,763749530113549;3,5047543
210584;3,0801829765177944;1,7080013
516545;2,589576884569752;1,218066
465525;0,0033020616891503;1,04558
38974;0,0;1,3712915
856651;2,8546713751508834;1,329357
996795;0,0;0,29636323
975206;0,0;0,5900776
886508;0,0;0,44769925
66730;1,3562929941832371;1,8066375
937183;0,0;0,50321716
751035;2,043206222542575;1,1929107
957439;6,7226255106983785;4,5237846
803927;0,0;0,30551818
271456;0,3874016199736263;1,3740995
82908;0,1148630680393405;1,5335929
743005;2,188034485341182;3,0641668
949834;5,168436806955834;3,1652832
584953;2,4703605864773834;2,4769795
34714;1,405022152438233;0,7676188
761301;0,0151453584044014;1,2139833
360780;1,5856198884752375;1,5263779
165227;3,124830658501776;1,7347989
347185;0,0;0,45350468
430017;3,028745496453035;1,2096484
405714;2,321911525141405;1,0260878
399932;0,0;0,94165885
800616;0,0;0,37491742
524078;0,0;0,48937657
266204;2,2534975982306333;1,3320659
304828;2,802419357593452;0,37308958
882236;2,797985757352619;2,6546018
16355;0,0;1,763963
822068;2,3524128197670606;2,2060452
617574;2,544246887752474;2,466774
43884;0,0;0,35121006
633647;0,7033941808597803;0,8423482
76158;0,5397704992288853;1,9292269
316935;2,175282662757407;1,5941975
963535;2,666367117417907;1,9423134
810453;2,217438742904553;2,6493025
902052;2,431448863638673;2,3159335
605653;3,205675641842465;1,3246443
8037;2,9562464812023337;2,284826
329337;1,475879686821623;3,6936193
628020;2,87139872376394;0,8408444
312460;0,0;0,4145585
88168;2,085405905179392;0,5408199
702211;0,7674334439132324;2,3352964
282366;3,851257784107408;2,4794052
948360;0,1779504000820846;1,4608312
61694;0,0;0,43195677
628656;3,1427862363611507;2,4922564
173474;0,0;0,3540556
165831;0,0;0,0069948435
568670;1,7672649711871826;1,0191591
886946;1,8765993004638588;2,0056233
906474;1,0623194507365743;1,5208575
997700;5,125117744204498;2,908108
323548;0,0;0,38569078
538148;0,0;0,32728392
667414;0,6104315392069554;1,8034601
512134;1,2994515585549034;0,7085612
509324;5,349524805101323;3,6867735
244873;1,99122034585162;1,1261201
749940;4,430583950355605;2,1386185
796053;1,2716034674336183;1,1985886
517108;4,123858696173468;2,2208407
382899;0,0;1,6209264
20369;0,0;0,28769064
182786;7,213179116540174;3,6284537
660548;2,1374036222608392;1,6884453
868610;0,0;1,0282744
63415;0,2362986684521263;1,1932449
595842;1,808253346405764;1,6006116
881272;0,0;0,18956101
172688;0,5944099431706429;0,5362961
790944;1,3647688249294965;3,4828317
872540;1,4086056310424402;2,109857
111729;0,0;0,6053107
141602;1,5877927432484753;1,0740173
126196;0,0;0,25401115
118549;0,0;0,35399646
106489;1,3047271131414433;1,0170782
500661;2,670828800129362;2,500791
81744;0,0;0,22778696
440303;1,4143115989806725;2,749873
857723;5,555478885014228;1,8233953
286570;2,1046941179096;2,456638
247738;0,0;0,79476047
965766;1,2073482583127273;3,507843
407271;0,0;2,2471533
377154;5,486770749685721;1,9081006
944654;2,5331695792011377;1,7811301
448628;4,111361021511282;1,1861671
262702;2,143216885669443;2,9935434
364457;0,0;1,5330031
167439;0,0;0,11535442
982360;2,914874555800832;2,07776
763100;0,3405741774950863;2,0682135
457600;4,41234652577723;1,8195614
64490;1,3424988563368645;2,1846304
887385;0,0;0,4223137
996076;2,1043098994418177;1,8848691
768469;0,0;0,9908862
259927;3,5979761967746904;3,1077728
632284;2,9327621465043205;2,2538643
190585;2,451016361627596;1,5948119
548652;1,2634592448522843;2,3182468
890485;0,8320949702081566;2,257524
795259;0,0;2,2224371
486544;3,178427648737229;0,8440245
647753;0,7846653028926849;1,7316568
140223;1,4767720644102993;2,092098
567483;3,1107548960583458;2,1062863
673250;1,836619557546272;1,1167514
280690;3,85581623812171;3,8706853
903164;0,0;0,38220212
768808;0,0;0,4083283
313851;3,1989589098073927;2,9176357
549420;0,1899030074843462;0,5148004
64740;0,0;-0,05235541
495860;2,7956034150815823;2,0056005
364758;1,0337347135542938;1,4781332
339077;2,0310692936119032;2,2976763
865026;3,079779750234912;2,3550615
327427;0,0;0,541125
451955;0,4525590193868728;0,27948523
739991;0,879668817819131;2,591415
194492;0,0741315729997844;0,34648168
802935;0,5602282157430425;0,30993783
953012;6,79771217346617;4,0677376
481380;2,398041308475596;2,0230842
648908;3,756867171897967;3,9061253
341141;0,9631758449669412;0,71988136
776402;0,0;1,4137502
295121;0,6214550376199446;0,9856457
607104;1,0257134649227773;1,2869039
349520;0,0;1,8917952
669991;0,7518134452809826;0,674179
256490;0,0;0,31672764
253254;6,042343872907629;4,276498
288721;2,830438782516381;2,127356
682734;1,2532480021554622;2,008191
348721;1,4513427957967409;1,7431669
518922;0,0677228712890507;1,5163528
192856;3,6957644668581295;3,0743146
26263;1,013024648230194;1,1329584
721530;2,19760464998172;2,5592914
198229;0,0;0,5462159
498827;3,1250711760344654;1,1434612
385688;4,007901668571469;1,843538
568286;2,6663241293746265;1,2138296
771040;1,8827703754728944;0,9557777
256443;6,264422311074275;3,8684032
184667;0,0;1,8475842
180346;2,659518088965441;2,5517735
860262;0,0;0,7298707
623388;3,124160806331391;2,2527819
760252;0,0;0,15531778
44669;1,4822554650710194;0,9942808
116398;6,168461052560497;2,2395947
134632;5,009002722241787;0,98229164
700351;0,5494183876423049;2,0651488
870447;4,086636030684641;3,5658815
100991;0,0;0,20499575
282940;2,8954513508245703;2,143177
312723;0,0;0,15830517
100065;1,353602089748042;1,4386754
213487;1,4462475298440989;1,8788784
307619;1,834765410716201;2,8615034
611736;1,9930898313611705;0,70341474
452930;0,8424118429282674;3,8368719
455354;0,0;1,7323976
477042;1,5100887431268506;2,7646182
267599;1,2361891047502156;1,4422045
368629;2,23674900449656;2,1164489
251765;1,7183029633313711;3,4113328
85558;4,929061189114634;3,6854885
387098;1,1348665307039814;0,35153347
587669;1,86800791536664;1,7339387
420458;0,5475653835877219;1,5076044
436468;4,976328592936321;4,1789503
981622;0,0;1,6057961
624869;1,6775518243097238;2,510646
377297;1,3866263998279926;0,52290434
998326;2,7669152108414186;4,530633
996977;0,0;0,47447157
263244;0,0;1,0347979
648689;0,0;1,0624305
248984;1,3048843667961711;1,0391712
639078;2,325227435937864;2,3441627
804022;0,5655287418943641;1,8236562
739658;0,0;0,8831315
416437;2,2344914836754493;2,2490556
554876;3,2131284997560265;2,002293
317565;1,359749487208703;1,6880119
996903;2,2667227056143973;4,02387
542991;2,4730603421135484;1,4006972
800039;2,846606817553878;2,236414
256976;2,0524735189333687;1,898323
38460;4,307740593491284;3,347668
227449;4,460001044534246;3,2969663
874967;3,555472770662165;3,2215912
661886;1,5005346873898475;1,984247
424616;2,282121648937665;2,2061405
733371;1,5383319392685797;0,49049765
253025;0,551455337339988;0,6036185
133787;2,0392136917603088;2,575653
994681;0,39447556809835;0,9590262
871309;7,143287642366497;3,4134476
502603;0,0;0,6812441
260708;0,0;0,28043652
489946;1,146085951428329;1,8029635
388041;0,0;1,7632126
922949;1,9899165493345687;1,519762
862929;2,5552316647095603;4,4121885
59282;2,969266321421296;0,4310571
188431;2,4872079016737194;3,0652616
752891;0,0;0,38616744
134406;1,7360420549756124;2,0044487
119635;0,0;0,48557612
466447;0,1195639965781922;0,39402524
692986;0,9293421025549058;0,50780636
952816;1,642041839773209;0,9627428
379435;1,6360072152051006;0,73184764
554458;0,5499620345269571;0,3980621
994660;5,983581022791;4,1423883
591822;5,071565635421588;3,8748734
105084;0,0;0,3982764
101638;1,9654583656446416;1,209535
109549;0,0;0,86021376
179539;0,418833710765463;0,3910063
243295;0,0;0,950943
376025;0,0;0,73800606
757885;2,3184066137856574;1,3022006
959639;2,413128601873338;1,5346419
247964;1,4076616107059583;1,0039554
534968;0,532377993689036;2,233776
222805;0,4434237715098866;1,554489
594422;3,8157729503413895;2,5952263
842217;0,0;1,1730621
193935;0,0;0,18164468
906255;3,957703512819217;2,2679904
509974;1,7915253823986936;3,2286015
910503;1,7539099942661447;2,4233656
993828;1,4845240448967978;0,6799389
758878;0,0580319522605758;0,21519148
13604;0,7700301504267253;1,6454179
143348;2,93593718010815;2,0475552
949032;1,6567893604437145;1,9637171
809873;3,7510649677391377;3,1271646
296483;3,6510492973571793;4,5867004
4371;2,782548050691271;2,1634524
667981;4,802737434973668;3,5431817
463467;1,858171574766776;0,21759564
40964;0,0;0,30033505
454463;5,382805426817915;2,8771222
904388;4,86501152916709;3,5167215
438597;2,7729584840109966;2,7605212
725395;3,056151299780941;3,27775
980454;3,4856938587064685;3,5029898
156417;2,797903965798465;0,5368132
502679;0,0360610946256265;1,93572
767250;3,998402474655304;3,7739353
624749;0,2078720506765747;1,5848608
381844;0,8222525332099553;1,9263806
659885;6,265308753304967;4,843607
378873;0,8775129714297798;1,000754
753896;0,0;1,1218323
716846;4,030383159939206;2,3584528
426060;1,6196092972795155;0,7022212
705900;0,3791137803849174;0,95960647
284699;3,0162582461094485;2,4013834
773714;1,2662250014045724;2,271798
793097;1,5620880320656998;2,6974025
399140;4,083582143075427;3,7822683
589759;1,8563247491024923;0,6774759
845626;5,242699473569076;1,7846383
322772;0,0;1,6326743
469079;1,6283064297938292;2,0820143
667547;2,096900255767596;2,8182771
350765;1,621357768971606;1,997576
403211;3,9959883919749;3,3084254
484850;0,0814382071744075;2,3085117
194239;5,07111202438496;3,8768609
599088;0,0;1,0298175
40734;6,138242776603427;4,9055166
455152;5,513669952897848;3,039886
461151;2,3271453238150968;1,1484532
619189;1,588427998328778;1,4564933
33511;4,03720822101644;3,7115896
312919;3,732577214825472;2,2502515
305398;0,0307546697757548;0,80823463
871024;1,4653269465327572;0,87690634
701735;4,108408687166469;2,256441
493322;2,054300659704807;1,739666
991361;0,0;-0,098959565
482809;2,821013771045504;1,7715031
920605;0,7074129436974772;1,7842221
839615;0,0;0,1992355
935244;2,5290384305784164;1,253313
331321;0,0;-0,12716424
102322;3,809122789440977;2,082992
306390;2,341442279122858;2,256093
757400;2,81043786315105;2,0199902
343274;0,0;0,4858144
87671;1,032556470038036;0,42362988
863750;1,7024422351866213;1,9288437
350339;3,489011921399786;4,4537745
933586;2,2166360610248623;1,5963696
321769;1,668509939050726;2,9299085
928389;3,1429639996064727;4,3102264
758074;0,2188512136930662;1,2578125
664091;2,1191287496686164;2,3973453
380099;1,0824771186602629;0,83704746
427620;0,5707392387847461;2,2628596
733727;7,002843153943417;4,2892647
964183;0,6561004770321763;1,2943668
269557;0,0;0,781704
867735;1,0506723082419152;2,1851976
833963;1,6380701423700708;1,000804
948393;0,0;0,48580742
119481;6,449322712291247;3,9885433
430427;3,6143542296866538;3,6011093
842512;0,2365454037983496;1,9810021
226935;3,506975836955344;3,8914735
613221;1,3809378655631148;2,4209569
827205;0,6968273583587988;1,9301082
304089;2,32838892956758;2,3656318
520260;1,035839605099587;1,5809866
628821;1,642043344458422;2,5441759
376491;0,317155497508055;1,682593
94335;0,8948164255041047;1,1262641
33663;0,0;0,33331585
89388;2,6855109682573106;1,2899902
411847;1,3968954901029502;1,2408524
37367;3,805225542290141;2,6741319
994689;0,0;0,3096499
54095;2,966938058062404;3,4023268
808931;2,3600992766748243;1,9294126
264126;0,0;1,2388182
948864;4,759539578807905;1,6008441
264668;4,757976725939102;4,3507013
461584;7,182948590929212;4,405224
554796;0,0;1,0678042
725897;3,161631709771917;1,0952146
489534;0,679755104426135;1,0612924
292344;3,193018754945045;2,23804
819238;0,410374387366073;0,6102195
841221;6,671483221462694;2,036016
777342;0,0;0,9145326
304542;0,0;0,11825955
555986;0,309064057408825;1,6488373
558519;0,0;0,059850216
339209;3,6286702511023616;3,044816
484887;4,04869401401793;3,3827317
618723;3,1812122396550926;2,9664795
750156;0,8144966930539255;0,32036254
353521;0,0306636166007898;0,47115815
395904;3,144026581092694;2,901087
134615;1,7699705990176628;0,39205772
376395;0,0;0,28358996
543959;0,0;0,10004461
842544;2,900571577970868;2,0724857
606652;0,0;0,6021899
131080;0,0;0,48114294
442628;1,9928786285614264;0,7815281
236220;2,393226687987914;2,1802938
5800;2,0497971988129264;1,4361804
171127;2,6621455318582967;2,887739
973583;0,0;0,39867523
692712;0,0;1,3909192
874508;0,361605944163608;0,54551136
804063;4,813131923501132;4,634262
862496;0,9947859129067512;1,0638695
665242;2,524427175258368;2,138859
908870;0,4105884668122412;2,0043318
393624;0,0;1,8992667
430624;0,9807116068921004;1,3230226
613209;0,4009725779846621;0,51655525
591115;5,275320983750807;3,3394759
773127;1,0317941859642548;1,0544226
120265;0,0;0,33665156
480316;1,97217906036486;1,9895933
435746;2,663550651209849;1,7701275
26349;1,0982639052714798;1,1354979
776458;2,5601185226275143;2,7868102
222788;0,0;0,20034689
560892;4,322633279915492;4,228422
966855;0,0;0,69264543
233174;0,5688958526892816;1,3858004
612985;2,6704937219243363;3,6793168
328481;2,854766348472656;2,1240673
681022;3,6465443548864895;3,1899192
892748;4,357419726211627;2,984828
792729;2,7172704806064627;1,94842
776906;1,3859824828119796;1,9851114
709793;0,0;1,4180849
823345;1,818918635670279;1,9999174
588549;1,796866785330833;1,611314
869769;2,5268447479214746;1,2288295
123885;0,0;0,39738378
696507;1,46634259556515;2,1899612
90910;0,0;0,79015553
657113;1,907889536566674;1,7907312
368375;0,0;0,17157948
568576;0,0;0,32215893
756202;0,4523903723083601;1,2619987
55179;1,435007960508465;0,54747355
714717;4,888889736143064;4,556011
700059;0,7099923364525219;1,6928502
467483;1,398268166526338;3,87228
790355;2,494591765192552;2,6091516
265869;2,827697218332677;2,8665264
8346;2,3635262055415875;1,913539
357520;0,7750782927972797;1,618025
206269;2,640223611316058;2,2204218
286755;1,1589737704117882;0,8452899
197689;2,3865567907285463;2,4532626
294559;5,5561925495709374;3,401756
825536;1,4381341989044216;1,676814
238817;0,0;0,59564745
644913;0,0;0,15254217
431579;0,0;0,97073627
493390;3,5931259281522525;2,3812377
575028;4,9436023401793;2,9625564
395461;4,6773944672215055;1,5213858
346611;3,0131831230824098;1,8991979
354803;2,9323854942617853;1,5540997
671428;0,0;0,21391118
105170;2,2137490740922723;2,127274
607440;2,3782399927596103;1,9708639
951935;1,1766013593065452;2,3758686
249556;0,8023968500851608;0,70269203
529850;3,47930220379508;2,5529041
28259;0,0823896119662653;0,99029505
900563;0,0;0,28671145
191305;3,244169748087827;2,9321194
80222;0,2788414078343906;0,95957774
589161;0,0;0,43252578
716482;0,9162466042110586;0,5116441
872459;2,088551031612551;1,6364243
576309;0,0;0,09956193
339407;5,547524566272285;2,7063954
299956;0,0;0,34391057
213267;1,6261379230836164;0,7093273
592823;5,541103896482397;3,4825656
575134;0,0;0,16170323
208888;2,419159241127286;3,1824663
263047;0,0;1,2224514
826402;0,6190375104366757;1,5299953
913389;0,900909908373042;2,8170998
796410;2,690190590660151;0,53726757
256721;1,4213514484322975;1,3718863
900593;1,163759184558516;2,4166152
773193;0,0;0,16579008
790450;2,6111931638854067;2,5400324
896391;0,0;0,6594614
337805;2,481501705508846;1,6189559
114056;0,0661083593555069;0,4289586
100073;0,0635693345840208;0,7921564
220173;0,0;0,8737949
992784;1,3541406794804536;1,5515748
965916;0,0;0,21507502
47809;4,041636525135172;3,633914
136981;3,6900459179633818;2,1447883
414749;0,0;0,06343931
339633;2,4456528564370053;3,050882
801679;6,270935263312668;3,983907
5078;0,1819174958291446;0,8819747
570171;0,0;0,3851012
154705;0,0;0,1557889
568081;0,3436432448097825;0,7540688
6709;1,8698054943886373;1,3202937
836023;4,914388755546421;3,0014877
745878;1,309707483797818;1,6250247
746674;0,0;0,68856585
957591;4,239749595526645;1,8715969
253269;2,9206296050223943;2,6614332
486486;5,057320568115516;3,499255
736236;0,1578298057020711;0,5466076
772470;3,875958599101125;3,267637
851715;5,018778459220139;3,736224
546579;0,0;0,8878696
669291;0,6929621947677882;1,6996499
340610;1,4549896189537406;0,39762247
64994;0,0;0,7101549
13564;3,120048145367824;3,0126388
499619;0,0;0,857684
994164;0,0;0,6957845
879888;0,0;0,8211067
448386;1,6155464784104967;0,9228491
969916;0,3688310752787654;0,9241711
981604;0,8628980202182398;1,2794865
350118;1,1248547560631328;1,0334796
902561;1,334060122415043;2,567401
125599;1,6798037279643152;2,242412
726670;2,6339686804759217;2,6895394
231683;3,523833940406268;1,198526
725412;0,8125124368843477;0,38188326
619025;0,7495542998763972;1,2677703
423169;2,781441022682237;1,9486245
758876;4,850526285618147;5,354414
319016;5,215108767046281;5,2996387
177278;0,0;0,48216075
635205;0,1195185931780576;0,9093068
751166;0,0;1,5534655
552681;4,970887733815264;2,7859676
467942;0,1877417422117353;1,9351051
46349;1,364283639198843;1,2758497
221552;0,0;3,0506074
947179;5,060572796108711;4,5416355
140409;0,2421485252801031;1,1647663
658765;1,4525766717108464;2,3174822
76064;0,9259508285514682;1,4078317
261872;1,4629682149357273;1,7346618
653602;3,730344062861737;3,5094244
910782;6,623240563054991;2,634347
530295;1,7919565523175622;0,8953755
910726;1,5473300243987795;1,2599516
113609;0,0;0,0624907
299513;2,814522651644788;2,2235682
982063;2,186172888204992;1,3656288
913018;0,2126774906220631;0,1993525
6261;1,357117042481041;1,6319546
222478;0,2564883392120984;1,168718
774461;1,4231897559786837;3,1908991
361427;0,0;0,5220988
271971;1,3255818758169775;0,8916323
947431;0,6558388658922558;1,8005767
835791;0,5614140810733544;1,35083
229486;5,759358388706999;3,2253091
417955;0,0;0,4064771
847962;4,40262196205702;5,025996
746126;3,115691368301783;2,2645948
767188;4,516053135240112;3,443896
844030;3,370714308246143;2,040699
755663;4,0568596360871725;3,6799068
889826;2,541249667492591;2,3183608
291123;4,5222483670545;3,560651
148367;2,025100419123862;3,8506486
129058;1,002411799797414;2,665442
830181;0,0;0,39394963
24850;5,599605288594495;3,0374048
945398;2,1535809908022534;0,19452506
128779;3,094844830160129;3,3375266
655150;2,649793032903487;1,1282192
725667;0,8759204079151297;0,6206224
108866;0,4697659018345467;0,37975937
931579;2,410040082113572;0,6417993
55775;2,1397995450603715;1,2689296
596769;1,0536789175419494;1,3032393
87242;2,2631771583421245;1,0208617
716194;1,0435631408289952;3,4811094
363357;5,294373568386883;4,5113926
790069;1,6510319010992998;1,7571452
192264;4,723964636236053;1,8863583
26382;0,1818459031089254;0,21383715
210035;2,5443887599302566;2,2181807
563593;2,558010327076845;3,3228662
711795;2,386915545831969;2,3060033
779833;5,465528345035576;4,877743
887694;1,5332560493428042;2,4249573
726021;7,545384192455724;5,0724773
467556;2,056802555191522;1,5817158
332759;0,0;0,74132085
578193;0,0;-0,18825996
490961;4,3866608613341365;2,8321908
837352;2,1692804679803106;1,5973991
14978;0,0687356011808415;2,0066552
821735;4,490018004006143;3,099804
514467;1,954238747399992;2,1394467
792995;2,5000151274180427;1,7071537
351348;3,8395478638771023;2,9781117
865842;0,607584364816828;0,34485832
760870;3,547676959610276;3,3162959
219826;0,0;0,14802152
395149;0,0;0,1380642
373674;0,0;0,5515919
90067;0,6072067593604553;1,783798
653129;1,2323386345803335;0,94184464
815023;3,082976963049949;1,4010351
12165;0,0;0,85947025
829471;2,2359216027791984;2,3364816
151300;4,758384961122466;3,8757586
776866;0,0;0,5392195
736413;7,363201814736114;5,64093
931435;0,8098896012858561;0,7469359
827819;1,8919714275420512;1,0168524
740125;1,120307614265076;0,97027236
655574;1,7869129964574042;1,9933681
436337;4,825769808600461;3,9361837
673258;0,8184248236105919;1,737884
238841;4,147627302591109;1,3104856
655437;5,5652972523164985;2,5191355
142144;2,865416436181209;0,9399955
620285;3,0374073456331265;2,85516
474810;0,7498078266857092;0,76247054
187168;0,0;0,30902857
522556;0,0;0,49781597
699475;0,1304634242129058;0,10243392
626416;3,180686733693186;3,1638775
250466;3,676885571716389;2,3686142
797934;4,035125885277741;1,2229955
14992;0,0;1,3111438
465106;0,0;0,18735719
449108;0,0;1,1816659
824765;4,5918733786456665;3,551956
612956;0,1607598522644601;0,579142
357109;0,0;0,7582376
246164;0,0;0,2397598
462598;1,828070060997564;3,2142227
314896;2,034426322632081;2,0684566
926528;1,6290056707236866;1,3446063
894853;3,5953729253000493;2,8547976
48532;0,0;0,41044462
602847;7,61040352036796;4,183447
700915;0,7044399982613209;0,5530368
337684;0,9478621792546812;1,409316
208233;0,0646513986224503;0,2410981
86317;0,6235176176861608;2,8390157
270562;0,0;0,84482664
752681;0,0;0,5606894
106288;4,032967098498759;2,6820192
153758;0,552787830925225;2,085248
908254;1,7155769998870491;2,0280993
470806;7,113123607831195;4,7166786
804687;0,8874485424162194;0,7717815
730391;1,3624035517609188;0,70811975
203260;2,870086538876921;2,4180603
936116;2,953359820371759;2,0510957
11055;0,0;0,6346644
499875;0,0;2,5045874
832979;1,0882170968060036;0,32782137
149417;0,1726425705742753;1,763243
357326;0,369921316591846;0,58215255
343649;2,7476735046849887;1,6754893
568219;0,6498936290283341;1,957549
419411;3,6780903460850696;3,6420248
227714;0,0;0,8835421
304380;1,8560138111233688;1,9486082
21646;0,5143321920867598;1,212264
793687;0,0;1,0030003
249391;2,921429432114394;1,0829583
489922;0,0;0,50757337
290341;0,6717828605150855;0,85917264
809752;3,8875053985026415;3,2598147
228481;0,0;0,389245
85307;4,609195812538147;4,338876
701421;2,4452814475275506;1,9733372
572674;0,0;0,35977077
155798;0,0545162180849368;0,9196272
92898;4,714571630052724;3,620237
734465;0,0;1,0310074
996010;1,4170326739350476;2,1521683
39893;0,37439285274973;0,6797481
790288;1,461927222988774;2,3172624
506649;3,5002377858145746;3,6477659
845500;3,1123077665455456;1,9550474
417672;1,5165536495616694;1,0969272
599334;0,0;0,38392383
214681;1,225697950729714;2,3667495
14048;2,196294998497737;1,2423556
737218;4,619368216674001;1,8979312
582526;1,636844417023198;1,0223776
456944;1,0419307335653771;0,6551494
261205;1,635405952616372;2,3725748
119555;0,8593403491040004;1,6652817
715319;3,346287480920628;2,2887757
31755;0,3750908976486516;1,4431175
244513;1,8605499874924685;1,400134
151114;4,398601426806939;3,5876162
773210;0,0;1,7487788
359340;2,173732199063675;0,7157393
524124;4,004969196121639;3,8709176
908767;1,59966587185703;3,5836189
489521;1,4229846121785732;3,6464813
198748;3,2970317423731474;2,972308
310037;0,0;0,356384
778289;3,731102724988952;1,8267893
826036;2,7004326203863966;1,3272816
801174;0,0;0,40249702
434686;0,0;0,33901703
821246;3,4922221117792143;1,571621
655975;3,92200626436742;3,1032755
992156;0,0;0,3492778
220652;2,76394833620042;2,1501265
543195;0,0366987518962988;1,0017642
854200;2,707744091884216;3,1176689
734950;2,8011207223782093;2,6496503
471992;2,2318644320224816;2,3834186
340985;0,0;0,74307096
993976;3,934510353623344;2,119217
117839;3,212744545453969;4,3826947
772504;0,4095802053326492;0,65875566
171203;1,8662112029539069;1,7892922
420563;0,0;0,7887512
720382;1,1609788549244724;2,7526646
26863;2,578024723759242;2,0903418
584332;2,2719031441434074;1,051695
336812;7,246405914757581;4,8532877
980696;2,728013028074182;0,74987584
442020;0,0;1,9511454
549311;0,0;0,90833455
919463;2,463375376884195;2,7676005
461322;2,999163169690293;2,6520553
246521;3,8553287002130094;3,8454905
557817;5,113866261019778;3,2559955
307934;0,0894271177184315;0,5147774
950626;2,5227390011401205;0,74241424
87594;2,6036198995382174;1,6063516
591096;2,9358433021384087;2,9780855
629051;2,768513471137394;2,6511297
585820;3,1704612159540444;2,8842885
606742;5,653295227373524;3,5010436
722059;0,6182397281608101;1,3124512
538417;2,48836548771642;1,8959262
893130;5,79103945951987;3,863218
774164;1,795433681709231;2,5515928
129258;2,656871060374909;1,1469694
180116;1,670351014370663;1,7266378
870870;0,0;0,50138503
885683;0,2066225386402518;1,1218269
34729;2,99770363639128;2,0542119
797628;2,1172243328404097;0,968274
687111;2,830861637729187;2,265941
165294;3,1040833788129785;1,466881
469045;0,0;0,9105449
706126;0,0;1,1719162
270331;4,908060514885079;4,350421
285613;0,7105182879402836;2,204596
942617;1,5524228634207915;1,5658281
704337;2,614690434796627;1,0378364
940548;0,3179899466685039;0,7731461
485021;1,6082104892908824;0,21624362
190787;3,926100183539228;2,6639967
331481;0,6700141614552863;1,1989367
517401;0,0;0,69331133
795476;3,419274493938531;1,3599498
254161;1,1427990915571271;1,0656953
442928;3,958580595074333;2,1829965
861139;0,9712036955909072;2,4913979
79936;5,215621605903511;4,8325253
327276;3,374582755040896;3,732363
674427;0,0;0,22103512
837133;3,5637015989304808;1,4607263
449536;1,990208159657386;2,4745913
285378;0,299584859826682;0,63642913
956922;0,0;1,6234814
989505;1,6158653793004505;2,3634684
42339;0,1260519962398425;2,6782367
471908;0,9108634350269454;1,1972742
421286;4,5036916628028;3,4584072
546369;1,4611432896615673;2,8579054
336659;0,0;0,65239733
985171;0,0;0,96988595
260214;3,973351182691661;0,73420435
285323;0,944530924660797;0,41839582
588858;0,0;0,77403706
318777;0,0;0,28104198
993074;0,0;2,153809
19734;2,254216056544175;0,3548172
269306;2,2547999044360663;2,4137912
529002;0,0;0,1750983
33999;3,312122457400653;2,213684
156292;1,173767471292975;1,7590853
447634;0,0;0,46955305
888903;0,0;0,3650845
836455;0,756365385901441;1,3939384
654557;0,830683257565636;1,1910449
2422;0,0447888597524364;1,2937384
915014;0,9103213003766852;2,6816375
901825;0,0;0,18713915
606915;1,504939874370958;1,2696232
876418;2,535577492293312;2,0862274
819655;0,0;1,6075957
99099;0,2351181514128552;0,082879305
74603;5,103267178325583;3,9668128
312279;2,560768196353969;1,067825
866783;2,604597521972728;1,1572529
632866;2,9039397848215898;1,8580599
840983;0,3826482937083172;2,7413638
135855;3,3021253266674595;1,7276814
922671;5,537100315924037;4,240915
566185;1,860585034686827;2,995083
611335;2,9053415108973137;4,230054
117226;2,1083667788451725;1,0581138
973722;0,1645830433894903;0,80353117
447283;0,4622900419118954;0,3408698
667864;3,03978949596118;1,801088
239137;1,9754147750301465;2,0523643
518401;0,0;0,24089861
836317;1,677629738992839;2,8407142
976978;1,1511269964886115;1,2444451
138969;3,2882933599070383;2,9649365
898968;2,5225795813935363;2,456993
114297;4,733404925161909;4,308958
744722;2,486481044553296;0,67607963
381285;3,0707211664016967;0,84721804
803241;0,7924143925516521;1,7678516
276447;0,1374988329778295;0,35411426
300117;3,2011102648439484;3,0946138
494622;3,718252795598904;2,5008655
900235;0,0;0,35403717
70774;0,0;0,4490118
916976;6,406603574215493;4,656178
825649;2,761108412269634;3,7580948
623333;2,1502539572866257;2,1198401
284396;1,771868688831048;1,062544
786368;3,4940529381360634;2,1815498
629672;0,0;0,48957723
16966;2,3309592039588103;2,0976548
294688;2,9433769520387525;3,3425922
629871;0,1482693499945818;0,6890196
847904;1,9963158750131869;2,28108
894471;4,718231219568896;1,4008445
918655;4,232439468336142;5,0500593
445637;0,0;1,5744643
117084;0,0;0,52945983
302183;4,608717254405262;3,1645315
774493;0,2412279788314815;0,854134
142320;3,211863674722521;2,0104651
48210;0,0;0,31734052
296809;0,0;1,1878626
440459;1,677361093385182;1,3562969
361304;2,365486340597826;1,7611623
646861;2,143716007554482;2,0695474
644293;0,0;0,24800122
841395;2,557713230538684;1,7031639
731633;3,108313836813881;3,095051
299953;3,798791612690634;2,0558233
633902;2,324998015220528;2,6813884
316250;1,173225031026072;1,1751723
141671;2,5497006405176235;5,1304426
703427;0,5624727886123799;2,2360106
488872;2,69054265592728;1,9740152
726696;0,0;0,78480655
211230;5,511049815556917;4,1986866
998595;2,7502711034839606;2,8185623
317513;5,265595166854521;1,7473689
394731;1,5866447465708813;1,8343204
299590;2,697710577834417;0,569888
601892;3,0036033006075056;3,7633755
623173;0,0;0,5845059
10900;2,0353201712873523;1,2456487
352325;1,554579065316275;1,078077
756850;2,652347817061726;1,7245525
384285;2,251942652734053;1,1111197
224372;1,0539389430947517;2,7774434
797917;3,86031777758885;2,4442496
747714;0,9060567940699956;1,6163815
437468;0,0;0,24198449
194199;0,0;0,23410559
328058;0,540794441261496;1,3353195
762904;0,4766665799838237;0,52718806
191416;0,0;1,6529236
738381;0,9540078309666524;1,8499148
615714;2,434329006633198;0,54761136
579541;0,0;0,38406867
508162;3,581128617564105;2,2994242
774697;2,631700164775817;4,4963446
514391;2,13053520439263;2,8391435
706155;5,479058551963179;3,7301857
285290;0,0;1,38608
947035;3,448552373915491;1,8878734
664820;1,2826000074576966;0,25450683
419141;2,499176931930073;3,277395
564171;0,0;0,27910423
114528;1,5553413399784917;2,5960789
553291;2,014076550049776;1,8811523
970636;2,756869480888054;2,630338
559523;1,5624604321296085;0,6602218
522685;3,7023514978715166;1,4090028
121724;0,0;0,7400504
621429;4,286663008675461;4,269003
76070;2,122368358111552;2,5114145
97899;3,707130493025077;4,634536
849308;3,649777393712309;2,230873
848941;1,7282881931959035;2,4153976
248331;0,0;1,6811734
156327;0,0;0,591343
348303;3,1366274929896107;1,8522211
852196;0,0;0,33029243
97622;5,01375471706652;4,26474
838154;0,4633930481171475;1,1766098
402611;2,675781580808803;2,8325193
412463;1,6086486948372904;1,7717375
637921;0,0;0,034460366
237823;2,3060482774266022;1,6009856
390630;2,9275676491796627;3,5550444
644921;1,3582825157631753;0,47486234
373938;0,1182801049308719;1,9288349
21970;1,2236331948451418;1,0922016
161506;6,274272508978836;3,4321625
661392;0,8400772657690068;2,3004732
150883;1,739501755836485;1,4773216
274486;1,2011335035437551;0,3969451
537474;0,5011514500161749;1,8533204
875836;4,684818855703278;3,5766752
947673;3,521491390511289;2,9040554
528520;6,19295347173418;4,2271824
983210;1,6467128316262976;1,6331034
231229;2,4823433938089794;1,8206565
421401;0,7140165795101034;2,298542
324336;1,1148136928513213;2,4813914
317410;0,2590979875760026;1,5856134
70193;6,604225137950969;4,2047157
145191;0,0;0,77961
269244;0,2127127199536136;0,9396658
610596;3,179798663271031;5,2965775
798254;0,7576057543482504;0,49415708
30610;2,2834666732979625;0,98660576
541600;2,9759442380714285;1,564363
740150;2,7196503872502777;1,8203213
585297;5,300647022023979;5,36532
72976;0,69283061129582;1,2779841
485237;0,2238888389097739;0,9239452
333044;0,0;1,7540317
818028;5,334212924897908;4,5870657
971018;2,390144389350237;1,3241552
181653;2,8092958780270085;2,9282763
988420;2,904349198125353;1,6115931
808851;1,992283941929495;0,4914521
195082;3,117395940726193;3,0701022
923536;0,0;0,4110926
849077;1,2447712378078766;1,3462759
646622;3,330904710976586;2,503347
592845;4,824023654100286;5,6846113
578093;0,0;0,24461448
18895;2,2451280462009584;4,6339254
378883;2,9090145670255083;1,6224282
464569;0,0;0,25844133
427488;1,048068446859275;0,6774272
584392;0,0;1,1248554
98308;2,162674225160942;2,8967128
312288;3,9671265497054375;4,8155375
37437;2,107238595805258;2,4565694
712108;0,1984155301500654;2,1168838
742894;3,810520969950931;3,7024333
793985;1,4584070231618007;1,1911063
249153;2,7149290895228333;2,0307398
66509;2,9741778268348504;2,8499432
206819;2,126902883501616;1,5693896
495353;1,606584514101363;2,3928597
535897;4,085947162317512;2,875378
408277;1,244311625641266;1,3812329
638404;1,0691088970152922;0,5758161
821627;0,0;0,3767463
135761;1,4339138927678448;1,9798132
663706;0,0;0,6979847
435949;0,0;1,0742711
283071;5,236472354646701;3,7261012
166934;0,4273928692393946;1,4696313
965317;2,2971714104749203;4,6576233
610911;1,597128183007591;1,9762887
908433;1,1123854295334628;1,7253377
736678;4,188887820594279;3,228224
541047;4,277147476519351;3,0996225
344743;0,0;0,3122993
452985;0,0;0,26290852
631053;1,3443816399213753;1,9600041
294168;3,1723354164582145;1,7471874
377716;1,1250366741492503;2,1909616
172399;3,941640014440208;3,057009
145682;3,472163984220532;1,2714105
223739;3,443206155890218;2,3904016
302736;3,320002501476504;4,2044544
993128;2,837644090203309;1,3413042
858299;0,0;0,46049383
981396;0,7662337397783688;1,1944767
671886;1,4472207767702383;2,861308
574216;0,0;0,8832489
914825;2,1120133510773864;2,9303741
631590;2,081925089131497;1,8888806
541779;1,7131369190078742;3,2843935
849115;0,0;0,2531066
854129;2,71086148413492;2,017651
425117;2,1981307022503307;1,7857151
22805;2,8166890667116538;2,27914
302203;2,393259047083308;2,815725
163696;2,2201939292669324;2,7372618
365252;0,953779581691452;1,3336565
448661;3,814331413023354;2,2927861
733808;0,0;0,17303199
945319;0,0;0,25623286
566031;2,298901241353259;2,8813453
441747;2,4253015256501325;1,8173497
321783;0,7509766568042088;1,8190036
755146;0,6749692963749153;0,84039354
346905;3,1304983889073443;3,322642
875029;2,9395525858632223;2,5187407
553476;5,053480807736645;3,349172
983782;0,0;-0,009945393
348505;2,2852099874308256;1,2147703
901404;2,6074893998627777;4,214285
741899;1,4336389863177947;2,8960993
765784;0,0144056482909129;0,64608896
54185;2,207172877832968;1,5396485
928402;2,3121343472453426;2,9165194
772625;3,4557581819649714;2,313728
661958;2,099295829187497;1,4836907
850674;3,119879030832128;2,6605449
868492;0,0;0,2073552
840099;1,1547633894408909;1,6353844
550981;0,0;0,30579346
783665;0,0;0,11797607
313899;6,762188833940006;5,0734797
308169;2,227037996741638;1,9597952
831821;2,0612610651421512;2,303406
573138;2,855545273120896;2,7725263
792065;0,0899251620679677;1,2113781
934369;3,922213975122606;2,7772672
683173;1,9386492748846351;1,0460451
676215;3,397469778624713;1,4540489
836994;0,0;0,71211714
768176;2,293992114272261;2,9033728
934840;5,697306546686157;3,0595148
225929;0,9939055469902148;1,5949068
283289;0,0;0,33652657
1013;1,8313115578966936;1,6692702
17027;2,2238079791679715;0,74325943
756355;1,4965243708999532;1,9005392
177374;2,0853843290674368;0,6796798
1927;0,0;1,3097517
102112;0,6522144266648112;1,3292203
99487;4,144126634668812;2,0298827
396433;2,676624947992291;1,828886
696189;1,4032500506067098;2,9230292
742129;0,0;1,0676172
772373;0,9854344042793712;0,5326354
183824;1,553374648345263;1,6559335
778309;0,0;0,55796635
185136;3,980869117488844;3,296693
261534;3,528151993104313;2,7141283
379099;0,0;1,1879647
923608;0,1666835271714024;0,3097254
33044;4,595773098155799;3,1979992
763988;5,7108003837259655;3,5805466
127757;1,9368380795181093;2,45646
528572;2,9304135828774056;1,6985114
582605;2,110724797204555;3,2381344
158696;2,3490365985480564;0,62611127
988041;0,5095763677358387;0,93404156
722191;0,0;1,4949962
955603;0,0;0,46593297
838252;0,9520727711687852;1,0864313
421426;0,0902681521301091;2,302566
957879;3,447882422491559;3,3026042
376834;1,0625212242974178;1,1625165
829775;3,082513699929187;0,62409
101407;2,737916321614525;2,1479523
367063;3,309047510281624;1,0186051
964597;2,051889559863078;0,51878166
529831;0,0147913623620432;0,9250386
711504;1,7931838505774491;2,49298
414663;2,057274711760488;1,0572455
364583;0,9381423999048588;0,45341113
798140;1,0339702895238052;1,6159897
306266;1,6047499005765489;1,3771064
888584;2,4783626305891;3,0842047
459218;4,006163011877812;1,0261781
724873;0,0;3,249686
678036;0,3694529764876124;0,8726772
485062;0,0;1,053113
71626;2,022477414242705;2,6055849
410322;1,0667109122409748;2,2061465
316973;2,216142617145376;2,6039798
54820;0,9667476024141688;1,6404971
900997;1,7348324264269237;2,9193642
437121;2,738052993066253;1,2932179
263747;0,4237839148291102;0,45298028
920162;1,1884263020313637;1,6405244
389454;3,0426490407252094;2,6508784
389927;0,0;0,20453501
188066;0,0;-0,052210152
173331;1,4510597627850266;0,8972302
344951;0,0;1,055207
171352;0,6030060309889089;1,1418548
13958;0,8104232509211033;0,7099777
436363;3,440976197880097;3,2924416
682529;3,773731482846705;2,8715458
14855;1,8526754764202653;1,4880253
862069;0,0;0,96386707
982868;0,0896190612222877;1,8175302
762830;0,1886601064931621;1,5119132
465563;0,0;0,16373092
881568;0,0;0,6772498
742582;0,0;0,87407094
727161;2,300556077247596;2,0584364
963869;3,2548446845447656;1,9350004
646936;0,5685624907073936;1,0935404
170551;3,6938792376576233;2,8767972
646379;0,0;0,12633634
309196;4,523559194343271;1,4573584
926951;3,144357119088464;5,0548725
222275;1,9700002736317883;1,2239344
92113;4,620354101132572;4,296447
31714;1,238754586952579;1,5442133
584210;0,0457423000608068;2,1196284
388351;1,309953149826912;1,6552511
706608;0,0;1,9323052
353812;1,1346306211018566;1,6053869
902890;0,0;0,26621914
548857;4,331500222357027;2,2226782
202778;2,313364246106273;0,55762994
504289;2,98544467489789;1,5090625
214047;0,0;0,4271556
375384;1,9448998098211965;1,9563446
367246;2,1791827944372875;1,1633624
976855;0,6612847207324517;2,8295548
804917;1,8470044954358995;1,3929287
381394;2,3816539971205284;1,0428393
149816;0,5311544579207684;1,1528071
698319;0,5500730369122545;0,8361054
339425;0,0;0,4239006
670537;0,520830463717908;2,452749
597350;2,666292412568837;1,9463019
957173;0,0;0,3198784
10885;0,7835080913610027;0,8269318
640826;3,098536834244754;2,475675
94880;6,075511541912289;3,1152902
160377;1,715559814357026;0,7245029
589634;4,075064663904864;1,5097138
58188;2,6665977659009923;1,7563933
253040;0,1841854244704206;0,72694296
2526;0,6921429167982227;1,1164315
882204;2,046686283034229;2,2243004
300151;0,0;1,446881
961095;0,0;0,2768165
974170;3,313617265965915;5,6986694
132737;4,033256204146648;2,8006601
652879;0,0;0,55961573
512786;0,0;0,468835
871759;1,7665883806565263;2,5140274
898770;2,6375738426956667;1,7216055
732328;0,0;0,7185837
437551;5,173528791652034;3,3483083
653559;2,50459947265551;2,046328
91839;2,0703005655006974;1,6019975
128458;0,0;1,1908934
916339;0,0;0,15315974
211881;0,4023558944923006;1,1686728
297671;3,5889312993623896;1,760861
797861;3,7552616062708566;3,48549
144414;2,3634423524391623;1,5257874
701856;1,162342765516561;2,2334676
558141;2,1295815515183576;2,7427227
939241;0,0;1,0090504
644216;2,568872748078172;1,1660669
258258;1,293045419094306;2,0006077
114459;0,5630133015490905;1,6855967
409490;1,450508428740832;1,9898003
46719;2,8966411540738286;2,133267
883329;3,072464213244249;2,6007302
924337;0,0;-0,032582045
62062;2,780605734021591;2,2104647
839626;1,863391814772969;1,3328135
723849;4,630214764814085;3,1075578
734450;1,8136526099264405;1,7367339
436259;0,3117422413938724;1,3061825
354625;0,0;0,53093255
40495;3,339861884821157;1,5359212
726536;5,296093909164436;4,7738256
668878;2,609706550711396;1,8423512
439018;5,201759612107431;3,7439773
101620;2,9260300264542107;3,373677
31967;0,5788904534782582;0,6071187
92221;0,7539835206337571;0,6193117
925614;0,0;1,5758871
374266;0,0;0,92600256
564602;0,0;0,3608133
396210;4,010967930906687;3,3673341
872202;2,484154667281265;1,4201789
38520;0,0;0,23281962
636918;1,1330033278930782;1,2058741
576153;2,4405511806912497;2,1935837
898396;0,4830802339194961;1,0335995
149577;0,0;0,2616769
803814;0,4736890482211189;1,1241221
672997;1,641401147690316;1,4831645
492202;0,2197398242515326;0,5873815
333912;1,9078287624911163;1,5437717
246480;0,9413836755316256;1,7883842
23114;0,0;0,83193034
138349;3,7443984178512464;1,1172037
898125;2,9489952009869693;0,28666213
505229;0,8638111467225129;2,6407914
607136;0,0;1,4484577
382976;2,8097812596867104;2,8348992
840659;3,147618560236764;1,4310985
252275;0,0;1,1858786
515543;0,0;0,46666712
418362;0,0;1,7806389
956763;0,4556627427658905;1,8057187
960148;3,664516056548344;3,0585437
640268;3,1255818285229093;2,760249
87153;0,0;0,9977686
412287;2,563784984665692;1,6984024
933001;2,398202002869172;0,90184766
837009;2,122435469439467;0,85018504
367312;3,6245177404270974;1,4112451
308716;0,792731890199365;0,4499725
121120;3,087513247791813;1,4489526
797876;0,192002210095052;1,2892873
743174;0,0;0,45551026
151301;0,0;1,358719
194037;0,9352053111120964;1,3258281
950283;0,0;2,0853403
668160;3,867591936828014;1,8616829
577103;2,173444607187332;2,3327188
486197;3,1304077003683584;2,4481688
178721;0,0;0,4710046
487549;1,2271607990129567;0,9641087
381006;1,3423113103138538;0,645213
262314;0,5292475199221045;0,42054248
236582;1,6263123339805747;2,774335
255487;0,0;0,37026864
39367;1,7508355377780445;3,1493034
469163;2,737776742179064;2,8736997
579105;5,45642874846269;3,31825
941500;1,7430237287856558;1,0110483
974500;3,2239999057890687;0,38765597
511187;0,0210262377820312;0,75298333
822180;3,117054085203968;2,3874521
890175;0,0;0,48190752
733772;2,085600161112134;2,1956139
247481;0,9083774758905224;1,6843021
509492;0,9914179607764244;1,895025
971646;0,0;0,88675344
278554;0,0;0,3334095
324333;0,0;0,6194278
635609;2,564262699268699;3,3720238
163488;0,0;0,12241554
586954;3,682480099564782;2,7821536
750982;0,0;0,2940725
313622;1,9161489579238813;1,152962
335262;0,0;0,7381345
371860;1,3450995942394393;0,648427
631679;1,870423918791948;0,31597424
539589;1,9786000437291569;2,3204472
989115;1,8694042445218584;1,2386583
427269;2,3459722624338184;0,20526606
970400;3,5733370258055235;3,4984612
350904;0,0;0,35376102
250771;0,0;0,49694705
979240;1,151137735603236;1,2694814
607048;3,0409333976772874;3,3937964
316280;0,0;0,64922154
122911;1,183037958612326;0,55663747
303520;3,120620561423378;3,700917
246030;1,009522495541631;1,7866659
617445;0,0;0,891036
794560;0,0833145891887794;0,39702004
187584;4,873040913977363;4,1679688
758559;2,690268905359768;1,3717884
421397;4,961305385351893;2,4226854
613850;1,7083476600077094;1,060843
162585;1,5000625339978395;1,3336535
173616;1,263667857914887;3,030607
740623;4,162154801004872;3,3740506
218727;3,0255325031656244;1,7882912
17367;2,820396404629799;3,7422588
996738;1,172160758711842;1,2135042
253962;1,5402448074573365;-0,019255877
105168;4,301521711533483;2,5945663
821830;0,0;1,9049296
614952;0,0;1,7180247
418035;0,0;1,6284084
489745;2,9276908886323105;3,394057
406280;3,313166519827961;1,692115
783095;4,664376446709268;3,4508107
927910;0,0;0,4075248
911152;2,7615468778403325;1,7428
780445;3,2669424862407843;1,5114176
189034;0,6668998920333218;0,9049364
185520;2,4892577543572205;2,9620922
115645;0,0;0,50443995
705216;4,305174774489926;3,2332537
976556;1,2279423852674156;2,4306595
185698;2,157076660787319;1,2062986
463607;3,0853281567112067;2,8147194
330476;0,0;0,15746033
323018;3,4113413366121947;2,5540285
576943;2,195597728580476;2,648322
364125;2,744850627840031;1,1981435
662287;3,427629310672939;2,7376294
990577;0,2724822631225027;1,6389045
703944;2,885821644657502;2,0512476
202322;0,0;1,5805666
13044;4,944666961074939;2,5894752
168306;2,197142333799526;0,51026744
911778;2,2728111535576008;1,4849523
46147;5,21800919659616;2,9808228
174361;6,066184082909635;4,0237393
608100;2,5584160982920494;2,710528
30240;2,7987880213382543;1,3749878
818848;2,7101439031372645;3,7366784
535274;4,878256515728033;4,5502234
24396;0,0;0,60297996
86050;3,095673514640993;1,2897823
776489;1,6533470577397873;1,1224074
554635;2,407648842625366;1,9200373
897844;0,0;1,2063613
543203;0,0506019642343196;0,36132732
560032;4,270131883207901;1,8363364
498183;2,846720443024846;3,7552083
606805;0,7136656469732576;1,9100935
674492;3,2290903106796547;2,2028904
962507;0,913316114516984;1,7097111
632621;3,81367050517355;3,5533643
860756;1,2256562012925891;1,4121913
147016;3,052040210482008;3,0981872
674126;2,3448682810445964;0,44642442
631154;4,750335764862019;3,7350385
468748;0,1869654995592702;1,7312934
376897;2,243056208157223;1,8902764
437721;0,0;0,27177107
905251;0,3884858384493905;1,8137777
446579;0,0;0,41985396
42768;0,0;0,3740718
634136;0,13291499938865;0,14775777
387967;0,4215687339469859;1,6279125
782420;0,0;0,49290374
329044;2,896633605725692;1,4449606
955637;0,8334594031041389;1,2412486
925290;3,4088879570181154;1,7907727
249691;0,0;0,4348199
205731;0,6248999215199995;1,1975684
84881;0,0;0,44978967
727201;1,89349675828127;0,4098959
493982;6,665815243026476;4,468273
306843;0,0;0,64602923
361633;3,4396719756903247;2,0158172
621284;5,0685427026807215;4,0733347
136154;0,2711031396039243;2,597134
296726;0,3546027632856354;1,7794709
188276;0,5315715250118211;1,7286149
350671;3,385843664574514;3,1437888
460775;0,766920919354251;1,3871669
456688;1,2890708715024828;2,3869748
716352;2,699652956267468;1,888252
550483;0,0;1,2272183
554433;0,074449784422611;0,40727082
857866;4,310775172238591;3,2788446
927291;1,7089288275352308;1,8420969
545542;3,482527909776471;2,1600528
179242;1,0227215921982968;2,1071339
692155;0,0;0,23814869
608919;2,8174242061463275;2,440554
551753;0,0;1,0779767
138298;5,1390473765792;1,7510966
509522;1,0035014440862582;1,6187739
679816;0,0;0,42504936
939292;3,714954900411113;3,0887163
450768;5,420894434774751;5,181285
91917;2,8211820128656315;1,6975248
404381;2,3493105814860087;2,7610319
773245;2,3982835102361224;2,0468946
343765;0,8686710458994575;0,42364782
67329;1,1283059850660753;1,1156343
509002;5,430244238552304;3,9910867
407932;1,029843196871344;0,8912943
124837;0,7222189187804339;1,6197693
520212;3,316426716811313;4,357176
234174;0,0300676904650032;0,41328055
697935;4,451000099337014;4,309902
355290;1,0514163597280095;1,2386327
567510;0,792603434511248;1,6677525
458591;1,0148187955208503;0,5873589
822110;0,8660538344856406;1,3904936
382735;0,0;0,44637364
126237;0,7287786540107375;0,4902826
414382;0,0;0,3708854
427557;0,5295506602653203;0,48668945
99843;4,373792991829961;2,307558
94436;2,4854854961258845;2,2387934
112727;0,7366981798423506;0,4214878
207968;0,0;0,6083241
128276;4,754414997138642;4,6033916
724227;0,0;-0,015470743
263655;1,4831704764502944;0,6148695
434063;1,3369646887259214;2,9538877
745377;0,0;1,2184739
189880;3,7839411294834586;2,845905
11487;0,6834832983823594;0,74695385
344188;3,8450561173915343;3,1299572
759887;0,3404368190860231;1,4248998
931764;4,8794756588745045;4,4495277
166238;1,3390838032423804;0,4993477
905215;0,9153224664793018;1,3697158
312071;3,848176961911112;2,636651
416436;1,6722789837405123;1,288538
427573;0,0;0,48908955
147599;0,0;0,50812304
983694;1,2987608189728097;0,52526337
890953;1,6080236917129;1,1469443
655718;0,0;0,11544824
453006;0,5947527809145456;2,0546215
52786;0,9540202194216612;1,1642965
585485;1,6953031150672466;0,70775545
68694;4,439304667332285;3,902828
180822;0,7761442903049629;0,68827355
414050;0,9005609204027708;1,0942996
89702;2,3755917136126614;2,572184
236402;4,487309993672296;4,1309175
967150;0,1741165919730111;1,2985379
339156;7,562795329866994;5,1699123
315685;2,256233334825402;2,5922956
650476;1,807982839854043;2,765102
379304;0,3893582495010845;0,6121003
778395;1,9683937159684404;0,54366857
908996;0,0;0,32445133
389223;0,0;0,36942053
810708;0,8306020258430085;1,5169696
866662;2,81978589929356;1,9945114
762565;0,8876421715607212;0,40039778
706833;2,6907113513813448;4,2349167
319914;0,7217456747769952;1,2785386
829758;0,0;0,45259777
260357;0,0;0,3549946
42488;2,185681048052227;1,331888
691653;0,803579040597816;0,1496669
425063;1,6839549235775535;1,315335
270945;0,0;0,74520326
578643;3,617601511446784;1,8921759
154570;0,98964072155263;1,3340486
549756;0,5578372963248809;1,4725518
324594;2,742305320417616;3,0898116
580596;1,2685576517098456;1,4194595
813075;3,974901368258504;2,888029
471116;4,611988347310154;1,4832852
460180;1,91919751199794;0,49586782
275353;4,613682533869224;2,3567438
463181;2,8111691667478795;2,286972
65155;0,5359620537132332;2,1871936
495383;1,900207923791808;0,9877539
844781;0,0;1,4141635
835778;0,8638358331665312;3,374439
810551;2,733838275244427;2,8528738
885372;0,9455638300422112;1,3944788
264002;0,52274962251295;1,3072151
728418;1,7930933718158544;0,7491963
879078;1,1758583617649714;2,7220747
345562;2,0915823925680708;0,7395033
787925;3,1352646448291392;1,6253446
356152;1,0929737248374047;1,1216018
476714;2,7526985272261104;2,8405664
493594;4,103314484779757;3,444014
767904;0,0;0,4605238
161014;4,703477211710824;2,0436826
207397;2,358067422238646;1,3333569
652844;0,6976694016750893;3,0284789
403867;0,6129887749166034;1,5454512
752833;2,774395651161872;1,9984176
463083;2,457569341283757;2,0810606
21806;1,1077395855723493;1,0365269
844263;0,0;0,21111304
595095;1,2126545811331275;0,8714522
432025;0,4109801864545238;1,7657857
920866;4,905781688889279;3,1127148
991124;1,4942096261437154;0,97850764
79030;4,062429456928793;4,2396955
742431;1,980038674295634;1,038615
279471;2,6547356462027207;1,8191527
279062;5,753723068766554;3,2529678
842330;2,15335074181401;2,69422
760411;1,215190599024642;1,6029491
45411;0,1540494158337959;0,15840769
754492;1,500781776300054;0,63493955
741466;0,0502531291360229;0,34596458
254738;2,097640247724041;0,85525864
332615;0,0;2,0813804
831663;0,0;0,5855071
133637;0,0;0,59752846
978734;0,0;0,5994426
947077;0,0;0,5995495
132095;2,0789115850509807;0,73622924
966120;0,1923177125080111;0,37930155
816274;2,4351844243354805;2,3286996
328415;1,0124818255833108;0,61657196
652449;0,4749681188348359;0,7150164
460598;3,731840491026441;3,7215912
395070;0,0;0,18505788
923401;4,981514103131733;2,4434114
668620;0,3099915291884938;0,7529086
432696;0,8570988779891061;1,553901
925007;0,8600877805492098;0,44611478
502286;1,441789175616344;0,15045261
293165;1,255292612966692;0,63821846
285685;1,128170408823903;0,9886879
208835;1,10686503867172;0,71265656
565794;0,0;1,6847087
179533;4,738023429946919;2,5451214
146445;0,0;1,4216195
533232;0,6727119701079046;0,49665803
175679;3,3585267483067387;5,339698
279859;0,5801812753498332;0,3280822
662083;3,606334786608622;3,0639756
441765;3,1790019345319283;2,9196782
807796;3,3223624585165497;3,5077813
426762;4,221427290855562;3,9207814
12604;0,0710418794354675;1,0618234
635503;0,0;0,72394776
279065;0,0;0,29277003
958299;2,5319227600813625;1,8876524
833976;5,476015777940125;3,3798122
293695;2,4219836358663125;2,4980204
903553;1,6626287185825288;1,8458934
815649;4,998105708780247;5,7019024
132400;1,7799616258286868;2,0557003
195381;0,3518552574826782;0,36832368
499075;1,1801767575973288;1,2619096
883288;3,1917837269807423;4,511882
366304;1,325138937903363;0,22595882
631555;0,0;0,21847326
802253;1,9146698767096173;2,048988
665021;0,2408564767871559;1,2692356
249326;0,0;1,3300648
180833;0,0;0,22530198
542295;0,0;0,23691261
319396;0,0;3,2045238
429707;0,3652714200119649;3,3582227
40755;1,7169113101936146;3,0341165
690419;0,7943574435088303;0,16399837
148063;1,4901726371379334;1,5062476
690890;1,7316570206087318;1,6737106
5654;2,282460627295332;0,6458979
963058;3,5702904202096093;2,7787013
258251;3,76822999803002;2,8939939
263946;2,4054719139580065;3,1060708
21713;0,0324765773193195;0,746349
310253;3,560983627532828;2,5621836
669340;3,2045019792058027;2,7401223
454012;1,3949219159892443;0,91916215
279941;5,60937293619037;2,7796502
227787;2,776013611557436;0,54910684
316537;3,850726299443049;3,5879736
942711;2,837989518820975;2,0401523
49135;1,1725746146750846;1,1675141
680833;2,628809823566697;1,8326426
288228;3,4205374084534936;2,1917663
39511;3,2171859165985177;3,4908426
294097;0,7041708874943752;1,4116043
138644;3,2958097422872217;2,3583062
807028;1,4934442804325203;1,4200048
749107;0,0;0,91524845
36825;3,997330504593806;5,0133743
746968;0,0;0,22591978
816467;0,0;1,6568149
40466;1,9055892870131763;3,158344
549924;0,527351958513715;0,28054005
293088;5,387320858782827;3,0638063
818376;2,165772270106571;1,8375137
803167;1,3478878853938143;0,3832987
502842;2,634820246050445;2,0419335
621590;2,810259668416744;0,8055439
905646;0,2205179323147036;1,0628086
182807;3,785056088452445;3,0628216
869950;0,0;-0,088280916
359795;2,333482223106753;1,1302673
989646;0,5317331146214579;0,42348406
690934;0,0;0,47093093
63519;3,424420722321485;3,2678168
322367;2,0127538891093795;1,8465954
827764;1,6980733541819777;2,1035972
647012;0,8461927423588629;2,92506
323320;1,6195660526372635;1,6500102
891868;1,6274186904892944;3,0596285
157531;0,2120369784781866;0,5068223
130792;2,0314288819440502;1,1400146
853930;0,3098742514432768;1,3641831
449036;5,367342237356155;3,5336406
266014;0,6744324860885369;3,238848
368985;1,0973489873644535;1,6851311
990672;4,618789106220315;4,006556
448606;4,06721194592218;2,9920146
837557;3,0352528943019004;2,2108836
654382;1,2673926470093448;2,7518535
373701;0,0;0,18648362
984391;3,340156617221818;0,16954863
473333;2,346592143850288;2,0956283
343130;2,3565691319038207;0,5121322
123138;0,2398385961183512;1,5915161
594567;4,262818913426381;2,7053328
792270;2,0662960772834857;3,2132266
791730;1,718967764739872;0,8411969
368011;2,6291240576615618;2,393383
168704;4,4177246227956415;1,9428427
894348;0,0;0,17089123
217604;1,110185473869958;2,2856903
643581;6,28146517865642;3,947005
75742;0,0;0,039385855
994522;4,2090849857450845;2,9721048
290564;1,603052940829805;1,0937515
845729;0,0;0,28777093
515325;2,3612528703716777;1,9283066
871923;0,0;0,25625926
483698;2,596300877122683;1,0260754
590806;0,8781252446418883;1,7480878
607873;4,576587684716127;3,1518266
309758;3,2655625264713395;4,060259
314443;2,8833942404230184;2,5746555
388611;0,9900321295393412;1,9855804
755655;0,6490620603836583;1,218366
718264;0,8570076973846557;0,51793015
368449;0,0;0,44780487
407268;0,0;0,07049656
998982;5,193391976898985;2,0490832
417330;0,8373188063374287;1,3674129
528409;0,0;0,5157904
455640;3,100054073309185;2,3831635
270216;0,0;0,597467
631666;1,8848909884305904;1,6103824
549862;3,512825733719899;0,4689089
750700;0,0;0,9048478
29988;4,895553324739793;3,8620005
721932;4,116758110279406;3,5127585
622464;0,9825279654626052;1,9017794
987705;1,2044771910122594;0,7374232
650314;3,275581869486542;2,3339336
664407;0,0;0,2917531
245859;0,0;0,2808333
456627;3,31367575354543;2,3994193
474190;0,0;0,45509344
510328;2,24024177235828;0,51369905
808364;0,1920426386854769;0,82955134
111857;6,561075559394899;5,343814
359152;5,974608799520453;4,3617744
12132;1,1876760417448744;1,8138664
112117;2,5685543110680618;2,0858788
37831;3,1255060095394755;2,4212368
901787;3,872963583558246;2,6518745
486499;0,6399024992058926;2,8194115
513415;3,110731158781744;3,532443
947338;3,5141219631588974;2,7215352
29188;0,7321259099524777;0,12677914
824180;0,401918383031042;0,3986706
943395;0,8797607316827419;2,4994135
619799;1,4395890227613874;1,6250825
849111;0,0;1,3244488
491293;3,136695503766588;1,4264247
888276;5,511482430673654;2,4686637
3789;0,0;0,42066658
437036;3,183627540002792;2,8119085
828965;3,0603003890088205;1,6198593
333872;1,5110562646279964;1,2618855
29207;3,160928943968801;2,1887643
105824;0,7789269710431633;0,87060297
861848;1,6044154595707123;1,2091739
84645;2,3002174334982204;1,7133354
874420;4,109692321040028;1,6710464
50224;0,0;0,14226842
984744;6,074046479870923;1,8210189
247836;2,203215662386332;3,0849824
872326;0,0;0,44276312
899505;3,0753024266448272;0,7890153
855777;0,0;-0,39508343
126947;0,8450312478737068;2,4842563
690529;1,587098691621083;2,5222406
283729;3,151547821926862;2,9950063
527308;0,7103090105539009;3,066757
251345;0,7660617200419362;2,421274
798058;2,225496581176117;0,85247886
573169;1,085901855936323;2,2144182
460146;0,0;0,2030741
639303;2,305533039360109;4,081545
381759;0,7961035804614145;1,0345162
59832;0,0;0,40983996
527132;3,4080685389774823;3,931866
237894;4,4166043360819325;3,0468795
186556;5,013396852335626;3,339196
845890;4,171809908766385;2,9362662
310542;0,6257444050415562;2,5424478
889025;4,623484335534473;3,9879353
164922;0,9390135468949056;1,4285111
105523;2,048731472471225;3,673963
429891;0,0;0,11271435
510976;3,961270866327177;2,7428725
316056;2,0016594895464555;0,6211536
509059;0,0;0,22249103
857793;0,0;0,39430457
21273;1,6266405720401012;1,5327922
422759;0,0;0,9844308
731210;0,4407280787873452;0,89825624
565668;2,2180675500090867;2,194047
561141;0,1724995700036407;0,58111966
565584;0,0;0,08796179
524558;0,5051029136463192;0,2847111
257961;0,0264212107914751;2,0697393
249492;1,900328540101616;4,574111
694723;0,0;0,07363129
86756;0,0;0,757523
131949;0,0590255736496297;1,8358226
292117;3,96284324892066;2,427746
494773;1,9653582650280528;1,7661092
410118;1,955935985295615;3,424158
541056;3,0415349414586217;1,6151296
921226;1,6602385179851176;2,4001608
96692;4,517689067459648;2,5895066
474017;1,3052073710364316;1,9677728
193148;4,174656053945371;3,7794282
756635;2,485979412001591;2,3362193
849801;2,503520889046948;1,0611852
625960;1,1939199715184017;2,1695166
49151;0,0;0,4446244
999355;0,964973378684477;1,0549792
507479;2,714543993089559;0,8989181
326250;1,6628177945487217;2,1200693
29908;0,5618283964400961;2,0418458
772098;0,0;0,56480646
221394;6,797277252608556;3,2611122
451456;0,0030506937194066;0,31352004
831646;5,099498600454398;3,4844522
379166;0,0;0,4828998
480194;2,016087862306693;1,5446771
697112;0,0;0,003865242
344762;0,5234973865332141;2,4287477
661373;3,9855789546996094;3,4277244
50469;0,0;0,5036028
638811;2,739342580032098;1,1449137
456257;0,0;2,2821746
190795;0,1510542890239385;0,32924238
384730;0,9204170848454568;2,596952
146745;0,0;2,034019
953230;3,184631543831178;2,7068243
386597;0,0015993429108864;2,0702438
523351;3,1162144707153807;3,5661914
102638;0,4708030149744076;2,0780644
805157;2,333436183754076;2,688545
305763;0,0;1,7808502
464802;3,852721415170063;3,9583194
811026;1,7143541789792511;2,639825
286485;0,0;0,06975913
636541;4,903134740928764;2,6173716
584835;0,0;0,18499339
996006;0,0;0,3473282
382639;2,6406960156824044;2,240768
703710;2,485967784754636;2,978669
22562;0,5763390561574628;1,6045893
660205;1,445402332302492;1,5886254
695318;0,6480581743760232;1,1435475
756754;4,27719245717322;2,1178007
276742;3,929009490570615;1,0758605
289246;0,798250807328636;1,334686
514554;0,0;0,35900205
381947;0,0;0,6862765
636602;0,1661729715306933;0,7460116
749230;0,0;0,81220627
491650;3,963293540810432;2,9493673
748157;4,348081050686574;3,5422018
762239;2,2456785482814765;0,647382
943663;0,1304008692939238;1,0664496
177530;0,0;0,2029289
470998;5,210142276891524;3,2129722
162439;4,872327286020955;5,579441
116084;2,535332807169028;1,6881995
881127;4,621108559029835;4,58978
75901;0,6293716618532463;1,9324437
952091;0,2642455560033647;1,7894224
691623;1,6186175020188702;1,961722
183846;1,4445838361376788;2,6009712
948706;3,726538379174781;1,6791341
400001;1,3192999599361994;1,3012161
159910;2,02343650059246;1,5499752
714616;4,266254021999541;3,0745914
878934;4,86973178908061;3,5429137
503531;1,8201071264678947;2,4183264
827098;0,0;0,77709615
455668;1,8487590558094231;0,8430305
14314;0,0;0,12887955
974513;0,5153384911575462;1,3975023
84248;2,4294154472486293;0,43859044
300498;0,0;0,4385292
993236;0,4394067171833874;1,7506744
914414;3,110787313291172;3,836807
493684;2,5124879617442404;1,7207985
633033;2,0153467313909186;2,39907
877303;0,120481557579051;1,0501266
173798;8,023755494209112;4,13566
740235;1,324870578255571;3,3879588
614766;0,0;0,44613338
360707;1,7010197571019707;0,8679919
122578;1,7659052026892037;1,7688497
650112;0,0;1,5054123
994206;0,4159700265549302;1,8797722
501615;0,0;0,37219948
186190;1,344284799333925;2,091764
966446;2,6429616676077345;3,0709012
821468;0,0;0,23982567
323261;1,499138094279323;1,7197387
902411;0,0880339125106073;1,0927169
866886;1,5678738593872994;2,1767678
289038;1,3244277753112528;2,276533
386635;1,7032687621081677;0,584532
508470;0,0;0,36513096
44258;0,0;0,059291363
349916;2,670465315750535;0,5804269
551927;4,049622427131748;1,887696
27400;4,226823088765636;3,368481
242867;0,0;0,6245601
477933;1,1926520899772926;1,3027232
29173;1,2726409976245865;2,103722
372080;3,2733777342137627;2,9779603
300599;1,4786914147420522;0,9346697
693850;1,8554193590236547;1,2610186
810136;0,8113862384787889;1,5201292
350789;0,0;0,4723724
942423;3,285841329811726;2,2985888
324170;0,0;2,0690346
247698;4,274346803157603;2,308771
951737;2,889862306088421;2,0448697
26324;0,2779983147037186;2,684804
864791;1,5039221837641346;1,8345029
881880;1,7649456869598523;1,2556492
744373;0,0;0,3503474
612167;0,7891665648979828;0,48492655
4308;0,9146848206550138;0,45407462
986260;4,617061619419436;4,963748
200764;3,305239784567453;2,8158333
533970;0,7889235733487587;0,6143906
55766;2,464807980925648;1,911571
201124;2,782635895296079;2,5312812
691921;0,6324427688083384;1,8979999
905827;0,0;0,18492448
438171;1,0091347245926514;0,80458003
685881;2,317017811976755;2,4077647
534806;3,3278585476633635;3,6772568
792136;0,3871418652829599;0,29076403
12124;2,4193553120646394;0,87717044
758051;5,506962357973943;4,8052864
41099;3,014936108210302;2,8008943
170874;0,9321245271318596;2,060634
398453;2,778592106789094;1,7039034
833669;2,154301977469485;1,6496782
838086;0,0423851745587997;1,1905186
405760;0,0;0,6003609
683433;0,7712330893560643;1,5004967
953653;0,0;0,8647613
214868;0,0;0,5086272
674335;0,0;0,24245214
89718;1,9475665017879304;1,9312584
755854;1,1694881498047869;1,5824602
119970;2,4978149448549734;2,4454165
184531;1,2723299481175814;2,6343677
397665;3,75041990898306;2,22672
970209;0,0855311656510698;1,0141377
42342;0,0;2,666411
529020;1,450833145014047;0,6470671
405249;1,876846046130174;1,4728773
327078;3,3873750623864094;2,3711576
931840;0,0;-0,020987093
864288;2,131570114407976;1,0576745
351552;1,3319325597370728;0,43263683
514021;0,0;0,36392015
324315;2,309486740379007;2,4586756
983841;0,1175520218719582;0,97067654
246488;0,0;0,35200846
261293;3,6891893492833967;3,3549883
490335;2,1362601156861047;0,8190702
915625;2,9276927995967084;1,6059114
675951;4,106355036090875;3,797513
327875;0,6118164266690763;1,3170321
873680;4,0075403248780646;1,6163765
54994;0,0;0,28919518
942284;4,110941901566026;3,0284839
34769;2,02151079676534;3,0293376
539597;0,0;0,6423223
457269;2,892654283253346;3,2474763
316471;0,0;0,46162683
474172;1,3116036018904864;0,5987613
285616;2,568611863986974;3,3369482
533896;3,2074833754359364;0,5430811
886182;4,684491016525862;2,961154
232256;1,477203980978814;0,97387123
771948;2,17903975595851;4,3187494
144111;2,636191109964492;3,0702767
350556;0,0;1,228755
529872;3,48989180118207;2,5636601
149539;0,0;0,67654175
326859;2,379882292898225;1,4005814
543309;0,0;1,50893
206416;2,1276460332984315;2,3456807
107534;0,7495990955436875;0,53190154
649184;4,254865182369388;2,8135495
864621;1,7003965859073953;3,7393842
895934;1,5354904258936988;1,5155365
835840;4,245636701323884;2,9154007
302087;0,0;0,91503847
206390;0,0;0,454744
886700;0,0;0,83553183
346972;1,8612243353009588;1,5329816
149668;0,0;0,49151132
126725;0,0;0,3436603
708994;2,160655467828316;2,2220597
788395;3,031480527798604;1,7171016
536682;0,8286707898695931;1,1662787
540202;5,813902528660357;4,3147497
322162;1,8993893528969008;3,055474
100623;5,018649581571943;3,3544958
865994;1,6366790164159462;1,7914257
537557;1,464061504056668;1,1449802
469855;0,0;0,2875008
364894;0,0;0,7421002
45916;2,431244692068558;1,3197539
420435;1,653992149050634;1,6585009
886272;2,141166978410981;1,0851777
752260;0,9181527667445442;0,7281003
34850;2,5917547957682;2,251852
615273;0,0;2,0479693
308193;0,0;1,0726241
195079;0,2149625107235213;1,4340762
623762;4,544004113827032;2,4125438
465440;0,0;1,2985752
13722;2,467234691335304;2,1881566
413278;4,017086755229908;4,388226
760651;0,0;-0,007365763
414536;0,8215405788601409;2,4664142
728017;0,342578825651111;1,8142928
131501;1,545749479415408;1,6510022
700383;0,0;0,20767343
531862;2,468020102942357;1,8053696
478375;1,312516367955502;0,5977702
402800;0,3552805048639176;0,97419566
682117;2,5375134486028887;1,0889199
805147;0,0;2,1575432
47948;2,755602421488807;1,5120345
684764;0,9844479288430648;0,46904206
720241;2,874718527251264;0,9816989
260491;7,379497897581847;3,3992102
852202;0,7816815778518285;2,8537948
328122;0,0;0,8708564
268892;4,324821119693774;2,8841422
713147;0,9438334392939006;0,98269176
25404;2,2189933093916623;0,879543
112761;0,0;1,4993682
93500;0,0;0,46440864
956181;2,094049789668312;3,378616
469400;0,7671277480908119;1,3174124
45858;4,6529370826607765;4,310091
539368;2,133460761337997;1,2152653
820635;0,7513620687366344;1,3053044
900331;1,8567963881033795;2,3555925
781656;0,1202616425809138;0,28371084
652840;0,0;0,052158117
649645;2,0105405723897665;1,488952
935752;2,898714278814956;1,3377503
616550;3,641616291475733;1,593904
160712;0,0;-0,14137363
51939;3,283525799133605;2,3167348
289651;0,0743145705168575;0,4311699
609411;0,0;1,4551002
923274;2,9788316840597013;4,9853344
652203;5,559880081009959;3,2996628
999310;1,690292231627179;1,6117809
239688;0,9472818744610314;1,0914971
780345;0,9810497047674338;2,0544913
594907;0,0;1,7348205
718128;2,3239586514374326;1,217984
71466;2,239504489893583;2,0957928
641735;1,743522583749029;1,785527
459052;0,0746398739207834;1,1353847
811994;1,419058135021136;3,2135227
603954;2,2753703440534974;2,8814938
599248;0,0;0,58042127
557975;2,178671419248113;2,4078472
202094;0,1957498814321813;1,1239092
202691;1,837087572574542;1,0470816
693487;0,751417688247761;0,8703496
83520;2,6804491360674936;2,0701818
246905;1,8820708173531744;3,0897841
126771;0,8860892771184297;1,2507195
364861;2,581854764766684;1,9548454
650654;1,8001158622960634;0,45517844
537021;0,825742346020079;3,3691292
863709;1,8731790330049447;1,6274308
362392;0,313299598262299;0,33269703
905108;0,900940300816276;1,0245491
53823;4,274783316227688;4,295291
686544;1,6313612311052967;1,1736066
342377;1,720378748346787;1,2520709
945979;0,7499375984579192;0,6769701
20342;1,8752396899357529;2,0222836
645361;1,0176469120325136;1,4911703
699372;0,0;-0,056322217
149884;0,0;0,6652686
366145;3,8774343278199854;4,371977
726934;0,3659074422539681;0,38209826
532347;0,0;1,715831
926040;0,0;0,5792093
752505;2,121340291710379;2,2616315
347160;0,0;0,080841064
700548;0,0;0,38556975
308253;2,2715010779542606;2,3943942
452347;0,0;-0,11457199
668781;0,0;1,8030853
962375;0,0;1,3476312
24098;1,35955866182021;1,8830371
746983;0,0;0,29639715
968360;0,0;0,027228057
759819;4,971429564200099;3,0669606
982399;1,8861249434425384;1,8103396
271314;3,50444098369858;2,1120768
259022;0,8882993423494027;0,73231304
987533;0,0;0,2259621
406259;0,6434551496762251;1,4237013
100104;2,952858420779103;2,9271119
593811;0,0;0,12078822
703133;0,0;0,53120697
322416;0,0;0,17731678
844636;3,472655045886333;2,9765863
814781;3,228058278585941;2,7853286
925115;2,476254774247705;3,221072
205852;0,0;0,26776195
575998;0,0330780099307971;0,8803384
750085;3,914318072697377;2,2430916
651757;0,7508903192393859;1,9324915
638986;4,055962958879012;2,7906625
168472;4,600608724065607;3,7235086
221104;4,657787946087251;3,6423619
970461;1,109614426946621;1,0906552
918094;2,826903107588246;2,3962708
425601;3,28869905769332;2,9912765
242120;2,8670069491594417;1,47285
954921;2,1105395986577804;2,6774616
709694;1,7365623444768232;1,1241168
797909;1,8543686753537785;2,66686
922159;6,994196901215652;3,2807925
898873;1,9849253491203287;1,1476315
941804;3,4945988512932264;2,8315032
363409;2,28567854070771;2,7797112
854755;3,0773567128872528;2,6300597
879057;2,1964821954027003;1,849795
657569;2,275048792173352;1,0138377
55723;1,79106791799536;3,770896
801842;3,2973715641917374;2,9317365
656878;2,9728403060291253;1,5913724
181647;0,3330661124665522;0,77221346
292049;3,6375842564856047;2,6907508
882772;7,698581762106978;4,5229106
882071;1,9473789441525136;1,4419005
922616;6,009426259820557;6,0701437
248034;2,306812748272033;3,494192
622642;0,0;0,37101766
286376;1,7602729154637442;1,9243836
967656;0,0;0,25872886
81864;0,0;0,97625476
261418;1,2741532515040006;0,91113216
748356;3,2889803153680344;1,3813274
691443;0,0;0,26966602
261714;2,692953091348857;2,9597592
642063;1,463581465483336;0,3905332
275971;1,3521115028113408;2,2573624
697606;0,0;0,5324329
368943;1,8969860147319533;0,72769994
606209;2,74548223938084;1,5485005
761788;4,224224676053099;1,7577162
295097;1,3202775522291992;3,3273728
871323;3,50903536462835;4,0935655
218323;0,0;1,1591142
106228;1,160359148078698;2,3447628
118720;0,0;0,27626497
142205;0,0;0,7134435
979236;0,0;0,24629575
999532;0,1747588525242389;1,9206438
784000;2,1794289883173548;1,482024
585417;3,896369196543337;3,3793643
974390;0,0;1,7203121
478092;2,6996461216362846;1,8244193
754931;0,0;-3,2305717e-05
489462;0,5029166495143702;0,6477105
216921;0,8565785248075803;2,859238
208583;0,0;0,036278486
659736;1,986952668476988;1,9158925
578045;1,51096731479972;1,3428942
267969;1,7118709072786962;0,92150986
23712;0,0;1,4893167
366431;3,2352251614512024;3,67721
861132;0,0;0,17325199
297097;1,5270455817757609;0,53235257
688985;0,508471158709736;0,7939896
422176;0,0;0,5009314
680376;4,482184321847757;2,161707
231625;2,9094585336511067;0,9953357
239539;0,0;0,17188966
229267;0,0;0,27890474
207398;0,0;0,628007
354490;4,783378392784371;4,927946
796494;0,2726228885523;0,5959386
808353;1,4892685035681217;2,796034
523142;2,124725010367442;2,0780911
155168;3,100384103980481;3,5753682
596889;2,168485592680258;1,7218823
129158;1,336236996164203;0,97795933
400607;1,5955358677594793;0,6186402
749111;2,5268838266709133;2,6826053
375928;0,0563216785076672;0,7333157
663068;0,0;0,21657157
521028;2,24380100061133;2,510447
748090;1,5111702713324442;1,7750683
137765;2,0664036384996027;1,1784213
565160;0,5448864225703635;1,0449829
75315;0,0;0,32506412
474340;0,0;0,7606236
997392;3,0649152956395715;3,2027185
606814;4,172018377289394;3,6772254
538915;0,0;1,6800655
438447;4,933200918684855;3,1785457
853091;0,0;0,15182936
577724;3,125777122934295;2,9688332
607556;2,6320172182857093;1,1359775
863976;1,5834772675745366;1,8555071
874010;1,866089463333192;2,514614
920408;5,043883906150567;3,8234782
634418;0,7995028386476435;0,33242607
610275;0,2015540754065956;0,5301662
679346;2,593552129542702;1,7051756
835021;0,0;0,41533083
707335;3,194297917083909;1,021559
19392;0,2350341919390726;0,07952124
252022;2,313131682610299;3,6440735
945733;0,0;1,2399588
292394;2,591701761306248;1,2561741
736724;0,8083119264703204;0,9572495
424748;1,825492959562788;3,3813329
634322;4,37576647176077;2,431302
328104;0,0302238281983453;1,3615286
717134;0,0;0,45024294
816580;1,894122029634985;1,8034264
29331;5,473271386783091;3,4902632
19197;0,8649178482527327;0,39048988
242623;2,40788078991598;1,0582681
674122;0,2603714031454652;0,34285253
355139;0,0;1,0332284
385837;1,4445131956292987;0,92165494
878068;0,0;0,32905805
394640;4,5456596746330815;3,4506512
288154;0,8345691113458316;2,0363688
590434;0,0;0,45781952
47047;2,819958124284688;2,1150007
722799;0,5606650372886699;0,33538058
835541;3,609484559275911;1,2361215
720180;1,6826495511708233;1,6623253
736100;4,394630380252366;3,0288613
351361;1,9874167814142163;3,1875594
632753;1,402563411091719;1,5061705
698273;1,857176584130199;2,4067955
533315;6,750203157201812;4,3933086
721874;0,0;0,1360771
28123;2,972748136887001;1,2734474
520065;0,0;0,3588531
509712;0,8547346033052836;1,9801522
489709;1,8844068029938248;1,011702
900384;2,7103565353777594;1,9474435
692105;1,5524327781033278;1,6008881
546304;2,0870979636336973;0,8514704
605616;1,24848465841712;1,5494437
408099;1,2535351587122752;0,7933992
909212;7,218987619211211;4,2184887
592449;1,7949997393952866;2,2665827
195967;0,0;0,7773086
388309;0,0;1,1267648
805622;4,876553359111883;4,902974
851850;0,634334919895791;1,0720134
977227;2,263398096813714;1,773832
731816;0,5125119169793476;1,9403291
319694;0,9138089361433944;0,461408
212852;1,5461786491029057;3,5727854
61756;2,245266610406309;1,5303668
775698;0,6223232483923316;0,90062463
333107;1,2452559426349743;1,2245831
816283;2,2404814657802112;2,757892
138823;2,9214927841504728;1,9216268
936510;3,026671585486103;2,755446
999076;2,1227725504963377;1,6546726
920789;2,4507907373479245;2,1663973
733048;1,2832185148798598;1,8854289
987457;1,4892644047012782;2,1446085
866304;2,7097579514144075;1,4789275
727133;0,7529027228443067;0,6769347
909227;1,979091238790012;1,9869761
282840;1,634612594552424;1,3453104
183012;1,2653119188507422;1,9341956
523726;0,9160506538637327;0,4955216
299138;2,151950948546026;2,4291954
144267;0,0;0,7668985
448789;0,0;0,440692
911781;2,028326510958665;1,550195
861187;2,20964629380999;1,5481919
131943;0,6438662928587335;3,3565347
180384;0,0;0,2955442
333937;2,7590923604947752;4,739456
610978;2,306053669428828;2,851196
973138;0,9037665256796694;2,5603256
244600;1,0771087382853182;2,0789847
274669;0,593998774059616;0,5675737
140613;0,0;0,45111293
405326;0,8774317486898447;0,8567992
690905;1,8396392938193968;1,8437744
596960;0,0;1,2880344
753763;2,0931161835832737;1,0992569
729861;0,0;0,5606978
712991;2,605924402097452;3,0600488
300435;3,9512632926550335;2,1083403
912718;0,0;0,33381885
390278;3,414627185253687;3,9823482
437410;1,1247537822402696;2,512609
56906;0,5714085850089918;1,9920946
566300;0,0;1,1340775
639204;0,0;0,2300089
333941;0,0;0,6589174
235917;0,0;1,0263215
580285;1,7150466810164673;1,3929024
816614;1,0682274827588671;0,8053813
486035;0,1324944996489837;0,63695747
209076;3,6448616453783886;1,8340509
44837;1,8302233436464848;1,7152097
94200;0,0;0,9249798
226740;0,0;0,29696822
456806;0,0;0,46443406
730223;2,2272573434871035;2,0403402
991178;1,6405734599611712;1,8934791
747519;4,170197656742344;4,1784143
896915;2,228311962505785;1,4364794
192631;0,6022403710230897;1,4651967
286767;2,5447417399824346;1,7513452
514145;2,5751072681407514;1,6877826
702776;0,426775976347074;0,6996634
436638;0,0;0,34278977
370525;0,0;1,2174954
914728;1,6283664279931211;1,4693528
685682;3,256573398516699;2,8069007
832418;2,056497611305408;1,5996282
269070;0,3845730469085306;1,6372675
5998;4,944683316093846;2,7101455
627010;0,4463420714805456;2,535742
438039;0,1135881482832407;1,5070994
978546;3,7984135918462094;2,8426907
777651;1,486375165698776;2,2834957
200937;0,9723049426686567;1,1087167
5679;0,4274955682791969;1,7204708
870421;0,0;1,7261298
223165;0,0;0,24048114
949155;5,167599564289168;4,56938
906201;6,361911278510824;5,3028107
626241;2,589736024884957;2,4712253
334481;0,0;0,49791875
481845;0,0378136653546344;1,1596081
154842;4,265140933904726;2,1058688
553767;4,4918321143951685;3,1673424
117738;5,466301053869193;2,4867175
78332;1,486611902806328;0,41084376
525386;3,319150941224526;1,5402691
267138;0,0;0,5781051
277094;0,0;0,16158092
56916;1,1517659747114974;1,1819873
663600;7,247602235660949;3,1755178
366520;3,612492947431628;2,6416266
142572;3,319187186168864;1,8256655
392395;3,6759946404589936;1,2263874
333863;3,551309833309176;2,4746394
561935;1,246592843304624;2,6716971
578353;1,6392576559429703;0,44412643
153283;2,4208926338554115;2,3517897
477463;3,842898855695604;4,9296246
724884;0,0;0,3242422
213737;1,6154192282934203;2,3054662
640381;0,6529200875644349;1,2617908
943163;2,2849958054732245;1,1829711
962928;1,9672669527704405;1,1465394
281893;2,099408815667732;0,8722578
258229;6,779925866688487;3,5838368
312704;0,0;2,9358823
184504;2,562125228126728;3,5434396
758841;4,682052633630961;3,930099
839183;1,9423648200238792;2,0025818
958780;1,1782116469428512;2,0110466
79438;0,7478316073780673;1,433146
62508;2,360503859664846;2,2782247
754412;0,0;0,120115995
914649;0,0457617994214888;0,44183058
883936;1,0942265613551476;2,5791783
203980;0,2928414025321463;0,9083182
257537;2,772471896483507;1,4880309
55182;2,853953563611009;3,4963615
79341;0,3126182747820903;2,345343
842105;0,8667187508554721;1,955488
279972;1,787093138349301;1,4729936
167218;3,2572932937031327;2,4380507
801964;1,3774832592630963;2,3048315
617637;3,0018706754831235;2,8517385
816970;0,500892279081262;0,9434568
367330;0,0;1,0940613
606037;1,1197395821974845;0,45961857
437381;3,4097833876003487;1,9949832
411035;3,339140324525043;2,5094657
918479;0,0;0,74568504
492649;0,0;0,9764058
293037;2,316928415452272;2,5602937
434705;3,560088114816965;3,047096
592390;4,759211418087134;5,086815
814521;0,0;0,4049948
913267;0,0;0,3990518
824571;2,614416457535296;1,246458
612736;0,0;0,35747117
705744;2,5593652303477343;1,1148429
451388;4,340496314239233;2,5436702
269720;2,8282346617699425;2,0201755
661538;0,6091636909228161;1,1524252
470170;2,075960550692471;2,3946977
762023;0,1929854217665532;0,28937078
168790;1,5385028660308544;2,4206893
79773;0,0670505981548995;0,31144
103986;0,6983381982011161;2,8610103
946097;0,5087076112209945;0,87713283
799455;3,7311284712627497;1,9908421
475731;3,643709889136956;1,7777452
355838;0,0;0,72928697
884473;6,315180389295488;3,9042099
57526;1,3747139727415476;1,2342026
897713;0,261100115513707;0,6419493
912477;4,007355148363649;1,5552933
268869;0,0;0,21478707
289825;0,0672363008544237;1,5354664
7965;0,0;0,27394664
726327;0,4781915336509885;0,80752456
462510;1,7140192957129428;1,6538794
83933;4,680203477544183;2,9585214
631444;2,12434006298718;0,68877304
730204;0,3374832479269507;1,7088382
338136;0,0;0,9383154
10497;0,4927254203806783;1,1837891
661139;1,7359717664209295;2,2681637
432715;1,0429029649957626;1,1435791
255389;1,838607597711912;0,48285854
605750;3,087712480194429;0,553394
510229;0,0;0,36386323
257115;0,4014246272798838;0,34703222
42329;0,8186910391124909;0,36005464
418629;2,956591772979659;1,8230059
959092;2,4639221793378656;2,0739427
390616;1,7988990748525495;2,1717067
712721;0,9045740410258306;0,6062207
921054;0,0211573306981738;0,89357644
851770;0,0;0,8863693
698880;4,739168919760829;3,9541547
301363;0,0;0,95164996
816187;1,2690979331816543;0,5256947
816485;0,0;0,95055753
941270;0,3720471649570374;0,9179375
450327;0,0;0,05040586
611265;2,300139789587454;0,8938501
941952;0,0;1,1292421
64391;1,7473597486806878;1,4430431
905760;1,2705327717421655;1,1401957
914828;1,3547861745639445;0,8646711
147441;0,6855296077640718;1,6017294
718125;0,7052387070697361;2,759604
598132;0,8501580190124804;0,9786479
608035;0,0;0,190494
51162;1,8859455547062545;4,5723295
132142;1,2728197361527926;2,173027
321983;6,703504751648191;4,125266
111938;5,4193661814846585;4,940694
987926;0,8469502682296146;1,8027546
787087;6,435133664509828;4,1576066
388760;3,0889376491003864;1,8439999
384441;0,0;0,43058288
357040;1,3859626647858652;2,0743446
843694;0,0398881257660277;1,4612477
262911;0,0;0,52884185
155454;2,0711771798230325;5,0441875
674139;0,0;0,5012762
632134;5,091153058221012;4,5854244
70262;2,533013605444701;2,8308954
521499;3,4213041854066275;1,7802634
255828;0,0;1,5254726
567298;0,742606349570534;1,1234357
771308;0,0;0,47315764
980757;6,177258130242191;5,187332
217866;0,8358445486383059;1,1499041
507441;3,5714600350458583;1,8752254
233255;3,080224343613233;2,7922995
515994;1,6900695909931345;0,9762801
185570;0,0;0,73584455
384910;3,157034934393535;3,401038
564708;4,304539667399841;1,9833527
461084;0,0;0,8995119
426179;0,2419492093640233;0,2982269
427362;0,8931419625033319;0,8679068
174908;0,0;0,09445351
137696;1,268648928665225;2,83513
515070;0,0;0,993755
300968;3,1433213058423224;3,2735178
671311;4,62741773361229;3,6257718
493833;0,8456514084235764;3,6738865
397678;2,9266029129854627;4,037876
757239;0,4634453140363305;1,3735533
341161;0,866535003931303;0,98893064
547968;1,4203606700940723;0,8634206
391378;1,2212302003270583;1,3342474
104258;3,2779775400005406;2,0999284
132649;0,0;0,57764983
304328;4,668985625821536;3,7389543
228360;2,820041551753382;3,7493575
444144;0,8218067723622582;0,54212487
921307;8,307954707251328;4,646873
743090;1,813213836709162;1,5845
94158;0,6857981452298776;1,446943
464559;0,0;0,31086376
783827;5,483003803695679;3,9701965
564210;0,0;0,883056
442540;3,0183010194366138;3,6412766
998737;1,7691188712897816;2,3821666
915585;4,223803397213675;2,1358292
322020;3,4633836378135063;3,251418
883826;3,892454225833111;3,1050649
842903;4,053972300826495;2,1269321
242635;0,0;0,053950965
738683;0,68485478050425;0,70985794
997623;0,2059683596044845;1,9216465
694337;2,928620762734721;3,0133855
959120;0,9234821183738512;0,9736011
230771;0,0;0,25333917
114998;1,3243053905293216;1,0201358
274782;1,4256516429166484;1,6669631
919897;1,3626042299159926;1,5564637
172851;0,8198830765319601;0,3836993
283009;0,8104978809634884;1,776928
539032;4,33152916166107;2,5295
49372;2,723152668423229;1,560673
211273;3,0061558581673724;2,282401
304323;1,6983379104647378;1,747281
320514;5,691067581766808;3,49068
319715;3,238872394808918;1,1258888
304736;0,0;0,4412444
124012;0,7556350124484977;1,707685
879184;2,9153761730734944;1,0212061
406389;4,095868644376684;2,5124404
530720;5,204903927918688;2,43227
742836;2,0273733857085348;2,6834292
472539;0,0;0,16143435
861036;2,8037579084493;2,209579
229897;1,0429657959059502;1,9142338
156323;4,541131866552013;1,9481015
919576;0,0;0,41178745
536840;2,778581293651171;2,9385338
979308;2,491179808642067;2,9402983
74497;1,3012182410530475;0,98705393
747986;1,5195390753099656;2,1853504
768649;2,6490004418467703;1,4407127
535967;0,4983609850445621;1,4476184
232303;2,721854265099471;1,6728222
940944;0,8401690774523197;0,6659929
436899;2,568926163537288;3,440116
987775;0,3386388923494163;2,3011506
396220;1,9278287653047148;0,55750287
450169;3,2865695399630983;1,6293964
499838;1,7603224770265125;2,5055633
271354;2,1630820446642494;1,0804389
431387;0,4435599914361831;1,8831723
481143;3,4961441831995064;1,568413
981140;1,2348158213742717;0,76790696
304684;2,144056678847491;0,7010134
440472;0,5823101129157904;1,082618
961440;6,799485527571426;4,474701
680297;3,048650960397967;1,640703
14402;3,3107276169779034;1,7282319
184172;3,4144899479579505;2,182863
163016;5,055776580699677;4,8104706
529264;1,6186454117838374;1,5472083
579373;5,502828855063995;4,9242373
535169;0,0;1,0850629
184076;0,0;0,5765206
283819;1,0182174010938845;1,9372063
353660;1,0217424975903246;0,67583776
946008;1,5375888722558342;1,1781609
226966;0,8089441752856085;1,0607924
59831;5,47779837824363;2,5045638
836829;0,0;0,39439243
312395;0,0;1,0139413
45097;3,5171878511979133;1,325862
251002;3,395097589201126;4,0376453
304243;1,7590478159630774;1,7603657
331822;0,5199084893498764;0,5411219
439997;0,0;0,30186164
348520;0,0;0,06956959
811514;4,2963511083577295;4,524274
404236;1,246541195064896;2,2716193
520412;4,37658191857815;2,5889869
577786;0,7051940794586289;0,3751701
940748;0,0;0,25783277
966351;1,117227832529044;0,7300823
269019;2,243753874956369;2,3779979
607075;5,738877040785324;3,4088852
101806;2,386666288214905;2,2311394
318248;1,3280082281044052;0,6468283
612478;0,0;0,49751568
44878;1,2131937399869228;0,36943054
823160;0,8401241569127365;2,5665507
966824;2,150312604320211;2,9258769
180772;1,900073037153172;1,9163003
239855;0,0;0,16351652
317745;0,0;0,21157414
136992;1,798614613569408;1,1927863
991682;3,896394886289969;2,2203531
504584;0,357814802326083;0,8844471
73062;2,715570562042496;1,9349692
840812;2,0921074216022086;2,176752
24483;0,3912966443753943;0,44887605
510137;0,0;1,2579507
25738;0,0;0,18082726
459636;0,0;0,56284446
801727;2,252084947145751;1,519758
441043;3,036367217340868;3,7471876
762901;0,0;1,0973263
291001;4,341527441555849;1,5095022
894419;0,5234136927749931;1,1864965
845676;3,819841269071199;1,8131026
622291;0,0;1,4387935
263937;5,145981871212767;3,6573436
621772;1,2476671286253007;1,0747945
832609;2,74944468710825;1,0612843
956737;1,7332336482287252;1,4723756
112132;2,8401982216334263;1,055831
945861;0,7170251856789327;3,7774556
136764;1,2000166805693495;0,42584372
41360;1,8710682379234147;2,0521324
755785;1,2765100999902748;2,3218288
921327;0,0;1,8997465
380091;1,98113395442918;1,7666998
64098;1,7990271712058874;1,1233089
124153;1,6171835288099754;1,1622539
682773;5,568836523011947;5,260517
870661;1,669272220674078;2,031464
230258;3,736858240104419;3,204508
424584;6,3336614996844345;3,3375995
838564;0,0918482037275372;0,5331673
971586;0,0;0,34258774
214814;2,994468591352408;3,4259796
87726;0,9893490796223914;3,0802243
273084;0,0846680851024231;0,5471502
478345;2,2054443275594715;1,9488809
623351;5,041719027728205;4,308033
975252;2,3395407696880297;1,4888096
403908;3,967846988468961;2,1647396
737927;0,0;0,45709765
928548;1,897307502280038;2,2302718
622281;0,2784120219108916;0,57474303
749451;0,1635357654718234;0,60470104
456110;0,8871549444464866;0,3628718
865000;2,6819978358944274;1,5798224
161357;0,0;1,268773
13032;1,4797692213446147;1,5014858
445533;4,298860718863912;2,9175043
923013;2,747989051393514;2,2063856
497628;2,094655371173208;1,4588892
454739;3,902185913186539;3,0396647
362039;1,71355219294421;1,245971
902468;2,2890284156967176;0,3829974
531111;1,124466519991173;1,2705599
952905;0,0;0,44844234
869490;6,633877720234918;6,303314
678944;2,1421556591322126;2,0775547
597730;1,9867697073631545;1,7051165
793497;3,71745491834821;2,7571907
730758;0,0;0,7439582
343740;0,3608675862440083;0,9088832
197148;2,718840148804184;2,2931046
365454;0,6192819877354866;0,2317915
422870;4,358089610532908;3,1680949
24610;0,0;0,9469899
949134;2,7599904273845386;2,8929918
650056;3,545131925385614;2,3422356
29179;1,6082083787751018;0,80344313
951815;3,4521193324167143;3,641462
943725;0,0;0,41069156
861684;4,270537288904163;3,6518455
604780;3,955138232946077;3,6705258
668836;0,0;0,43051094
681166;1,4346667324410656;2,6610582
906349;5,448365626241701;4,553035
329562;2,91405816663414;0,8167873
922595;2,8977203990785;3,08717
53964;5,11371586219335;2,979358
834321;0,9217890115850074;2,4364307
317309;1,924223304387971;1,9166391
221244;0,9093041774605568;1,5623269
179359;2,5491683511187384;2,0970306
171661;2,848860477613442;1,6691524
1172;2,449907966977225;1,26841
674033;0,1818404009260974;0,7014406
45009;0,0;1,3163825
711544;6,305625485026602;5,4600315
679442;2,08199653280564;1,9306896
291145;0,0;0,2993449
332607;3,963231959542615;3,7038333
688851;1,7445435997279792;2,1488762
244627;0,5609379919710363;0,79287696
244152;6,032973943529837;4,8411655
770174;0,5486682334716124;1,7770123
426210;3,716162647292024;3,7916934
292751;0,6242453669286916;1,6326705
682628;1,439532648848146;0,77896297
569953;0,0374451206515012;0,21386606
129583;1,893165057722138;1,3348658
674853;3,9030589062855503;3,2695518
332295;0,0;1,3687172
954826;1,368667154681585;1,9028307
716506;2,1985314695987457;1,8177615
124129;0,5846744791353244;2,3411362
319756;0,0;0,47318935
388242;0,8963302833922466;2,2594192
664001;1,1169986430310757;0,3363656
88685;1,0070390366594506;0,75652546
470388;0,0;1,303765
17453;2,949319470262161;1,8277851
841005;1,4747885614799945;2,464525
586575;0,1018286722922373;1,6156507
977046;0,0;0,10702503
728611;2,66391475312288;2,2377439
14555;2,5284775862782065;1,9991292
913794;0,0;0,15747857
287703;0,807281965491485;0,7858256
954172;3,36500710120428;2,5700989
908618;0,0;0,21107268
989080;4,194199408598337;3,561939
830631;1,2793193686846438;1,2976269
203345;0,0;0,42447925
508766;3,60579329133636;2,5605206
983030;0,0;0,48157734
45280;0,0;0,22130048
765620;0,0;0,5369798
659843;0,78450430384793;0,74823064
924856;4,5191037758141865;3,8321183
721189;2,1947492475672954;1,4334023
809697;0,1634170515022471;1,9348044
205337;0,4599316173747574;1,5929027
98372;0,03442628237582;0,31560373
813823;1,4234122207273383;1,676479
421571;2,045307331145465;1,2747324
741054;4,346413456681227;4,515737
370695;0,0;0,6673789
910572;0,2528581485206526;0,94632256
15771;4,467334656411333;5,248476
181020;6,219781821833836;4,65814
704310;2,2838002153760604;0,39004818
317328;0,0;0,5271113
159420;2,7689419930438897;3,4185054
657052;0,0;0,46664155
303393;0,0;0,5744704
934825;1,0434729013127582;0,62067723
886863;1,7409941945340897;2,9636562
825851;0,3801973970527225;1,0356106
571685;1,406685973384248;2,857888
550660;0,0;0,61300343
342444;1,150266235279264;0,4910578
985524;1,6211589364385786;2,4510858
79024;6,305712414201783;3,7787569
347602;0,0;1,3209865
92247;2,765327696660679;1,6776097
1159;0,754643214389312;2,6711311
919557;1,0887102772047443;0,3645863
574994;2,290104755874809;0,9850365
903077;1,734232119362707;1,6506934
164925;0,0;1,2393184
98490;0,2803032302466982;0,4912803
436887;0,233285259761087;0,8104282
314289;0,5074746914187939;0,9188361
462400;0,0;0,58348966
205486;2,5850622109571204;2,2942934
579707;5,53985772016977;3,0448997
895967;1,4194839735964115;0,9417167
705069;0,0;0,6815389
809483;3,139342935219688;3,2024124
461459;3,5704522095434847;4,040971
639202;0,0;0,13263845
821532;1,2512780880431549;2,1486619
403180;3,96799703946764;2,3011456
410311;0,5864147958459137;0,37988177
594377;4,711415604396326;3,821633
323660;3,2871908801927443;3,151882
602558;2,7923401994899395;1,8420334
554987;0,0;1,4956219
693056;2,407593128315539;2,4693086
596811;2,3487363334138416;1,6234794
683594;4,652513805927738;4,2329664
883209;2,876054814972035;1,3870997
559083;0,0;0,87905174
474600;0,0;0,16866118
600680;2,397942871515618;2,3648899
674765;0,0;0,12296045
111538;0,0;0,17958772
967686;0,5431752770281986;1,1879271
268239;5,907311774109029;3,8834057
298312;0,0;1,0360074
946067;1,8325004537119507;1,3706555
229069;5,448328774881713;3,58442
76487;1,8054922189704068;3,518103
977306;2,702871399787968;1,0719141
239821;0,5734984494497233;1,7198274
695270;2,1602003566370094;2,5267732
599106;1,1984936599468796;1,4663012
717720;0,0;0,37353328
460572;1,3638074813683647;1,2288866
182971;2,8711988162426336;2,1934047
902156;2,481842765269044;4,160079
867852;0,667510318774819;0,9486959
938888;2,0082628564909566;2,567523
87037;0,6118092083233715;2,803437
149228;0,0;0,8366835
270774;1,9020209374538068;1,9743414
380757;3,815292050012109;3,8208807
930231;0,0;1,7202209
92517;0,7211764135044695;1,0822275
406164;0,0;0,43884984
30996;4,505791309002507;4,0934076
826734;0,0;0,38139814
466833;0,9359330190432742;0,6304995
271422;0,0;2,0156493
799539;0,0;0,26564115
47248;5,0548179118929895;3,8664672
590982;0,867750405075765;1,9488795
299311;0,0;0,53121203
582889;2,473215699557352;2,9257672
518780;1,430132581606121;0,80401057
583836;0,0;0,46833068
758777;0,0;0,3826906
959012;0,0;0,41634554
375956;2,438824312264748;3,5253782
658279;3,106015324558551;2,0489264
85619;0,9955076552197056;0,6960814
832310;0,0;0,37675214
213733;0,0;0,1414113
430584;0,0;0,19551593
532827;4,407059913921531;4,1905394
967962;0,0;0,68182683
865326;1,7506896262562006;3,3510711
110174;4,206739081830669;3,784301
574185;1,6479661610733385;1,7687889
423587;1,58725486051775;1,1291907
527083;0,0;0,8018646
851268;0,0;1,5945834
703415;2,5623128395000205;1,3462462
166853;4,920069129299559;3,1572878
292061;0,0;0,18240172
538895;3,1415915944349138;1,6203269
911545;0,0;1,876251
635554;0,0;0,4532402
911991;0,0;0,7905253
528651;2,724723894776518;3,670264
574857;3,621957921565727;2,7340143
391615;1,8204547984558013;0,66592455
23555;0,0;1,3138573
886921;0,0;0,05722618
965316;1,5538713422261967;1,3407012
458385;3,089099896740764;3,4130936
126821;0,2899743647623556;0,4604889
144151;2,793132075044346;2,0202765
322939;0,0;0,24551749
67477;0,0;0,2956424
707963;2,977891780477467;3,0531864
983140;0,0;1,9204731
591015;6,458781859290656;4,8170986
216924;0,0;0,97261375
268340;4,444278378422872;3,2806585
491615;0,0;0,3390005
10499;0,0;0,58858454
573627;1,2575830947022992;2,8092675
622695;0,0;0,33314368
503480;1,3667139923477132;2,4088106
768665;1,7305977469545788;2,2422326
284098;4,475782079810647;3,428881
677913;0,0;1,7880354
963802;0,0;1,5646381
982507;1,839026264743456;2,3741088
82459;4,119048197131914;2,9916306
4931;2,5219311439266576;2,6528323
602032;0,0;0,8397903
821865;0,1777694512403822;0,30191338
525388;0,7893523006526709;0,6819338
793619;0,0;0,69049037
102597;6,051289496016662;4,3129215
667363;0,5146823428502052;1,3538381
62983;0,6323149318555551;0,25193876
923694;0,0;0,6896196
736552;2,57752596008283;2,6201744
539426;0,0;1,5468051
498019;3,0149047562254667;0,35647753
927065;2,2095623186262405;1,8238872
424658;1,692794697324119;2,2001863
401469;1,5024531186697516;2,7439027
76815;0,474702846594596;0,5680702
743480;6,05912782430379;4,4295287
616464;0,0858297856895833;0,689275
539897;2,7768979025693583;3,6493602
243418;0,0939008519394445;0,72584325
590230;5,15951724809765;3,6741393
413208;1,6329324967339152;0,71036524
949180;0,0;1,3157895
193235;4,582428972147217;4,3365307
358320;3,403616261237843;2,7793567
345915;0,0;2,2855976
512162;0,6216757162282012;0,9994677
821250;3,476838065010883;4,691367
535808;0,1975129167376237;1,3770446
531545;0,0;2,1777186
117342;0,0;1,063479
346055;1,8458571608414984;2,1429982
114900;1,566084293438222;2,4437578
674216;0,1286513931548276;0,3516556
363430;0,0;0,58943105
971406;0,0;0,2738589
556445;0,0315621434417405;0,37358838
665333;2,1229003699443787;1,6650183
777303;0,495939697116649;2,503583
802225;0,0;1,9520588
660076;1,2870448397073777;1,3143089
954610;4,009337476266476;2,4881692
216774;1,7116181127140129;1,3447576
418138;2,5140623233767228;2,0138712
896603;3,389200549897552;2,5038638
350804;2,4421506436666744;2,7169402
537659;3,836073380259053;4,3550386
563909;5,324798455844067;3,5923684
819157;4,545207848851613;3,7866871
759659;3,2941701982760385;1,7182789
49589;2,4082683383169856;0,35460287
984233;4,7018201884751365;3,551401
71544;2,8212262411416686;1,5501289
911281;0,0;0,3254575
534132;1,6844104501899697;0,5419044
907116;2,3320095925590003;3,422189
937452;3,7951287389801607;2,9729664
549688;1,7863545579769984;2,8324418
577273;4,091753088969297;2,325014
967318;1,6853577691136534;2,4207516
303146;2,2172532445691258;3,4050763
446293;3,319233580019712;3,6956608
494913;2,675868924619193;2,8385706
571673;2,9524320126367134;1,0030428
471478;0,0;0,86282605
332003;0,4457245187532436;1,1464857
188145;4,4428616342201765;4,646453
251770;1,2834434965688362;1,3851255
231510;3,679790611393704;1,0052409
625308;0,5820688376822589;0,3701598
827693;1,2697267219976671;2,8914487
575590;0,0;0,21672082
740986;2,557434221081228;1,9990755
57204;2,6585135074025823;1,5819376
911374;0,2700060015711389;1,5981587
96275;1,215051018790594;0,9641752
227571;0,0;0,48479205
907516;0,9872133057947275;0,52288723
361523;1,4499269409637416;2,1739025
188489;1,595136445339234;2,7987592
776911;3,461717067462548;1,4288876
284298;0,0;0,06393498
943548;1,217152774020847;0,41496378
914629;0,0;0,7964075
114656;3,9958227578931065;2,6746037
382017;2,2772281891575457;1,297168
145046;0,0;0,2647558
658189;3,7409380146767655;1,6400267
567976;2,8592892514704813;2,193789
8869;0,0;1,630327
729925;2,6476555633471235;1,4309429
559106;0,0;0,12504363
952499;4,471932007480615;3,6279066
814066;4,448088427297639;4,3658123
721922;2,8697123377191733;4,131728
710515;1,917604492229764;3,2914648
52629;0,0;0,4117323
582728;3,1122921131297208;1,9720387
906297;0,0;1,630832
764308;0,0;0,034365118
663035;2,87967591058586;2,222416
794399;1,462815757120239;1,2810538
652429;2,3230073681515626;2,4419632
683040;1,5269487429847282;1,779159
659316;0,0;-0,100174904
216303;4,026639042722899;2,6666224
736557;3,6573655136323913;2,004642
519437;0,9364541428659512;1,2784501
660687;0,0;0,057289958
271051;5,924038787417375;3,810099
530922;0,0;0,3609656
370303;0,1670731642746104;0,8116843
997243;2,540965612001042;2,3125935
350592;0,0;1,124065
732103;1,354929467902433;2,354634
100718;0,7937675569949895;1,610169
472394;4,74257433260999;2,4404554
80641;0,0;1,8275452
277338;4,367527807019234;1,2992111
975994;2,549074001738343;2,5347114
599436;2,06131749401938;2,4815187
824115;2,4960954978237213;3,322893
864498;2,605155700573101;3,3587987
545617;0,0;0,51809835
486399;0,0;0,25353885
649465;0,0250379339246458;0,7584045
463502;0,0;0,44180426
942372;0,0;0,3424916
178581;1,251654048512497;3,690733
516594;1,469689369035826;2,9960473
229673;1,2150299216973797;1,2261791
317620;0,6509425346351504;1,8470577
32086;2,878624920951592;1,6675441
416014;0,9626019155798216;0,3504659
735819;3,705552245493352;3,2390788
800206;0,7842097008096531;1,0206201
749284;4,843571167137381;1,8496389
6344;0,2456886225869919;0,95936114
775255;3,8907872140395847;1,978283
874429;0,0;0,50846547
173661;0,0;0,2788332
574153;2,518807710435828;3,3869796
440906;0,0;0,0769763
832061;0,0;0,22716212
84909;0,0;0,58505726
474794;2,4650451365945445;1,3358077
887712;0,0;0,28532663
481675;1,0459688206163116;0,44425058
785723;0,0;0,12912673
415401;3,876420822041095;3,1276615
522107;1,4710430686978802;1,8852316
196563;0,0;0,54188657
901727;0,0;0,3126785
129629;3,119776298343644;0,6510513
54821;2,184093691243521;3,5807953
907288;4,616740229231303;2,823244
457864;0,0;0,47795647
142700;2,18104868674781;0,9713224
574619;6,205568467064978;4,0491447
738280;0,8738519182486009;1,2612897
578059;0,0;0,4759506
769178;0,0;0,15121096
971526;2,8761607970948293;3,0406995
751019;4,322762477655079;3,514502
570617;0,0;0,4554981
316772;3,423709312311326;2,7466383
831941;2,543277675086455;1,2630777
739838;0,0;0,5697583
634518;0,0;0,39459342
113527;4,364348866299472;3,143626
556822;4,445359184700672;3,2872422
148095;0,0;0,19819325
536008;1,316938343965695;2,8261461
793903;4,915980407195728;5,159336
320068;2,645397616287867;0,5040661
926525;0,2186064182954565;0,48745096
504001;1,6696168323362095;1,7127343
606379;1,1579286193373433;2,2622945
556656;1,974814814169123;2,0138774
339567;0,0066086884299487;3,3667333
5914;0,4103676202733834;0,5974956
725037;3,8601742980335896;3,321017
110887;1,1336086023442786;1,1712406
814562;0,0;1,2750254
950923;4,598800839537155;3,6412601
479919;2,1596846845537376;0,66909474
128325;4,106693348465533;2,0736125
171930;2,324061872401612;1,8733462
200561;0,0;0,8142653
992267;3,0517768224135016;4,195238
471236;0,2332483045831563;1,038272
152822;2,105840250291875;3,3453758
794344;2,586092017914188;1,6433231
364984;0,7512553754088112;2,0121436
678548;0,0;0,6181681
482188;0,0;0,2426374
185216;2,6242224086946515;1,8932234
729852;1,594630205975801;1,8324041
556328;2,8620260408275464;2,080661
330667;2,7558666215615872;1,7094408
940921;0,0;0,87961864
421131;0,0;0,041793108
164013;3,419458860416417;1,222269
280755;0,0;0,31050545
31119;4,542030972542223;3,1435728
477535;1,634038925553419;2,2332244
789247;0,0;0,9699472
848305;2,922253986874937;1,9591615
242716;2,6255699171389724;3,005762
44598;0,8630837355583075;2,127308
945642;3,5643343097183044;2,5007443
935355;0,7274216531332246;0,59047675
565821;0,9419566852818342;0,41510135
520305;2,3798778162858207;3,8463151
166914;0,8155489031874207;1,8937643
914880;0,7932401451717691;1,0591354
978119;1,1931070385463896;0,81923234
197081;0,0;1,4488163
675854;0,0;2,923446
507528;0,0;0,78878415
944889;1,6345466598957838;1,5021693
267371;1,0592406609670786;1,5774155
465825;3,779632377163255;3,2777328
59024;1,0217534978428229;1,2938223
66594;0,412951793027007;1,1015887
933303;4,458793078687378;3,9713502
384207;3,922594320792957;2,4221265
260272;5,334349357372683;3,6343062
736825;1,7435448248704168;1,7047873
616968;0,123460316677978;0,4428301
375580;3,080386095388076;3,6044943
28170;2,975777689408506;1,1643828
335681;0,0;0,96460366
567325;2,677958100192021;3,1137335
88066;0,0104310477003028;0,8050464
883652;0,0;0,12910247
381273;1,7957946745811937;0,6565275
96043;0,0;0,07739687
437615;8,22790453302295;3,5423434
511137;1,3835607132758678;1,5539671
176580;2,610740742603621;1,5703344
310703;0,3814025187813338;1,1195316
110954;1,880912020620559;2,8597815
420891;0,0;0,22259903
37208;0,0;0,36261398
794190;1,8869501082258435;0,38027725
302817;0,0;-0,0585562
525120;2,3200125113380605;1,6641831
852440;0,0;0,78917605
447373;0,0;0,6363914
811369;0,412397110542637;1,0890967
180768;4,30850661417746;2,1723824
557603;4,984622809274661;3,75748
363111;5,013775433667002;1,9175751
193073;5,337875106600638;3,4330964
509424;0,3939703177747575;0,46951482
30886;0,0;1,721426
12325;0,4507436999496061;0,38045198
180667;1,0432686764110433;1,185605
56742;5,261071180110896;4,147274
896867;0,0;0,53481203
581405;1,4692768463713544;1,0759681
933006;2,272112680527284;2,2594798
466378;1,7055760404877889;2,627284
295853;2,7383979790875426;1,2817159
160324;4,360814474619731;1,6008452
759542;5,681394125064714;3,8341043
741431;1,307178027182381;2,611462
195130;3,0566109151071266;1,7766283
569188;3,2911816474222846;1,8321447
691859;2,0034225595603186;1,8581963
213094;0,8952510047247177;2,6927054
377493;3,3460023949354856;3,0036492
373596;0,7904418829958306;0,29901275
464148;0,0;-0,14022708
922236;3,475265150951581;4,3649483
605757;4,087016363906655;2,3741586
156100;0,0;0,78256744
302454;6,667065672405405;4,5016804
392265;1,9745395761029976;3,2718468
408815;8,447057808938586;4,309948
873761;5,0964600332828285;3,0721014
969678;2,770880680696696;3,7167554
448901;4,202606171170186;2,624887
772221;2,9157172712727664;3,3831058
250320;1,461614063683712;2,8322332
231156;0,0;1,463398
752351;0,7115895001605534;3,3737602
580680;1,02967708582742;0,2862879
858584;0,8313366633014618;0,3415864
162115;1,4141265310136395;1,2486033
560371;0,0;0,49841148
246514;1,7564623036845075;1,9544936
707374;0,1616784269358543;1,1191217
228717;2,6650095135854897;2,8554635
392306;4,434736465800146;3,6210814
544545;1,6943565734125543;2,1597357
141564;0,0;0,13733357
611696;3,558699898329776;1,1990223
811034;0,0;0,32841426
381898;0,0;0,2874472
179144;0,9508152657165831;0,6498635
368501;1,9609000496820173;1,5350026
160657;2,2314926612045927;2,8223574
158003;1,4987886537587447;2,3456407
943138;5,474147914316357;5,546481
232019;3,213472887575916;3,794291
171023;1,946641454788652;1,5479189
38309;1,790849019583282;3,2014916
632814;3,82568687602867;2,331374
374865;1,910484602295949;3,1532533
123772;5,848337703416984;3,452571
201529;3,504736221474848;2,4591322
867251;3,276317689260972;1,0449045
246772;0,0;0,39180154
710016;0,0;1,1834472
28797;2,9153346260206656;2,6964383
558135;1,666717204286183;1,8203557
192332;0,0;0,29093644
205862;2,5706752225046343;2,05369
121453;2,571914718690887;2,565624
320418;0,849859034135209;1,2685962
8874;0,0;0,6390208
831310;2,6821824297427885;2,1574407
252052;1,6818580836679602;2,5328684
625441;0,0;0,7027793
262361;3,441991899116938;3,5403967
118768;3,714016536913488;1,7400668
37981;0,890284439757473;0,92599547
190289;2,6652492774228564;2,4249516
346608;2,7716703413665904;0,06550765
50935;2,031165442298993;2,252376
576834;3,504566142321038;1,120957
235730;0,0;0,17195016
106332;4,643050871444528;3,875776
779195;0,0;1,4509423
422646;4,234460450225305;1,6405246
729521;0,8840032288903146;1,3985691
362663;0,4182397871067367;0,96420276
577023;1,2227038736759432;1,896153
439370;2,3170528996753266;2,8020635
654444;0,0;0,65677994
322718;1,4535138565895158;2,5770614
600466;3,857845877502508;2,1708312
395743;4,363722243022608;1,8575451
476177;0,0;0,6514351
389005;0,2149681018659087;1,359421
788851;4,496659841858464;3,7438986
191724;1,8321249652090887;2,4785225
985903;3,7100425220274778;1,7234809
573880;4,354137962651976;3,6021607
919028;4,889419026569217;2,9100163
954062;0,1118595178955155;1,317443
314458;2,61869922440852;1,9949749
966483;1,0512048672683043;1,2766627
258612;0,4746881920740327;2,877422
391498;1,8992947582877264;2,3795419
956079;2,7298695128166868;3,313786
882836;2,4554451195204523;1,7120111
918913;0,5779435938760317;2,5641422
744384;3,675029525404151;4,7270174
839769;0,0;1,5420113
546816;3,6011028161451684;2,31831
690466;3,109353589735304;3,7564533
694985;0,8225329910234078;2,0652766
246264;5,452043950956196;4,4840527
650141;5,116207356698869;2,9131424
241644;0,8345145781303707;1,3325503
334094;0,6408950122085759;0,2083478
131693;1,3032625353188072;2,200687
174663;0,0;0,14169484
560318;1,5478669364222768;2,7294784
599660;2,157108795864567;3,2919562
292310;0,3732399727285518;1,9298923
459196;2,5694918921691583;1,7767675
214726;4,833361377342252;3,902354
17007;0,0405327508676889;2,1268232
482583;0,3961801373357709;1,2428641
194435;2,6873052722257933;1,6132164
490185;0,7761786136415992;0,9956455
348890;3,114426921720954;2,7448916
693862;0,0;0,6706357
649574;2,6321414750539938;1,8383279
519867;0,0;1,7244763
72633;3,007349156798906;0,36210355
539287;4,687064792573274;4,0113535
563536;1,6023945069695331;2,2276063
944467;0,0718095180056754;1,0725801
570389;3,458893152893859;2,1643567
342791;2,6754315885783453;2,3036385
897788;5,346742035924677;3,3250754
707357;0,0;0,5081082
991718;4,645802140633744;5,1451225
613845;0,2088520642184799;1,9597374
470928;0,1602036259403407;0,3663141
705366;0,0219042044991586;1,2534835
48351;2,2853196502332507;1,8138478
75296;0,6685946091514285;2,2993388
125480;2,275037078772521;1,7737546
117058;0,0;0,52926946
96652;0,7545278388430854;1,176316
467624;1,4109691723818436;2,1856446
763236;0,3320850629818159;1,4747417
123866;0,0;0,55669844
54576;0,0;2,160047
283940;0,0;1,0193579
952487;4,657761083600986;2,1269035
19950;0,0;0,5142954
99630;1,1312866306005505;0,49692565
303431;1,4655736856391235;1,0815773
230430;1,2717495541767043;1,2289062
611945;1,2353739705395006;0,44972157
79125;0,0;2,176851
580799;0,0;0,119145095
71062;0,0;0,8821009
653476;5,653139562227579;3,8091652
293880;0,4725636332580946;1,7949028
235982;1,4138694040512323;0,63526106
166398;0,0;0,48629558
304877;0,5713130540392406;1,8163649
114613;3,138773361936872;1,232672
379231;3,6941857272201775;4,714363
121664;3,569087376453755;2,7630718
249365;3,836144524308467;1,641318
16421;0,0;1,5165405
610640;4,94263147673861;3,4538362
304013;3,598263468674931;2,4204836
768923;0,7370431995733077;2,1311448
487730;2,424351650693861;3,1387293
318290;2,1566197538004945;1,7473803
877493;0,0;1,5563481
311411;2,12005264067134;1,6042829
682597;0,0105922179921359;1,3961887
629852;2,323490563753741;2,1687686
426468;4,36845742017785;3,75716
129059;0,0;0,3934411
230944;0,0;0,3920414
361296;0,0;0,57114166
261242;1,007470461928423;1,8629491
100546;0,1281296188275611;1,9554411
192826;0,0;0,5226897
385939;0,0;1,10217
653749;0,850002991292041;1,2717481
150734;0,0;1,0572162
663835;4,222878253999237;4,151047
143251;0,030933932437254;1,1281223
349475;2,996332262810143;1,9686608
400790;0,1885001723677777;2,418817
362324;0,0;1,3527393
2218;5,214353593258111;3,404308
786030;0,4911970497622673;2,9036376
290168;0,0;0,06281352
426089;3,5993269258571434;2,975767
768384;4,872016270038369;3,7468302
727012;0,0;0,8754908
610875;0,0;0,8338851
82213;3,889756887937264;2,0115373
545320;1,153581207844791;1,4626955
337285;2,400736900555004;2,6532352
889290;4,3574763559437;3,1966727
776942;3,4932085532362573;3,416241
777461;3,1099990733803216;2,7567058
856318;1,0347175972252278;0,7282132
704253;0,3918520098117348;0,4394294
848718;0,0;1,8126627
428866;0,7190971622796685;2,233151
461209;3,2742135616828945;1,0410283
404760;4,182026012765089;4,2379403
955338;4,820552539245212;3,2845988
803748;2,2166586197981;3,1297998
991762;2,560995010943966;1,3373435
412432;0,0;0,41108048
271175;0,0;3,2689016
426254;1,0728522070673887;0,7090754
687356;0,5822457870957096;0,8205754
361768;1,84416626391765;0,9822252
696085;0,0;0,46994138
171070;6,9241146917980725;5,218055
775113;2,489529095295841;2,0578022
850204;1,7374762153114105;1,8438611
532246;4,094723457168835;2,9523952
16852;2,628891606659419;2,8157215
742357;0,2903229665859073;2,1517444
309994;0,1768765205620201;0,89678174
118901;0,0;0,4364165
62805;2,452112003056389;1,7090657
706210;2,3465327243703413;2,7445552
517872;2,5736700723227104;3,6618464
990312;1,9132892149040188;0,63273144
965696;0,0;0,3391778
221891;0,6423890576894473;0,54999286
133433;0,0;1,4472363
846317;0,2298476120364454;0,40801424
793112;0,8570802111970295;1,531405
29907;1,2260415635944055;1,585818
601336;0,2694142109937005;2,0785804
395152;0,8286698277058417;1,7069664
521639;1,6158970113318394;0,9497943
502823;2,117836726844447;3,5881093
808249;2,810303945667901;2,6273763
555414;0,0;0,53321636
239292;4,556182694506212;3,6219683
698506;2,1473765607513773;2,3307629
396831;4,384834499212225;3,3891802
978036;1,538925652356779;1,3260705
426729;0,0;0,3300373
41588;2,347198119436079;2,1815317
819711;1,9877324901178688;1,6440247
406056;0,0;0,77636176
158964;8,671164456407762;6,0619297
110115;2,364966442231331;0,78378415
725273;0,0;0,9008362
660584;0,8446015178236537;0,1790024
918692;2,345197378196608;2,582735
259357;0,0;0,19599771
936279;0,5654915982031943;0,36011302
731871;4,941130844851867;4,446455
520653;0,0;0,78372234
642857;0,0;0,30298692
240712;2,355698910591116;2,0810833
884615;2,301766890571302;2,7218683
134384;3,142150292666849;2,1556742
404206;0,0193258604297357;2,0822682
231241;1,483050735797638;1,1674013
141069;3,909633718542594;3,0354514
418381;0,9153356832565848;0,34911233
603431;0,0;0,09303677
649768;1,373050334730348;1,0592096
156650;1,64860844268591;1,7379167
953569;5,112287877717401;4,619747
505367;0,0;0,09118986
354629;0,4440356572697892;3,4150608
121383;2,705213111567015;1,5088648
519609;0,9962290286932678;2,4825647
461233;4,568673749553999;4,56903
773799;3,534601943089456;2,6400764
820006;1,5857824037793191;0,5940141
523257;2,9030781673769868;3,0479352
716875;0,3317924934378455;1,1693939
547585;2,145450668698139;1,45843
596909;0,0;1,2739853
810575;0,7383939431680091;0,73204315
400469;1,8886806744442413;1,1569941
275941;2,002735657530496;2,1209245
907086;0,8513648756801021;0,98434883
58509;0,9553964909193188;1,3725541
20734;3,9018033316370673;3,3680215
18160;0,8599981990722636;0,98985153
289951;2,2160131816442545;2,3496623
611709;8,212256244315238;5,4704924
895063;0,3146117408764497;1,2219682
609920;1,305073503172845;1,1805481
138841;0,0;1,0300425
402570;0,93328788540672;1,7232056
820536;2,324122607486921;2,8088272
736273;0,8295956530089531;0,98391986
494443;0,794466316421317;2,9378722
579507;0,0;0,4646724
561387;0,0;1,6630819
260612;1,0257518109957011;0,27496606
540874;2,4605548275495;1,7653509
508852;2,590787172079817;2,7427826
528400;0,0;1,8099908
667752;2,762163566539938;2,3975492
673406;0,0;0,05578637
353064;0,6624736862115526;1,8024517
684699;4,657022123749833;3,3919318
398421;2,779485707922988;0,8128158
721536;3,5175179294992205;2,6046252
486919;2,441781969251022;0,63843846
651706;0,0;1,9532355
992716;0,2576993348903779;1,0176011
192460;1,716882794254869;4,107943
691681;0,0;0,36797792
114556;2,7492792828169046;2,2377014
216370;2,4518650733590115;1,386041
220000;2,4182748553992064;1,6306428
675783;3,6051632337108286;1,9419279
685898;1,553546714331783;1,1047246
870797;0,762546709915173;0,1662544
786663;0,3919857817938387;1,6767464
372865;1,9271558305031664;2,9173076
925038;0,5089504744600848;1,8540701
604941;0,0;0,32464397
550255;3,568261787247346;1,9580734
897722;1,664534788349297;1,3726223
495253;0,0;0,4350376
443746;1,872134602730645;2,7884903
103744;0,9540415981693092;0,36312908
934677;0,0;0,105677485
8870;0,0;0,59549975
883920;2,1906264738403447;3,128036
527590;5,70017176915614;3,3314593
164517;0,0;0,2851408
755721;1,949054348655769;1,83473
205587;4,359798881479335;2,5096283
156573;1,7364073626155176;1,8612455
344309;0,079041753852507;0,6847212
512156;0,0;1,507113
188665;0,0;1,4578974
423024;2,277507935418261;1,69086
83342;0,0;1,1265111
255158;0,0;0,30225745
214185;4,648112987926624;3,9522245
673619;0,0;0,4334609
58949;0,0;0,60834944
436649;0,0;0,63735193
741936;3,933206961267482;2,4490993
81014;3,60606514855893;3,10086
327678;2,733152031839434;1,4480597
923545;2,7482688141183003;2,214369
836431;3,408311519179678;0,7979432
544116;1,1076635363499108;0,7033269
388428;0,0375548439316836;1,3889742
12800;0,1110096418448939;0,5368357
347206;1,805817126720604;1,9653548
282968;3,696890885322242;2,7241213
524535;0,0;1,4528308
730897;0,9946293170091;1,04649
240197;0,8097975133301842;2,5984085
461006;4,640644345218643;2,316133
505351;2,327524473465186;1,8270507
139528;2,878699585807159;2,9203966
736400;1,3805569042659929;1,0090643
130645;4,117786857357893;4,2335424
407112;0,0158488259041998;0,654778
491921;1,8553103827522528;2,6341805
779671;3,539135549685644;2,8007734
505662;4,3780531472639685;3,1180465
437335;0,0;2,098894
656674;4,706155450596198;2,4414244
6273;1,9106360550186496;1,2623565
994634;2,798475638629138;3,1930826
300203;0,0;0,500227
413296;3,3357602917741622;2,2735605
104593;2,603872045330303;2,3337216
223185;0,0;0,1895876
395052;0,0;1,0176575
88998;3,15027948854042;4,2747593
710114;4,1314654091727645;4,3648806
666521;3,284482287272076;2,917715
223181;3,619416910370207;1,8149967
823390;4,761349107404693;3,1915462
237933;1,050087072196086;0,79687566
998695;2,539548766935455;2,846626
914178;0,0;0,25640047
921089;1,4523413964363483;0,66630834
54400;4,420782397453468;3,612292
19611;0,9429075585381156;0,85873187
932866;0,0;0,584977
640938;0,0;0,97088516
111075;4,139560697094853;2,69189
6475;1,9570414351919736;1,5235493
117300;1,3269096612540483;1,2825358
496021;0,0;0,60252845
886121;1,752161496801703;1,665399
248315;1,644705336289599;0,44092655
624924;4,169578626402019;3,0170622
589521;1,1294137832761983;1,3371007
73949;0,0;0,72785586
677116;0,0;0,24546576
603279;0,8659629156354554;1,8847245
320382;2,1289791614645965;1,7926102
514315;1,1400478152519422;3,5473526
722694;3,947305759368241;4,620291
900735;0,0;2,0787306
641371;1,8584383609112145;2,7665496
122549;2,406652462259159;3,5595877
292346;0,0;1,1786145
368650;0,0;0,66858524
845702;1,125522620690437;1,6280918
575606;0,0;1,6978798
272477;0,0;0,8628186
256946;3,854607816211312;0,6235308
534728;0,620676501967703;1,7349442
950296;1,2045743473561474;2,468554
307695;2,408152036661945;0,99926126
995552;0,0;0,42306703
506703;1,976590865468896;0,5430484
491762;3,8962033118608974;4,330615
171424;0,2239613283547936;0,8140107
561482;4,7559579230681726;2,0935109
728327;4,367073181916079;1,6460176
874668;1,7043359913959384;1,4619672
246238;2,972278004571952;2,6628282
61225;1,7143106055576494;1,8926568
87703;2,6961422617918376;3,1180332
191734;1,6385558822675808;2,05237
45876;0,5776224277001409;1,4187335
305865;1,816402681911809;3,4512823
109963;3,88674064273418;2,5890675
674738;0,0;2,1536129
570958;0,0;1,3132615
968022;3,19682431514722;2,1319048
286780;1,4395546248716868;0,5423684
403249;0,5879198050797347;3,9845364
172087;6,311526363031394;3,6404328
280732;0,0;0,65280306
511283;0,5724190119388377;0,044311643
761271;6,55387447672265;4,1776743
779816;2,4061100698351456;1,464789
912246;4,369843960045467;2,8733437
393097;3,077850823006552;2,6995876
187661;0,8930994653903577;1,95093
667489;0,7717073166875957;1,2676523
831740;1,1172290124479078;2,7542067
833177;0,0;0,03581667
970683;0,0;0,69659907
524365;0,0;0,21521837
421624;1,3353026107980577;2,5936375
5032;0,5233240628590421;2,4885979
884445;0,3964195825776421;0,67686087
314681;0,5221390786857272;0,5096725
953317;0,0;1,0452821
289462;0,0;0,05221331
785281;0,0;0,34590942
828074;0,0;0,33445567
287261;2,579461385987512;2,4701023
395647;2,3130761674931315;2,767171
252098;2,433971241929706;4,3003235
249605;2,2185430409801006;1,4574372
563559;2,0859255663595526;0,27440333
716974;0,0;1,2304478
138632;1,0543791851524205;0,94058156
210618;2,931632394344568;3,173909
783877;3,3908574674905143;1,6148919
229533;5,077396616654012;2,8060887
207928;2,4381796564603704;2,2964246
988460;2,806083183613795;2,1458821
35961;2,534503294633815;2,367568
459816;0,0;0,31597918
562304;3,1031613413060537;2,1556184
63791;1,3496405207516495;3,3844078
645734;1,173944795265033;1,2162318
186825;0,5491706224691717;0,20528698
897049;4,956767842752401;4,498646
89205;0,0;0,3705665
707398;1,2172817976120565;2,0331793
183652;0,0;1,0793606
99986;6,169908734013935;5,237521
165458;1,4251380506670963;1,7848256
222038;1,7740768259752708;0,9310982
576782;0,0;0,33732992
831866;1,2542563747548223;2,0294843
517443;1,4094301397293467;0,527406
769129;2,794648919886732;2,5260315
837792;0,0;0,11385584
314376;0,0;0,66102386
12881;0,2161370109279249;0,80748326
459814;2,3462408634136755;1,2080818
983672;3,003546658126188;2,4116225
329830;1,2431759331478411;1,574914
217593;1,1091361315249844;0,4616347
580791;0,710165298916123;1,1073318
225855;0,2763013476910176;1,723214
77042;2,465741658557372;1,956114
679666;2,708139642668817;1,1577121
440896;2,0089836444713844;0,7895223
786523;0,9777153291975648;0,5501565
936666;2,0939255451464027;1,4525869
410686;0,0;0,02971065
295408;0,487836212064958;0,682179
393109;0,0821532535535728;0,15621734
429394;2,6209174853431803;1,2190638
957053;0,0;0,15834635
744752;0,0;0,11565602
881542;2,375508566920501;4,6590137
415393;2,3350818610143835;2,7606802
349660;0,9927870647735764;0,64085495
637366;2,5585866933357244;1,6048834
225583;2,834628417379124;2,6975653
69987;4,653210855669957;1,5340602
163459;4,745943270238072;4,244026
479283;1,948482797410381;1,06805
259983;0,0;-0,46374345
421733;0,0;2,206173
990083;4,52532679535607;3,854524
470981;1,824655153052527;2,5217645
838584;1,5980203621592812;2,002417
864123;1,460793737337406;2,5928006
107521;3,596296231290058;2,8780043
254394;0,0;0,5593511
469467;0,0;0,44407094
487277;1,7832961800507312;2,4667397
19074;0,0;0,30871505
671063;6,161856584944639;5,4600267
679039;0,0;0,17105591
945309;0,0;0,13133335
659828;4,364316003344045;3,2476513
667970;3,57625958192376;2,4238632
348058;0,0;0,8927126
247845;0,309400035616603;0,9726131
268470;1,486606344492769;2,099216
571344;1,944935699785877;1,1476419
714892;2,134929984335968;1,714407
836949;0,7201014036601416;0,6914961
536779;2,6243978619350203;1,4877144
241020;3,766763866148349;2,007671
382209;0,7625326893548132;2,380341
14430;0,5256791732138859;0,47760186
399861;1,0450787275651263;0,84087676
897576;0,7696113894252832;0,5426748
509778;2,1331487241332274;1,2060492
744755;0,7872331795035477;2,660782
576273;0,0;0,29622772
913342;2,680531845105482;1,7118156
804759;4,59945787075938;4,4758806
904935;4,682435511522471;2,2621703
118236;1,6953511775045391;2,8253164
599268;2,1717813458389306;1,0361433
758870;0,0;0,5250272
535566;2,177049357360938;1,0469726
359886;1,8172587326843848;1,7970057
396230;4,364251149449377;3,2922056
883501;0,0;0,47750884
996771;1,1919054134790592;2,7476606
193170;0,0;0,10234696
239760;4,71165229145245;2,314613
772753;0,0;0,88035315
998253;3,808856213911668;3,1986952
846065;0,4501719560235187;0,37615353
704704;0,2853634088625016;0,9180484
522466;0,0;1,3101568
532213;2,3406836137579368;1,0650332
427198;1,3188723685631976;0,9623456
210936;4,143250385185344;4,132944
498160;2,245615843251679;3,3364449
659364;3,98481975496388;2,933348
646761;3,108422539245376;2,4222398
66258;0,0;1,7447839
740094;4,79022211884964;4,13091
617981;4,620306622171508;2,134185
692146;2,3121694658822127;0,6699016
693823;1,3769066724201036;1,7970474
867169;5,229810376164897;5,9658546
375423;0,0;0,58696926
941535;0,0;0,75220096
782269;4,913426986110983;4,478746
150017;1,091797169194256;1,979854
472537;1,8108610247523504;2,0661645
314026;1,6120406760080357;1,7726533
969695;2,327955897561082;0,49335766
771332;1,913941841720428;2,3687012
455246;2,5291106119276567;1,8133047
293845;5,880407522546445;6,432189
951668;1,2086850867460035;1,0395933
485301;0,0;0,52169436
264843;1,1761122436717848;1,128698
774427;0,0;0,59813964
832584;0,0;0,63207066
910104;3,2831387246137123;2,5566938
89032;0,4233238517730771;1,4817371
483891;3,4714438694161727;3,7606287
460926;0,0;0,80704325
177457;0,0;0,42434067
161445;3,249997258919977;1,5659049
648848;0,2156288678428342;0,7394117
255121;2,10145135459387;2,6272166
401429;1,5715395844669553;1,3841441
982413;3,030353513567794;4,204648
914752;1,0568453150079775;0,5332225
81725;0,0;0,49918914
979780;4,666414925573581;3,1603096
294678;2,224621619292777;1,929183
285016;0,4750641486570948;0,46045387
650754;2,0279443633661054;1,6531365
340025;2,6001686680015945;1,9925427
623813;0,0;0,014204621
314025;3,5547793821685434;2,997885
443570;3,3354716907830744;1,612868
917915;2,508742132407661;1,5579796
526836;4,416133489157365;3,736007
1332;0,0;0,13625634
629679;1,1232990558692706;0,87951696
591284;0,8503034086058393;1,0744265
675430;0,0;0,37162623
204860;1,2844595012958546;1,1589398
557158;4,421444025713799;3,0807812
446016;3,752513974644749;1,9567645
383253;0,0;0,25490355
334236;0,0;0,8081807
998872;0,0;0,3277368
4358;3,599392500278109;2,1246312
444845;1,826171445162486;3,194765
131127;7,363315892620442;5,3131113
711401;2,271591212879545;2,3897822
707447;0,0;0,4635805
553824;1,0355687565386045;1,9591588
50243;0,0;0,8755974
5719;0,0;0,22196198
497713;2,854798983409761;2,2190475
455763;0,0;0,869731
358287;0,1931465812022429;1,2126142
479776;1,898526558013456;0,9300966
18882;5,31343396518746;4,0933027
332057;1,5179876155454748;0,83445495
848212;0,0473047103614953;0,67106175
335480;1,3436698498547337;0,86535054
442941;2,382727083443981;1,3168924
274387;0,0;1,1468914
335243;2,500397422473968;1,6471211
794837;3,970679848291387;1,2614367
918436;2,8291791082005613;3,6224313
467778;1,84288462157417;2,976062
423527;1,357052571458697;0,51957536
487115;3,768697864172861;4,7014704
457638;1,3234184218436995;1,2772725
368474;0,9223272646872293;2,4695415
936927;2,768572572442718;1,4421284
408919;5,498951325533293;2,5014608
680968;3,1761716484228653;1,7071917
633173;0,7310137329772571;0,36648864
31505;0,0;0,67638427
529490;0,0;0,7963778
152101;2,118401651202708;0,5147568
74163;2,4202754511855247;2,6200051
539826;1,6344179908259784;2,3004017
901930;2,652389870351292;1,4795525
364524;1,7746597798625263;2,7689843
79132;0,0;0,8411637
577413;2,5100851185242234;1,5927846
542733;1,985335139227412;3,6350234
913570;0,0;0,3427595
882419;4,956482782508765;2,878081
684389;0,0;0,8460769
981482;5,380025883096529;6,339674
701517;0,0;0,3777436
950699;0,0;0,23363459
839174;2,115561537897888;1,9399924
383458;0,0;0,65735376
421147;5,2839181798041785;2,708445
25044;1,6605012688479406;2,3910816
562514;1,2137992678280345;0,86647505
641370;3,22656134835663;3,8944426
142321;0,3153935098095133;1,0888221
383706;4,441286256953305;2,7411425
275546;0,0920026945819643;1,6489362
871947;0,0877181120646952;0,9746029
162521;0,0;0,8839178
798612;0,6875218831282348;0,79630923
9234;0,0;1,0625111
839215;3,867977485741625;3,0672512
1724;0,9167703238564512;2,012035
786544;1,5094102450870652;0,62611437
532847;1,376980436868703;2,3148088
250194;0,0672274958199341;1,6956918
218501;0,4822143439338331;1,0527425
120468;0,0;0,6377889
818316;3,3515743692125857;2,6840315
60828;2,120973196076868;3,2519917
50135;1,2413751846405534;0,6936556
132333;1,890692433381465;2,0970094
810896;2,004479464500977;3,8730867
382410;1,7436540738066235;3,16444
246243;0,828504055712419;1,1632516
867721;1,2890850947970691;1,0354378
888369;0,5617132750298159;1,4784745
320807;4,565998222138953;1,8955878
508195;1,8393613460927347;1,3161342
192451;2,094157840417352;2,9578793
880682;1,6480266555475949;1,4839411
647974;0,5512576441672181;0,49030638
752293;2,221768224215249;1,0977212
606427;1,755277778191363;1,7089424
902999;1,2094933403373642;1,1874704
37903;0,5037448110525709;1,2442161
634470;0,0;0,45505852
972070;7,881320386616533;5,326476
899038;0,4218480211572301;0,5195463
571352;2,3023781505498686;2,7652857
808016;1,878990494258637;1,0296468
907598;2,009132913357788;2,1534667
490197;3,1873331408164653;2,3227153
704573;0,3830298767227376;0,9332796
823009;4,406500493860139;3,887028
824949;0,4065663082058901;0,7647726
263287;2,1201108188069493;1,3358815
976102;4,750734888702725;2,7401426
507039;2,084401902241644;3,3231363
249108;2,976794748511245;1,8697957
812526;1,4111268726835542;0,36570805
832604;3,226796934548413;2,4312367
281886;1,6983298170359835;2,0198822
284500;0,0;0,03922808
957242;4,94374529781778;3,9575865
117232;2,083702053276472;1,9634604
972649;2,3544227684687087;2,3520732
304359;0,0;1,2254946
77627;1,2506516031047088;1,964868
304990;2,902275626975899;2,22039
96324;5,5001352466429925;2,7487078
21261;4,641673236521974;4,6185813
65640;0,0;0,26302803
141952;0,0;0,09062457
805574;4,805279319565374;3,6607685
499901;2,248680622890019;1,4173251
964757;0,2388899041326251;1,6762428
157213;0,0;0,308599
359937;2,954829484386344;3,4564483
961775;4,018321498041821;3,4345224
793850;3,931457288692057;1,8651274
202044;1,0084838401697238;2,7885265
980582;4,129318191064947;2,836798
403467;1,6268867262352522;1,7243105
23030;3,048407172064156;2,4206848
797857;2,3240935645006227;3,6530855
163725;0,0;0,26655036
153418;5,250143183535388;4,3287525
281401;1,3589200704308904;1,6145953
284986;1,4402420765726622;2,768362
400852;6,799023077204848;5,316329
510237;0,7205250428308793;1,0072951
214152;2,156055436844972;2,4254913
242843;0,3439932797255031;0,4285819
790207;0,0;0,843595
669079;2,5608654763045706;3,1077826
76334;0,0;0,30390108
65453;2,0935895006333496;1,4673601
931920;2,78219166197161;2,4017801
318593;0,5842417313558355;1,192089
735958;1,658993205093325;1,5201306
700773;0,0;1,103401
188810;3,596540323369453;2,4686718
462325;1,427503689759973;1,8583252
302698;1,7461499623386014;2,3165169
406528;0,0;0,37703472
912545;0,0;0,5846305
229927;1,7965219541895587;0,7338572
474499;5,023351598611397;2,2588122
373534;0,3512695177239195;2,4159696
152809;3,127213148997454;3,0684206
97693;0,6044986766210275;0,60783863
603300;5,1877926445978;3,2605755
166499;3,10909085276744;1,8321141
734907;2,2534591584627908;1,4318794
300055;2,70713917797316;1,6746355
526897;3,597872222440407;0,7075844
578918;0,1204830866031289;0,22291851
544262;1,829327734110013;2,1316628
17128;0,0;0,48424733
887452;0,0;0,43660986
928378;4,43320393915896;3,2799494
34719;0,4150175492268148;0,41677737
910338;2,9025498423592;1,9603496
989184;1,109842707521565;0,7770563
603822;1,6508838149754466;2,297689
722382;0,0;0,59156096
799456;2,443364282798737;1,9136057
812127;0,0;0,9675288
448928;0,0;0,95912486
17567;1,3219139410460967;2,0103004
126768;0,0;0,761855
358685;0,0;0,11589432
208144;3,967992931222133;3,2795708
380213;5,390805775867452;2,6584792
128694;0,3152015395222466;0,50126606
408970;0,0;0,26577556
722955;1,0916097371991094;0,2824592
858532;1,08161809526026;1,6913179
452145;1,0115146718562802;1,0020688
199784;0,7924929097276284;0,35081464
673708;1,9884373464881333;1,6671318
321290;3,11509212639233;1,7447093
893792;0,0;0,40253997
641553;0,1895734703221666;1,0340321
771869;3,892844237691704;2,21562
112965;1,6315927388502691;1,1705668
293394;2,076440896659901;0,8893059
516457;0,0;0,716499
737021;1,202901527780765;2,3206859
860133;1,0518249289199109;1,3676881
311265;3,884647790859408;3,2483559
109322;2,088984794363409;0,70937914
182895;3,0510262763678826;1,5259426
196260;2,655382911101853;1,1601468
970885;0,0;0,22855246
951352;0,0;0,6129664
511672;4,506097312383856;2,113536
684292;1,2088437486183792;1,5368786
755924;0,0;0,7589618
841669;0,8445519697104769;0,34289825
536440;0,1603679278731133;0,31958735
436397;2,69277502624004;1,3917484
171830;0,3733266331147851;0,41065934
757668;1,6399853365463324;0,21086073
70659;1,423500930174049;0,3810848
147664;1,6188052200143137;1,4621623
230986;1,4124714977713606;1,718339
417824;1,942283201998385;1,4857311
723614;3,0177034780756244;1,5414727
468313;0,0;2,1520748
968652;4,289338280866117;0,90087336
352547;0,3261812556814912;0,63782656
970521;4,211916866428448;3,3184583
629830;1,615800800801444;3,3416648
61374;2,6826062226486886;3,069705
808315;1,6844348641647369;0,5297642
769247;0,0;1,0547427
240490;0,3576970869243601;0,39988658
209838;4,7983139589810335;3,447683
2946;0,0;1,3084615
467429;0,0;0,28260255
145507;0,2405099970005814;0,56144595
845430;0,4987523128802851;1,182673
343001;4,71120956198966;2,4511638
249369;0,2812189194012635;2,7989185
213745;1,0663263188979757;2,3170516
779747;3,0777123382059;4,2135897
716889;2,783664714163862;1,8473822
611821;5,663083812523629;3,466959
53954;0,0;0,077691555
705562;3,1784341363241984;5,0169144
622827;4,894806625196325;4,581991
274901;4,381430289363033;2,3120232
961204;1,4644186163331383;1,5232437
789411;0,0;0,49625063
300879;0,6294060236084829;1,0696673
620847;2,876121605452666;1,8976233
296895;0,9047553645018044;0,27174956
825237;0,0;0,67225486
729672;2,0354451703172067;2,6148374
135831;0,9593226242300674;1,6893065
77239;0,0;0,22322142
65085;2,2455430609373987;1,3334997
873677;2,1518659924149564;2,0383646
115610;2,52890482916657;2,6388073
744012;6,6473492276546455;3,533609
573936;0,0;1,4130583
508682;6,641305089943054;5,465721
504891;1,279664644536045;2,3491676
41878;0,6075047151357174;2,7410934
891815;1,1877513063231318;2,377997
419593;4,169631262780543;1,1723979
209497;5,203418760636526;3,146086
685136;1,710979342522977;2,0160997
817461;1,5257803537606796;0,47334608
708964;1,0625643513289824;2,183106
677847;2,1142195150842964;3,8959382
956506;2,7227129805414565;2,9228494
339835;5,01846684224815;2,7059965
963006;0,9568568713006412;2,2303026
749476;0,8950566641714368;1,8636601
78580;0,0;0,4332142
269077;0,0;0,64754224
695159;2,737932850875952;2,1712391
395457;1,352710420199012;0,35365528
496008;1,7190997671888963;1,7798891
745999;1,234752297189242;2,2320948
881750;1,2675957161152067;0,45311
403851;6,575964589230667;4,6377172
960364;2,461018657570024;3,4095957
296215;0,0;0,26920623
963531;3,9840553120710736;2,863902
528464;2,597835742226181;1,8776585
83635;4,35123472563698;3,1894815
882742;2,005364596003445;0,62349796
844594;1,39159658388217;1,8275615
5944;3,511781051801392;3,1835146
844483;3,57107007294806;3,147001
924729;1,0931061942170266;1,8892264
640500;0,0566019321973889;1,7187519
892103;0,9076902493674346;0,8431011
688748;3,578941240964411;4,0711884
411795;0,0;2,3567958
700512;0,0;1,4929707
983931;0,3523458176650668;1,7306244
943254;0,5483496161946262;1,5796329
49866;0,0575839787662006;0,81021154
951498;2,015703855018056;1,0654061
755260;0,0;0,42007446
73272;0,0;0,52743423
152972;3,4115020763680035;1,4263978
950616;3,6788056827802222;2,4639883
295907;0,0;1,8647733
369002;1,8761369626504527;2,6916049
174209;0,18368381926586;1,0184274
613830;2,1947447309890142;2,28522
616963;3,736520771804571;1,9729775
878039;2,6859812912856325;1,9335964
927920;0,0;0,23842716
5846;6,193247297660034;3,672273
921633;0,2096553727511384;0,9741664
112209;4,227037583107476;3,3079376
604936;0,0;0,45476046
731614;1,4509269106362837;1,5261
85430;0,0;0,2804721
486085;0,0;0,11156148
524220;0,209537882492065;2,1060622
353821;4,142116213249872;3,868901
62118;1,8959504782466885;2,2458806
438624;1,1324463334060118;2,7291598
547532;0,0;0,31662533
901281;5,424366990599271;5,4290047
715812;0,0;1,406816
378375;3,373113753466216;2,6063933
211090;3,845152594352696;2,758038
46936;1,3514865963549771;2,5087845
873558;0,0;0,51963866
933834;0,0;0,14618087
267785;0,0;0,9807805
928227;1,111551635448308;1,5115836
358960;0,0;1,4804986
452376;4,078078059549672;2,4965682
691989;0,8659743757569569;1,1890805
781603;1,9399394037308555;2,2600384
820374;3,022948209170181;2,5336387
195678;5,007667311797539;1,4992744
356626;2,3914500298056183;2,5951095
884284;2,8211495791369177;1,9605453
778712;2,127240992684313;0,94796276
937476;2,3109048582326;3,2963707
716926;2,713667304278696;1,0786933
498284;0,0;1,2122998
51954;0,0;0,17704833
357034;4,422258544417785;2,842202
153465;0,0;0,10506302
845598;1,3022225972554236;1,8527331
320495;0,719197825648324;1,4810901
634071;1,7726464580850043;1,5805728
172425;0,0;0,5856179
580516;0,0;0,99119985
350853;0,6726981775735305;1,076557
552501;7,160282459855841;3,1271884
216995;0,1388816743293082;1,9405307
890303;1,9461880222600925;0,9448797
683329;0,0;0,4489931
114821;0,7570321243948378;0,85847384
816978;0,0;1,3335509
648350;2,9771451548762347;1,9307582
845678;1,8901438982410923;2,420648
83256;2,854041145203907;2,1916537
304972;0,0;1,1660826
377517;2,5637465052251147;2,356497
531819;0,0;0,59691244
778000;0,9400349141125404;1,9905344
720885;0,5822955985707865;3,3377807
86213;3,392982756457424;2,1143503
794486;3,547487262003399;2,9195397
2605;1,0508344232957634;1,2475058
953702;0,178281038909378;0,9508773
493383;3,298248736963271;4,9521666
956641;0,0;0,80116665
666335;4,027487855032151;4,089033
395758;0,5272931577133064;1,6795914
774340;0,815499936428064;1,715045
390908;1,3959114325428548;2,3844402
994459;0,0;0,2805004
408396;0,0;0,37990057
835801;0,0;0,06472242
844222;2,240778156263392;1,6585416
820491;2,2367169760683883;0,32197487
271691;0,0;0,53832626
423436;1,6239629145067205;0,43551838
82065;0,7260139688703395;0,2518214
653382;1,6048853415557187;1,5283924
948335;0,3200373070094682;1,1742151
272220;0,0;1,4407611
189337;1,789282125210122;3,5584362
457634;1,8707052359302487;0,4957139
883970;1,4439912727716138;3,0196197
666575;3,1164290593654456;2,8300211
609802;2,01780167482074;1,5669398
824261;3,1750911451089414;2,2810833
568328;3,5297515249589613;3,5051634
905602;1,7049049320405891;1,5361135
895766;1,947009123026144;2,8172703
627277;0,0;2,0629652
90030;0,0;0,15466863
349778;3,096969466809613;2,7117858
146525;0,0;0,19253695
230672;1,7474502580280582;0,9683812
511329;0,0;1,1337985
557538;0,0;0,64789975
677758;2,611253152095021;2,1447215
746338;0,0;0,81981134
921738;5,064806713993539;3,8749166
115520;0,0;0,39479935
253290;4,829791552516068;3,6144106
763794;4,304642504399756;3,2767751
967795;4,378257516900053;3,9482853
218833;2,1932493905068315;1,7556174
352588;0,4082741701077674;0,7209736
918506;0,5249229444313812;0,9712436
851783;1,6512341124146308;2,1529262
334112;0,0;0,33442563
160164;0,0;1,9814022
665225;1,953441041379683;2,5549288
296293;0,1759163415871436;1,2816948
86823;0,0;0,4006238
302919;4,113858290078561;2,8174639
371718;0,0;0,08883029
456425;2,105950071481764;1,2811393
748620;1,574393658748191;0,22000909
706638;0,0;1,6450363
210324;0,1625295864538609;1,6437459
260545;2,3502276454546216;2,1165361
265995;2,352866338469612;1,5143054
87779;1,4424373134785131;1,3780446
66536;4,36923061708562;3,570268
801178;0,0;1,7695125
279968;2,764851231248891;1,5500885
689952;0,7295861194843272;0,43678528
654230;0,0;1,1716557
365108;3,21746874377293;2,2935305
124477;1,9505120456803355;1,2797066
934358;0,6589407309566049;2,3103132
923271;0,0;0,2655208
422074;4,055735371214348;3,077809
59924;4,10333925242126;3,15829
336139;1,0013118137239867;0,5132532
111377;0,0;0,64266604
493495;3,297386594890286;4,3337975
745109;0,6901701148983472;0,26407015
422653;0,0;0,35168815
360005;0,0;1,1200454
992191;2,975420268128862;1,7515078
660426;1,0328575291832736;2,4439418
126079;3,363403849643224;1,8386548
868388;0,0;2,4003644
978388;1,3548022749160078;2,6218088
923144;1,1946022036027637;0,96286994
275715;0,0;0,5118654
894779;5,12188520388727;3,6080778
685016;4,002635059827583;2,9043357
91868;0,4534465157792133;2,4941895
394950;0,7837649456931839;1,9749424
124001;0,0;1,0613952
829219;1,3151034742641403;1,2117946
339991;2,688017654632949;2,350658
669507;0,0;1,0179375
567004;3,168483841403729;1,8621953
133088;6,027877440830474;2,9809017
120063;2,6332442260949067;1,950585
385529;3,349652919691162;2,1627338
601719;0,0950730259686121;1,364444
580603;1,8070626719384648;0,9121204
895866;3,4912534158142146;2,141307
725127;1,6320590732975295;1,0777946
139347;1,2746094674197457;2,1060314
945150;3,8583921322365793;2,3916025
811193;0,2123808646625657;0,7494637
740705;3,189459814892297;2,0551355
864107;0,0;0,13778907
910541;3,0000802999525216;2,1430314
957314;0,0;0,16274756
42422;0,0;0,33349574
373772;2,196192208451241;1,496321
40434;2,2608870742591125;2,7097192
875964;1,827158442271347;2,3538232
242144;1,691601579720997;3,2601027
522644;0,0;1,7023745
261487;0,7193840722310443;1,50878
326559;2,5525041743028867;1,5779104
615701;0,7936260861828058;1,7308104
890230;1,4448698736053105;1,5328834
342086;3,943713237683713;2,4555898
845740;2,1248507938711185;2,078404
938306;0,0632215229660677;0,4082628
554970;1,2149866056034404;1,2123222
396844;0,0;0,17226303
347981;0,0;0,3219354
962192;2,661162554064286;1,1623043
98793;1,01734212683616;2,3506286
604389;1,7431403355605757;1,7914063
472431;3,450096590947535;2,3740916
518843;0,5513342792779881;2,3165925
124299;3,620886331866968;2,3815103
533362;1,7827747588101357;2,9662747
6138;0,3007412380512901;2,070633
159468;2,2198505573453664;0,91166383
664756;3,1583487916791504;1,6002221
880534;0,0;1,7437024
639563;1,663933314167243;2,0459003
904683;3,9499328533332094;3,4583051
305925;2,8962878857306245;1,9961964
320190;0,0;0,22328186
973780;0,0;0,24396348
28321;0,0;1,1126885
290065;0,0;0,15649867
417261;5,493075215080308;2,746462
34084;0,0;0,3701192
386322;2,6888982998069526;2,8979774
637725;2,5196342779685152;1,0531578
147695;0,1714195440742999;0,5626831
374490;1,3462177258355692;2,216748
225265;1,7018083132107449;1,1002598
957103;0,0;0,16279793
334577;5,293632153247453;3,8779366
778882;3,1483751467113468;2,7874143
859867;1,4673794569290604;0,93106186
884702;1,9326528474186029;0,26084614
94675;1,92612030781335;1,26761
382032;1,4671147353569425;1,296298
469030;0,0;1,3115921
117864;1,846343047722106;3,3529637
9758;4,28599055646036;2,5355058
370490;2,558922766334784;2,3899417
205043;2,4454523785798874;0,8066324
927990;2,3335728183017217;1,5215151
513956;0,7316142880584394;1,069041
991998;1,226977190651627;2,970059
602107;0,0;0,104971886
768009;2,4016990238720166;1,1096926
742376;2,5415061951915545;3,5299444
780786;3,18561375085928;2,2634182
645895;0,3824987600731981;1,3435664
296415;4,464381053461445;3,1970146
247204;4,453548396275147;4,828788
619065;5,159870424554275;2,4704723
802144;1,596355882973266;0,3916094
121393;0,4621653930155717;1,3864168
320195;3,481104357067731;1,7946683
677442;0,0;0,09591448
466709;0,0;0,045138717
339705;0,8051516917771968;0,7271672
282593;2,724490891410526;1,6991475
436644;0,0;0,40135452
188291;0,3785130304548442;0,52563983
981719;0,0;1,078053
437667;2,4787578907534287;2,5375173
320766;3,3196741144943096;2,3725953
687351;0,0;0,2135269
135385;1,745144074218118;0,93243384
384869;0,0;0,42909345
585626;3,604019888033564;2,1049786
189859;5,054775284974711;2,86388
706437;2,505604490675074;1,1334903
868414;1,0129631368876748;1,8812187
248879;1,093634885223954;1,5108306
653156;3,2166986764242247;1,9954312
896923;1,2940214615038328;0,98886746
835105;0,0;0,22066092
970958;2,0165908920204965;1,4145426
817189;3,201036965840062;1,8887804
852509;0,0282568611411053;1,4165447
211373;1,4875870466884007;1,7620687
441967;3,960533504609077;2,3888068
336188;2,7740697271509926;2,2498655
315148;0,0;0,17498362
729678;1,714261689923336;1,8803293
93511;2,5708381319515405;2,27115
536169;0,3494967499794676;1,0490365
186663;3,55783764554953;3,763171
993521;0,8196857168179366;2,0702863
199547;1,3003665747656208;1,365248
585224;1,484762460017067;1,1685177
153239;0,0;0,9194603
681489;0,0;0,32916445
489820;0,0;0,21137613
75361;0,0;2,275248
767468;0,8166878697832949;0,62405664
750369;0,1774214276926276;1,2409282
848330;4,099979377853968;3,2197149
440109;3,920514052634432;3,346601
6289;0,0;0,5842639
349512;0,0;0,12939721
507298;0,0;2,2226887
284474;4,924860413892514;3,7707531
769398;2,7031658519402053;2,4492593
608915;0,6936882898721481;2,4800835
727167;2,4027433994892715;2,8490584
331163;0,6436531363367233;1,998169
943428;1,1531233864413308;0,64131445
757531;1,719894333300401;1,6161922
135893;0,4237441857284483;1,0614288
539859;0,0;0,7147425
657319;4,014335895912466;2,6115394
120484;2,8992009791748745;1,8175373
986782;2,647476485900836;1,9380502
119715;1,6512141063149088;1,1828642
587360;0,0;0,48006475
698947;0,0;0,30534124
669017;7,465599535083641;4,096863
770081;2,540634977445383;1,7204229
709262;0,3600961749446629;2,6694708
177458;2,4399363480242995;1,4950154
443714;2,7779263169782613;1,9831746
330330;1,4639974734445456;0,69563913
686461;1,5370360753602013;1,2756488
894365;0,0;0,897535
952075;3,987083123656917;3,1536598
768690;3,5170653018077465;2,0216246
678127;0,5070607529622819;2,559904
660515;1,421579746736333;3,2475202
222415;0,3218222733089376;2,3926115
307494;1,1029649209802552;1,3724154
665539;0,0;0,22878379
950966;0,0;0,25934184
752466;0,9223072495151404;1,1142002
5622;0,0;0,21326792
570769;3,0004574558691326;2,2488856
947201;1,463772222018871;2,7642708
709153;0,8189593902498009;1,8155346
496425;3,602940917232104;3,458553
155896;0,0;0,0748713
423941;0,9454808692120116;1,8121858
865356;1,5700302291402313;2,0024333
123303;1,7897194463161672;1,4894131
62912;0,0;1,2972261
648527;1,3149556057336498;1,5672711
499814;0,8561790964170979;0,93877864
159124;3,499305040494378;2,8286235
466687;0,1982818154783829;0,9110872
616310;0,7261573837107932;0,45978037
910821;2,4857815770491447;1,5915127
815861;3,398565903972812;3,1321619
44189;0,0;0,400185
27646;4,70559188831957;2,7330856
359273;1,1113245465442936;1,4802923
253030;1,5862933886454358;1,1794752
626666;4,9542126394004455;4,1418343
415486;1,611170047332453;0,49537927
539424;1,9062962500725744;1,3140757
275579;1,7679337637263044;2,5597985
713228;4,891233520764889;4,4915056
242386;0,591565238186286;0,22876215
830862;0,0;0,41323945
985441;0,0;0,10494852
587483;1,8469107572654293;1,4662032
245452;2,1115771741464617;1,648844
69308;4,2758013831855495;4,7082934
358782;0,0195610276211889;1,9085419
3943;0,5420047193698725;1,2316108
620143;4,16105815958954;3,7642443
275637;0,3313513418651272;0,4114716
173685;6,522567521704059;4,978854
120744;1,7475852843026392;1,6190331
874172;2,2535211811923364;1,4698156
906728;3,875741812493336;4,260105
957019;2,1078244029196203;2,0951796
342376;5,7625137499862;4,866007
727494;1,2172984272978953;2,001644
8187;2,454558505225113;0,4127934
955991;0,3898157460782802;0,84422237
480403;2,21535820618529;2,2828224
83003;1,848179806884885;1,519695
708249;2,7820212415908623;2,8681986
843015;2,4161543553926705;1,3185108
909454;1,132815919664599;1,0170871
150843;3,4484732337660864;2,977153
587634;1,7705738598435334;2,9015696
878157;4,361069162382566;2,4734466
719167;0,6886821661483614;0,75926566
457980;1,519836098669833;4,345394
133560;6,093009555776842;4,0474844
914020;1,400331070083092;1,6405843
151748;0,0;0,41004127
602460;0,0;0,471052
123602;3,541710461556062;3,859291
418826;0,378082533611042;1,191791
912942;1,704308055260856;2,6395965
663137;0,8378270131569663;1,9287236
663209;0,0;1,3580157
93911;0,0;0,47468343
946701;0,9311178571222392;1,4844534
845130;4,30841049417739;1,6496481
506722;1,4963194559174031;1,5556073
764766;0,0;1,0771532
767144;2,8767635333158035;3,5681372
633241;1,6252588091567637;2,9472342
565779;0,0;0,59459645
794262;1,060531519119244;1,9508944
348503;2,881531315071752;2,2964804
619938;2,4634372021320043;2,6010213
590777;2,423568293863262;0,85778
360457;1,1500747514368812;0,78753626
320997;0,5167223587779779;0,34546822
401064;2,754602152507757;1,4564432
301035;0,0;0,3377277
280595;0,0;0,200189
952280;1,4600030909109123;0,6949593
994809;0,5055108359686171;2,42808
687294;3,9948530690265103;2,064251
125862;2,706067491444163;2,931671
577859;0,0;0,061547637
738099;0,0;0,3431577
443536;2,1207390546674847;3,486221
654654;0,0;0,078564465
313073;2,2452429446273343;2,365223
386152;2,6027339877329734;0,5370103
831480;1,7592817694852336;3,0472424
493292;0,0;0,23253942
208752;3,01703561504408;1,854717
547926;0,6607852193654322;2,4352603
829029;0,0;0,60065895
610571;0,2225247760204793;1,408577
159945;0,0;1,7478101
555392;1,5318345816642085;1,4314194
378864;4,425239672837168;2,4320447
727081;3,931290560323229;2,463847
949074;0,0;1,2491968
375439;1,006181365180789;1,4837356
864572;0,0;0,6059513
12674;1,508401259351121;1,5745239
803926;4,647870022572441;2,4206007
847270;1,883322981861268;0,8315429
621730;0,4186992484285463;1,2642212
610349;2,1680326537048886;2,6369934
263405;0,0;0,25166863
711806;5,958112170861222;3,7171645
891391;0,0;0,58871067
369316;1,6209851492672205;2,0863166
148239;0,906774446798564;2,665062
84878;4,120790341081655;2,1955838
338357;0,0;0,588471
918769;3,0211654420062604;3,4420114
663968;1,406118042910232;1,3001463
497743;0,0;0,41289118
542543;4,535736461389585;3,0666726
290878;0,9147310397264022;0,5461539
419929;1,352954826178169;1,8693284
801544;0,8449274788443751;0,7942799
593153;3,1591430910236924;3,6519978
376330;0,1135324646416501;1,1976991
281946;1,6652581957536752;1,7919724
818453;1,7148760165136896;1,6450211
978358;5,2279502624938665;4,7993813
674496;3,607861597720128;1,6917634
164776;0,6636717451025309;0,27861536
771242;2,0525495682778607;2,2542582
977327;3,9197029088550575;2,7702165
542977;1,2014498979319632;1,1441097
283371;0,0;0,5706909
105227;2,107959136124374;1,8034732
109656;2,2951523133722125;3,0278795
942165;3,767698898973377;3,6948395
197599;0,0;0,7607405
28481;1,1355169627131736;1,3765007
574189;0,3073437253727518;0,9728279
707752;2,928418816199283;2,386926
88687;0,2821892306037413;1,731544
540014;3,792162628959421;3,200704
413094;0,362174572496091;1,4762099
368977;0,0955077535624853;1,309884
252924;0,247580720891558;0,3345881
258020;0,1348997693981278;1,5992491
876645;6,7603750782844685;4,1153193
134100;2,9992371466746848;1,7561108
328284;0,0;0,7633581
991574;4,304669331758151;2,7939987
227999;3,0402510336374737;1,540574
445141;0,0;1,6536605
631440;0,1671112722240104;1,5345283
602881;0,0;1,1520278
218862;1,3928592667348978;2,1615558
995186;4,918385071976902;4,446472
666223;0,5515558248028994;2,0537088
397141;1,4853076416676638;1,410085
916750;1,326838268694601;1,8400097
762186;0,0;0,42736685
468131;0,0;0,059400976
442470;1,0421514610122122;1,9174391
873531;0,0;0,9914919
82465;3,301355192625888;4,4506216
545368;0,7495663540364639;1,5233576
958974;3,1071761623140928;2,632071
927332;0,3100279797691745;1,9798343
125694;0,0;1,1275456
403595;2,633885679495409;0,6494832
624165;2,51603202661572;2,197655
877537;3,3234834519889462;2,6624486
852075;0,3635341679047912;1,5102994
872489;3,532201148472885;3,0441508
824032;3,253174868752482;2,0579658
310996;0,8352195098427742;0,8792273
83154;1,9378371990061176;1,7268921
794457;5,4977624859777485;2,5795608
560789;2,0037567814170045;1,4914777
306914;0,7579246208317696;0,6745608
708849;0,0;0,29014996
182494;1,06441477631103;2,2826593
716979;0,0;0,9292592
321102;4,50766934555018;4,60684
747778;1,4126560369997856;0,2454108
138654;1,7246663399122608;1,7857361
45128;0,0;1,5836713
203464;0,0;1,2686985
787145;1,7867703084195892;1,9741793
30148;2,6303136593201173;0,873335
154518;1,187070381350393;2,2720742
862395;0,6637424468200324;1,3159878
878158;0,0;1,0776687
621241;2,9787088482936825;3,118272
984055;3,8023226844296;3,2685688
283439;4,386698372090079;2,4983103
749871;5,027622115356332;4,060057
267038;1,4062085789898906;1,2001302
698671;0,0;0,23526388
364412;1,70754957539152;0,43841475
706131;2,304020564484276;1,9821011
634976;0,0;0,03474927
198405;2,0014271425449883;2,2236013
56002;1,704857954627769;1,7728883
885449;0,0;0,2203443
385005;0,4003722784016141;0,68823934
661728;0,0;0,5799358
974622;0,0;0,7492522
455219;0,0;0,25579333
832967;5,458540093574152;4,3752284
889222;0,0;2,7771277
441999;3,068830969203411;1,8302499
203326;0,3433989167518137;0,6656248
902433;2,1880315846705622;2,0366688
802203;3,540332718013829;2,5202708
546970;2,859186612108783;2,5852013
425536;0,0;0,90776235
180242;0,0;0,40013525
182264;0,0967258582346239;0,7869222
767839;2,2724241384755306;0,7347386
256576;4,146638380192306;3,1699708
200022;1,7067942583862337;2,3676467
572870;0,0;1,5095934
859391;0,0;0,19924378
182937;5,335353802239714;3,2689416
698174;2,285930670876537;0,9396777
251271;0,5827825968928902;0,86522436
687206;2,1405366435656266;1,8547676
646572;2,292314288676163;3,0927951
207131;1,1803587627135128;1,586302
512494;0,0393059369657721;1,1592118
746185;0,0;0,797421
801792;0,0;0,3499008
336318;0,0;0,30006525
416269;1,8741599256010733;1,9267725
987885;0,0;0,30972588
958534;0,0;0,56135374
873575;4,338905557385422;3,2538586
671658;0,0;0,7430325
941735;1,6834000263556728;0,78904825
547164;2,343797694683926;3,2328117
651478;1,4570659840405742;1,074018
196960;0,0;0,47133315
440853;0,2972470360460451;1,7888676
142294;1,1368565595021378;1,2729669
233791;0,0;0,45499843
91551;0,6890612691198104;2,2717736
288545;4,250675291921015;0,5091333
965162;0,9250917190835262;1,0816412
964840;1,195605484255556;2,1994915
777848;0,0;2,4291887
770083;1,509327754236225;1,967026
747921;0,0;0,8881704
5833;0,0;0,56164086
148859;0,1757781576502842;1,61504
413226;1,5128659311260253;2,4284348
325761;1,738714132407816;2,5656283
968448;0,0;1,3959944
497874;3,9922184913004592;2,4594717
154506;0,0;0,41106197
162197;1,6931460203527662;2,5571322
701143;5,075201761817449;3,4076526
211593;1,146614489773251;1,1747743
858970;0,4991000392002024;0,9956807
992185;2,7298127311925406;1,1949015
333970;3,400137434923936;1,6132857
942632;4,27283217689988;3,3391142
888729;2,3680949920053624;2,4116495
712312;3,682546360173262;2,6139433
356009;2,3390478529682017;1,9056072
388410;0,6454481105204688;0,59869707
567051;0,9916369717242568;0,7549686
439581;0,0;-0,0048555136
448388;0,0;0,106508255
969531;1,9690813360114148;3,0903165
495439;3,2117100024457166;1,7196848
939134;1,8695194402155688;1,9656343
663980;3,532595294571684;2,8176095
455945;3,5822094539614504;2,1459603
563385;0,9684852642772944;1,1868091
509385;0,0;0,508608
379419;0,0;0,9754928
386884;3,065318744533808;2,5514326
187892;1,7990260415513486;1,0795565
782359;0,0;0,085595965
148271;3,193147762466299;3,6576262
23974;3,579394350254715;4,5782347
520411;5,5108367384172725;3,952438
491327;2,5235021533173585;3,2417698
938047;4,565447965824891;4,916008
390645;4,863660792375238;3,6869614
406207;0,0;0,041915417
434253;4,936543863280914;2,2972589
617908;0,3094944334708285;1,5464939
607338;2,1862616032926603;2,7704828
278969;4,366273546047615;3,688046
721831;3,345350890262877;1,5194372
823302;1,1469576860926012;1,2443185
395297;1,7277806079858964;0,31916845
466120;0,0;0,65957785
72461;0,5777088109391777;1,6667659
696340;4,28194641753198;2,250952
466782;0,0;0,2703488
761115;2,3584892292411563;2,1623414
402545;0,0;0,46073332
55874;1,392292186038449;1,0373263
847504;0,0;0,4283155
480836;0,0876996394214109;0,8150709
775432;1,424571301587847;0,81302387
643280;0,5033953008918135;0,84342635
921524;5,195883935625514;4,21424
884028;1,4905202083860327;1,9251066
159361;1,2201992404841655;3,309479
785270;2,620275304403281;1,058883
23545;0,0;1,853957
273045;0,0;0,27728617
242107;0,8139384350867731;1,5750583
249257;3,749210152020028;3,4628026
727624;1,2675802209321845;0,5742236
348695;3,6658856461619744;2,8850987
741031;0,8803207912413358;0,7906437
266786;0,3176922355139663;0,6036437
924365;3,6702781776534974;2,2548041
418982;0,0;0,08870399
195749;2,421734204521872;1,5526298
119431;7,2843955958339315;5,35791
835700;3,349167504826151;4,328197
559524;2,909394436134824;2,0096421
945074;4,472772101120095;3,2848127
570880;0,0;0,13160485
984963;0,0;0,7614188
689228;0,9162811471199211;1,3111161
479724;2,7972307252959627;2,1763484
32094;2,203176312928865;1,745617
609757;3,557977153193961;2,9371352
208266;0,1479621232445419;0,7570693
358526;1,96963801729144;1,0741549
686575;3,456521837269877;3,4003725
900929;3,0553474386328023;2,009361
526422;2,0978813546129267;1,7080586
966097;0,5119314346710708;1,8292043
563169;0,0;0,18338633
469341;0,7743016087295523;1,9393868
638335;2,126803474483328;3,0459566
283063;0,0;0,03361678
662609;5,770105170304646;3,1886168
985425;3,1353778108171224;3,3328247
262331;0,5730386805664165;0,80583745
273250;0,0;-0,07391
108140;1,5490314123979885;2,1834254
769260;1,6899601000208535;2,722775
677403;0,8458395825908278;1,5968225
466954;1,8426470766714629;1,3639643
255529;0,0;0,18541825
907400;2,666231302181064;2,701964
342618;4,387814968421126;3,8256176
866973;0,0;0,25651336
610790;2,0165000037434617;1,0799108
52621;4,539164238668525;2,4801607
768852;0,0;1,2867124
843896;0,0385522311705337;0,5120068
939746;1,3596136418765568;1,1242088
898454;0,0;0,13502705
973655;2,9061087068303264;0,98232806
383619;2,929064534842764;2,9421082
220406;0,0;0,22987485
852789;1,3782876330432794;1,6458968
642627;4,465150400052182;4,0706196
911593;3,73103097852149;4,023861
980881;0,7590199357153845;1,606574
425579;1,6636323263185455;1,7439269
107786;0,9149134334131888;0,6286497
228767;1,0661199336460137;1,9371599
2133;2,85883269406162;2,7828455
141498;2,354502619860096;1,1664734
986862;6,063960907356762;1,9653872
812888;1,9773014461428269;0,34451953
829701;1,393057021544715;1,4897076
780893;1,28304089024155;1,3027127
591457;0,0;0,5889218
15647;2,587062471682649;2,7330937
481218;4,618446436157877;3,7877629
176016;1,317584916173986;0,808244
439243;3,2247224185044816;4,315839
59421;2,1323322971144334;1,8772025
454041;0,7197446155443141;1,3411113
79461;2,9185419068368965;1,5811421
558864;0,0;0,34576747
340439;1,6616144288712529;0,45649707
927539;0,0;0,41529605
981196;0,0;1,0345024
317916;1,0628892711794249;1,267248
648811;0,0;0,9783411
603434;3,716613967390556;1,7847598
910224;2,165628067144984;2,4723248
512894;0,4537858463837546;1,4098066
277588;1,36030746230438;1,5383227
804041;1,3489356803060375;2,3396938
116572;1,2280683839104354;2,054319
130356;4,273392837765937;1,6381335
14229;2,6004009435654867;2,380976
681297;6,277212004121352;2,8085139
771952;5,367704079566518;3,6124394
345494;5,22062314522653;4,62759
149829;2,0727833538514817;0,6326593
992102;1,1385091715575375;0,2598244
602913;0,8905176827348684;1,3949608
609842;3,727870498776646;2,454504
173299;0,0;0,0701403
138976;0,0;0,3122692
329656;0,2524203836531228;1,2055631
127532;3,3876315681481595;1,4630005
766221;0,0;0,025930405
415461;1,669707255017739;4,078138
112179;0,2728549003833087;0,9618617
75098;2,0796819167009053;2,8157818
124138;1,6065899353587814;2,479313
942673;0,8722226981766505;1,9435437
379607;6,595874540919281;4,5342927
917355;0,5867272704246653;0,61918825
208303;0,6027539025013657;1,324982
793462;0,0;1,9405574
352221;3,378941769031856;2,4313126
751546;0,0;0,9178449
623588;0,0;0,5737159
188770;0,1756507830472006;0,31563124
388182;1,230513989915656;2,4952765
15569;1,484326122669608;1,8518927
711990;3,923602783312104;2,9599993
202223;2,074562566146631;1,3020452
565633;0,8987612835975299;1,8876143
746146;1,3755067405608454;1,9784961
295391;0,0;0,3666437
373046;2,340717621120474;2,509809
289978;3,6804779868098487;1,4393926
232712;3,5602703675266225;3,4626114
372346;2,5833627014189284;1,4697012
51819;2,655578932493301;3,4235265
110372;0,0;0,29459748
852069;0,3203724519171002;2,8458757
759283;4,078246083610115;2,880635
790297;0,4186322140888391;1,0987554
590619;0,0;0,17879105
611165;0,1417606783885752;1,2722862
719776;0,724651993424815;2,9517872
244992;0,0;0,74326193
448181;1,3602011284402853;1,2930568
273957;0,5019336726474322;1,8517184
501021;0,017767259046251;1,6690183
975605;2,2737555627216386;3,1911743
962798;2,2062855527160727;1,7846987
325849;2,062153183989074;1,8870609
499818;4,097428876917736;1,8660643
128726;0,7677500474398136;0,31260705
338566;0,1280497333882931;1,2522362
827497;4,142905213564717;0,93591154
860948;1,3078435837161286;1,1684335
191689;0,0;1,4467704
79503;2,0086577166851725;1,4414377
170854;2,154221463451857;1,8607956
382236;2,0492331493363034;2,4121919
942523;1,8039953694271145;2,433813
887429;3,5029156750884307;2,537364
616563;5,799962499747155;3,914891
932172;2,237124588739936;3,5108042
189869;1,6497363925061252;2,043827
994460;4,322486754724675;4,063402
409344;3,171859868645308;3,1401393
569797;2,704782817279835;2,8144348
636004;0,3143001254048616;0,5804206
389352;0,0994491857163958;0,17535967
672587;1,2279878845450694;0,5266077
972370;1,4969138612090056;3,628246
930105;0,0;0,37277946
855104;1,857563472713119;4,1077585
283083;1,3666380843152282;0,66674614
591478;4,036749584418756;4,5174847
377438;0,0;1,630856
273154;3,2257615637472603;3,6423564
421400;1,7680662210997216;2,0496423
838070;0,0629326033125809;1,0989513
434864;0,151635186312647;0,46050394
330737;2,950104600467136;3,420048
246515;1,7861198381338494;2,6810071
584457;2,9245481860874363;4,0232067
155960;0,0;2,3244872
919425;2,843052595793349;1,2119696
743298;4,667774674188929;2,9986994
111501;0,0;0,14243227
130831;1,090305966170414;3,7364666
300895;1,4178871540414315;0,9054046
414158;6,308626132399086;4,833604
234841;6,628990661549145;3,8182027
46027;1,2416314370409465;3,0310066
507572;3,021926134913901;1,7796233
701477;3,281770407443608;3,2069128
189847;0,8276639109064294;0,6247631
802924;5,455796296990034;3,6188717
382670;1,7924965314036312;1,9747578
900894;0,0;0,40347046
472204;0,970112445939918;1,0044273
390061;2,115077650168009;3,742087
96417;2,3110444520089004;2,854911
127788;0,1175456947060997;1,5798594
847115;0,0;0,8294172
171004;4,874577027813513;2,3274653
545979;0,9546959954130414;2,2521112
703226;0,0;0,16422379
191601;0,0;1,518995
341026;0,6530501100240182;0,9333066
54768;4,03503899542841;3,3140783
918002;5,491638294807595;3,3465035
287926;4,24892312739312;4,1483583
395076;1,2704447923863218;2,1492517
506680;0,1363716290347278;2,4306476
146238;0,0;0,26288682
282592;3,089596298857053;2,1176906
626579;0,9698361817616712;1,6549897
929088;2,351046093962428;1,9185014
465009;2,05484168791073;1,6733524
414323;0,0;0,23697978
748770;0,0;0,6495795
286464;0,0;1,4280229
888475;0,0;1,6159799
198759;4,838427772589015;4,0067186
645264;0,0;1,772585
919587;0,6477882910879396;3,605034
976282;0,0;0,29944217
342892;0,0;1,3975489
259783;6,430195566671359;4,1257925
92879;0,46964585915399;0,6203022
114863;0,0;0,46902052
242701;0,6219889045293774;0,40478966
595637;0,0;0,28556937
567342;0,281284723952961;0,93578756
180644;0,0;1,4183517
760904;3,380834709081392;1,5514499
841417;0,0;0,5363374
583043;3,754698829423648;2,7592492
879106;0,0;0,3755617
200409;0,0;0,1289928
473748;1,7836611509876743;1,3805158
604026;3,118167941400345;1,8705646
224846;0,0;0,3491705
791973;0,9896027013514312;0,9788594
553222;0,0;0,61468565
345308;5,275835617936986;3,1151426
821549;3,255457197583529;2,1719236
599221;2,57747130011665;1,2967273
180152;2,033978540860649;3,0695727
476279;1,0659729272745406;1,6217847
963737;2,4462659155143207;3,1877306
87156;1,3122387302063736;1,6130035
984610;2,09142963603559;0,63468003
56403;5,154396131460908;3,0950103
168372;0,0764543472382567;0,19835585
943368;0,0;0,29717383
888721;0,0;0,15532935
643647;0,0;0,28219587
445543;0,593559531506535;1,5323299
579099;3,9744355731982255;2,3999152
320244;4,023958402390602;2,0096703
813059;1,9291930431181108;1,0413158
653759;2,3526418508812723;2,019535
359564;0,3969512711575029;1,0525911
211850;0,0;0,39173317
616480;0,0;0,7153441
78677;6,5716496219769205;3,9359612
648793;2,8660324331612284;2,4129562
643961;0,0;0,3391307
538612;0,0;1,1233912
949170;1,5597941863010198;1,095499
425376;2,9970631396277603;3,436079
771115;3,2631715091238926;4,6945887
559742;0,0;0,02430147
220757;0,0;0,7495167
799596;0,2596273876686933;1,0866914
429530;0,8738922160405976;1,0356216
802182;2,7541047165480306;3,3648536
897093;3,4514929177195968;4,6436415
58826;0,34988669263044;1,4105884
136052;3,5080788529631617;1,1047443
263790;1,6927921660157454;1,6040455
382993;4,5717307810538;3,3089597
481316;0,0;0,07434547
206832;2,4302689135240696;2,9360695
132706;0,0893239458247302;2,4777348
758108;0,2949031831840909;0,29410046
869818;0,0;2,315051
569754;1,7418136604895005;2,237795
974056;3,204147829805267;3,2291274
340849;2,696474634724127;0,75666964
847242;1,6873702582954295;0,2885856
164231;0,0;1,1972221
532561;1,1549950629298955;1,6448367
848280;5,251890301514781;4,0064754
771997;0,3345393986325773;1,1975803
401240;0,0;1,4686505
981386;3,3445344805107893;2,5291033
586346;1,1006865269667043;0,9108908
757056;0,0;0,27908802
320450;3,0122915379893143;2,979851
179079;0,0;0,25899678
827079;4,207012003673291;2,8168137
126773;0,0;0,92517865
612052;0,0;1,5366843
38790;1,5887544182893545;1,1733975
651472;0,1713706555462448;0,7906402
38077;1,284511043357607;1,1160624
261790;2,449997906242772;1,9511693
832770;1,5649505283114509;0,8449178
322792;5,009963632142673;3,1766732
78430;1,663642801557777;2,4306512
214091;4,324898860449517;1,2973241
240131;0,3588023754188489;1,5899227
548990;2,1172628357119647;2,8192637
565484;4,606793527449898;1,7412908
349563;0,0;0,29969198
990761;4,258293782948138;2,9663656
848783;5,338691963779943;5,083702
342847;3,789525227963035;2,9425282
822482;0,0;1,2395194
518616;0,0;0,8859318
115361;0,0;0,060303867
783486;0,0;0,19177592
293839;0,7399373559741793;2,7485886
763448;2,16359309145996;0,83653575
472523;3,871084180967121;3,1890452
437918;1,9069469908388708;2,1380625
653303;1,7078648485267414;2,3604739
469387;1,907979296537857;1,1449201
511086;0,2492552170325629;0,41640687
622530;1,9867181789073536;1,8556211
676743;0,0;0,9149791
288786;4,532851950488949;3,202282
465960;1,596242822712619;0,64017165
238824;2,5232148825805485;0,5020145
918809;2,4488820497878043;1,253238
460050;3,055499191133994;3,0863588
833625;0,7164446044729409;0,87894654
456794;0,9480081119669512;1,2209641
990099;2,3965431262762102;1,4345063
485758;1,7527653123544304;1,7997909
958388;1,2921779779971605;1,6679318
766714;3,3069164455051774;2,1398456
842603;2,967406501999236;1,8918722
536609;3,3766678982111205;2,788408
585883;1,3289622724721406;1,0257473
831922;0,0;0,67314655
959136;4,430467343503618;4,0273
129753;1,1170447904611005;1,895837
590921;0,0;0,39846432
222025;1,801928970637615;2,3898451
459942;4,117803424858493;3,911156
257752;1,431513099167947;1,5864314
867910;2,001974314625061;0,93901527
989942;2,91497954941347;1,920222
896023;1,0947094060591605;0,21890092
327298;0,0;0,5492978
429661;1,1604735387762752;1,4175788
968932;1,5651652904487905;0,4843595
290339;0,0;0,12923408
585423;3,029857433949606;0,724904
356259;2,1308395007313945;3,3676455
664710;0,5663066712853349;1,3298259
664555;2,631711880265171;1,9463391
722862;3,089749481948253;2,5233788
428904;6,19071845796824;3,9167526
519242;3,9895440062275433;1,5099506
215027;1,2960748724541242;1,3100994
254273;3,238423483199657;2,8784006
19262;0,3266363882348195;1,734551
454079;0,267168738748145;1,283057
373904;3,173189965700611;1,3552605
717581;1,2782015147463763;0,8855777
519530;4,371366487194464;1,4154919
668146;2,8999540282546468;4,0654893
505647;2,8352553926051347;2,7268226
204608;3,028735017098452;2,0896409
255603;4,049210697707647;4,1547127
862843;4,978286131139442;4,9497986
623877;2,798375422547831;2,6715899
801335;1,5497110967140326;1,2662091
374552;0,0863104952543916;0,5558393
585516;1,3995225357832155;1,3114656
58059;1,9338424030566017;2,1499767
687531;2,0886517324216767;0,42707112
581089;3,851882322883599;2,1312027
536502;1,5428013288326428;0,9065914
458827;1,4197173670883638;1,4305631
428636;1,4000531462084815;2,3278284
889308;0,390458671790731;0,4638551
310898;0,0;1,4321828
177376;0,0;0,38949743
277657;3,017549662617185;4,468875
371998;6,13993242559895;1,3407006
16704;3,588063023078277;1,4584954
738476;1,0227397570480994;1,5015389
230169;3,8519178048495615;3,377083
200383;2,6362214390607845;1,6603534
724408;3,3725477506700563;4,494746
139928;1,7441024479385665;1,0605737
628620;0,0;0,98099136
958593;4,499608071502884;4,60514
809180;3,5299052255083208;1,8327148
699448;0,3782128912977456;1,6723148
922295;0,0;0,21821505
525409;3,453400695357402;1,7530322
109872;0,0;0,35698545
23583;0,7141219296320442;1,7703794
430125;0,0;0,50122297
316382;1,4478875396857411;1,9425349
604478;0,0;0,11980212
562796;3,438739301870567;2,1595893
608081;2,9683499950746883;2,7777717
936718;3,566291981261686;2,102582
170316;0,6865001858979349;0,22686923
582881;0,1084727111550475;0,33982113
470845;0,0802199222950461;2,1024582
653684;0,0;0,11700791
273929;0,0;0,59361696
833750;0,0;0,89543164
814462;1,761849633048092;2,2729037
763980;0,0;0,8034526
134381;4,263091179555194;2,8449023
292323;1,0045608801698174;1,1025157
972563;0,0;0,62904537
566782;3,203235661845204;2,4520414
505639;0,768857649132638;2,014009
749995;0,0;2,0012474
478708;4,146049901459024;1,1058165
384973;5,1497135431851335;5,054572
852918;0,3339301578084613;2,262346
504780;0,2776012005770207;0,5316918
678764;0,0;0,23889816
868439;0,2466781828003854;1,5058115
256733;0,0;1,0192734
537234;4,523028797812007;0,9288314
78729;1,5995651221537524;1,0193355
440602;2,253794398541172;1,5356293
580050;0,0;0,08366251
893486;1,2806176995531044;1,7617432
788737;1,3100128147289811;2,264
279107;0,0;1,7996001
689578;2,78369882126302;1,3964655
366972;0,5706639821630541;0,34747833
733829;0,0;0,007154703
583209;0,0;0,2479899
797916;0,0;-0,028323293
795497;4,450059861423863;1,8366165
572055;1,1108661886710351;2,2837138
995995;0,0;1,5186464
560562;0,7296903783376179;0,8419173
514046;4,982955233055465;3,5389774
984166;2,676741769696462;2,9575095
499128;0,3150212683522981;1,2419105
658705;2,57962610057631;0,82965684
320818;0,0233203667406564;0,13757527
931755;0,0;1,243202
150698;1,6223898638114684;0,6360563
292147;3,4586429275296084;2,6589196
211228;3,24965652944913;3,8080657
636179;2,802446700285712;2,2146244
797441;1,601506350591832;2,702266
170045;3,045532363134126;1,808415
198226;4,376707287382579;2,7694502
847996;0,2793518829030563;0,46581802
607861;3,009421244931596;0,8707702
709269;0,9703489368703152;2,629973
938858;0,0;1,6172948
364879;1,677330881085735;1,0307742
42622;0,2858814396724995;0,8335481
776562;4,740759221970774;2,250661
812117;0,0;0,22682464
177622;0,4227507091977086;0,7553907
383397;0,3750675208758844;1,1007899
875064;0,3493509033215898;0,5394385
902725;1,7466502105190251;2,3898368
516898;0,0;0,053760886
919871;2,066963152729179;1,8791988
461350;0,6015594281511726;0,668125
264448;0,0;0,4163655
741115;3,05877591462154;2,748196
446227;4,971386888813354;2,1769068
927081;0,0;0,21873444
289187;0,0;0,621151
770703;0,8443976971040694;0,25807118
63185;2,5489746349860565;2,109161
52436;1,6288313019031626;1,7769868
381135;0,0;0,9474457
634293;0,434174845765733;1,0557742
492237;1,8134463563916643;1,9862747
946190;4,119277539336893;2,5279295
166493;0,6297672195709714;0,43713272
945611;0,0;0,36433932
872531;3,532586437108151;2,7056322
53308;4,0589341556563125;3,402694
198760;2,443419612552464;4,678072
129272;1,476010996486804;1,2046967
705725;6,4163520195233525;4,030673
456636;5,133194890471214;3,355172
586662;4,086125614827511;3,6758325
753488;0,0;0,29162908
176700;1,8304814627444228;0,9449994
516546;2,8922959594984268;1,1656028
265711;1,147333072137111;1,6019719
100229;0,0;0,032977104
744451;5,24781922797081;2,8296912
517817;0,0;1,1722608
172469;1,3494160779882738;1,615875
141588;6,473662645152943;3,2672374
657904;1,9834638547672865;3,8365874
470379;2,309850602604448;2,008521
92277;1,1859030251797305;1,3786955
556775;1,014990869292284;1,9494833
46581;0,0;0,27286363
852805;1,857105531935845;2,2373624
757270;4,111200634461121;1,2189447
313760;1,1750361707543562;1,9701662
117157;0,0;0,33464122
352299;2,5854707301609485;4,1365013
104782;3,470236423869231;4,483416
617147;2,646059584787035;3,9508495
663903;0,9796262576063148;2,6599731
837879;0,6758794825919684;1,7113765
253163;3,3511794932397487;4,368552
713539;1,4604858259822862;1,7615755
599972;5,110933777027208;3,9610717
793827;1,2031105219214202;0,38773605
711951;3,212903465833862;2,3888967
538168;1,1975366242001346;2,1343923
201971;0,0;0,20679015
651645;0,0;1,7035806
163303;0,5743720783834396;1,2187352
6147;2,828030320543577;2,2635732
512676;2,197372414761822;2,9968672
500527;1,3946338345110827;0,906945
27753;5,664039604253002;3,1220756
438602;1,4510529612662848;0,29592106
802365;0,1787568698732976;0,21075642
928429;0,0;0,40112904
77944;0,0;0,47867754
129693;1,718250690701448;2,5101972
63188;2,157686201702558;1,2334862
761017;0,4529141201337556;1,2972558
856307;3,710761465118338;3,088844
32109;1,6949877313804893;1,507335
153630;3,784634985354553;2,3370252
266763;2,128896955453418;0,48331463
735156;0,0;0,93257594
593995;2,332611966044076;2,822076
949189;0,8385008476903639;1,7700567
864398;0,588055516961332;0,29440832
173493;0,0;-0,09742594
630191;2,382364501723605;2,4367423
234998;0,8859265244864096;1,2439308
69005;3,434371535652981;2,6939688
724844;0,0;0,6626951
916842;2,87599732078346;1,6719513
997318;1,5373807481757238;0,72589934
310511;0,0723927279941222;0,9842936
849654;0,0;0,82735133
915191;5,100163635231849;3,6591322
938877;0,0;0,25931072
937920;0,0;0,8524619
642362;0,2650684854798202;0,54941475
472147;2,780345479620863;1,1945571
63561;0,0;0,48552042
510463;1,7998204768105714;2,0176768
729531;1,4049987387912104;2,0868816
461205;0,012101487647866;1,0625052
740286;1,9998062004843504;2,221591
291686;3,3223105364352525;1,722018
275606;4,457276084439174;3,023098
466244;3,000745348233363;2,4973712
266165;3,210603270990279;1,6689535
641004;0,0;1,152886
555868;0,0;1,1705368
782734;0,6149313799150391;1,5755358
820637;0,3686008668256659;1,0399791
666191;2,555149832072398;1,8556249
504175;0,0;0,35934544
996061;0,0;1,444737
202994;2,991329171930425;0,871863
330949;0,4637618132244575;0,46845728
196270;1,932544834581858;2,9921086
999903;3,965382925407064;3,7590652
820479;3,1493424104497905;1,8887216
638304;0,0;1,2483456
712997;3,122000602357426;1,744454
707288;4,701971893863282;4,3317237
463678;4,621645669719131;4,1879225
600410;4,311581870395864;3,1601894
509829;0,7709094011992403;0,284992
525565;1,272809624204508;0,929022
63359;0,0;0,25102723
187968;0,3371356344077191;0,576571
193266;3,494651835146237;1,4735382
378703;3,049454840311213;2,9638805
149173;2,8458820360286534;2,6318521
338038;0,3549239869948506;1,8242551
553473;0,0;0,26356858
649340;0,0;0,5764582
535605;0,3213815694319417;0,1594168
286790;1,805491542681844;0,9925567
462903;0,0;0,49318472
285353;0,0;0,600785
477310;3,719531362017373;2,1204615
241285;0,0;1,3371928
903001;1,2200828228116662;1,8951144
219217;2,390708215803018;3,0961497
418288;1,9880454708401505;1,542072
402123;3,293738735320485;3,9387734
388547;2,475786159217212;2,3420434
923396;0,0;0,27833974
22407;1,957050476130792;2,2658772
659986;2,641750622124031;2,84149
761920;2,8585019383845065;2,0203245
165019;2,0862237061408138;3,1476963
233378;1,4588626560855011;2,359392
588583;4,314372988891465;3,2344146
19062;0,0;2,5923734
841807;0,2671826895737836;1,4583921
715681;0,0;1,977612
802619;4,84754102663545;3,013882
935739;3,166758966780673;3,1174023
739087;1,516201450576046;1,8589344
729156;0,1580441743453932;0,6465224
413254;4,220718027628121;3,5202305
200289;0,2661647674897389;0,2061876
586219;0,0423886383414499;1,1576345
775138;2,0771387270435886;2,0287046
935887;2,914626266746197;1,3716223
336927;0,3761230196818856;1,5236537
556484;1,238557256850618;2,3493502
602055;0,5337961277512027;1,3929635
120896;2,0573091704267563;3,031531
774868;1,0486428732398487;2,0443668
769977;4,569105890218309;2,435035
177242;0,0;0,5871526
736556;4,27872126727312;1,9870516
792915;2,492686733632268;2,9732928
883555;4,03396339881063;3,5939004
8772;1,797935657974206;1,7094855
944098;0,3485864521288541;1,0187565
6348;3,030052449908846;2,513887
186432;0,1454432691981526;0,7060057
709513;2,580044068867836;4,4553556
375726;3,080418715913011;2,0786085
729928;4,962711109487006;3,6560771
322072;0,2040766657227969;0,38778543
167320;3,057791029127387;3,173856
128909;0,0;0,59879714
561073;0,0;0,41922805
951111;0,9173652956362084;2,268386
908441;2,3656932141987004;2,9049795
946802;4,218792308774995;2,6469426
559297;4,4158346143038;3,894283
842717;0,0;0,8636183
890099;0,1032610886454388;1,4475024
284363;0,0;0,34988463
403875;0,0;0,44550323
664636;0,0;0,6200899
333900;0,0;1,0728073
320215;2,741494210685772;1,122365
491724;0,0;1,1791962
275346;2,8105613189616747;4,609493
959176;0,7895365673785126;2,4343991
339755;3,402497636778828;2,6173913
812241;2,0807317777005503;3,0307014
875414;0,0;0,3236783
345822;0,0;1,1868331
907763;0,0;1,0304354
867139;0,7884055697633146;2,78885
501083;0,3452435970493119;2,5119877
812411;3,258976810195302;2,2757015
36774;0,0;0,7208093
490154;0,8128404528100217;1,1838689
381720;1,7906510978572752;1,9792271
903405;4,065413203657354;1,172899
264212;2,037569342281018;2,506926
346836;0,0;1,0626887
507943;1,5112466267978526;2,2360122
486312;2,5475713045628097;2,9101346
905982;5,550084449512632;4,298289
352728;0,5212464318688937;1,0736613
248740;0,0;0,42662022
614858;4,5777789357982215;4,620821
624485;4,4816249914362505;3,0337548
98107;1,091512734786121;0,27556092
248763;1,1307563069422244;3,3110645
187564;3,645522876394733;1,5185494
347453;2,7286151560699383;4,496336
183951;0,0;1,3601865
159897;6,423166048586075;3,6074798
691425;0,0;1,885243
444206;1,4612112137911115;2,383706
255544;2,7148708406215727;3,293894
652408;3,3327549670544254;2,0388265
932520;1,8520060803213472;1,5942881
253510;0,5062143014657725;1,2650375
694055;2,3233170691866856;0,94296885
934555;2,886180546113725;0,66707754
543763;0,0;0,570987
498339;0,4006813748911617;1,3774934
161303;1,317843270835053;0,29259598
824155;0,3471608675255451;0,75112414
645659;0,0;0,5566504
447610;5,0116199044532594;3,320239
999798;3,968626747776266;1,9299822
23699;0,0292486748703106;0,4329661
818894;0,9830036500205154;1,3674407
440738;0,2023214770130932;0,47287005
309932;3,98924048261212;3,2884505
98460;3,1399148762645783;2,5252964
46020;4,925492344881947;2,426602
222943;2,413976015467367;1,7695823
819385;1,113156804470136;1,1413596
542000;1,263650037394678;2,1265109
3339;0,4516623830518916;1,3657342
627292;5,275719169196657;2,2337055
806399;0,0;0,4560139
406182;0,0;0,6064179
499934;1,873878706778059;2,0108845
326104;5,229763690860251;3,7165008
170463;1,2177165404786527;0,9989809
716547;1,2028819625586178;1,507961
297286;5,797222879560531;3,2533808
958693;1,8459468753001644;1,60146
733502;0,0;0,46759218
721600;3,1996919217151154;2,1758773
792263;0,3255016140221128;1,4517426
927511;0,0;0,22620106
766869;3,0134151481383227;2,7534304
15344;3,026487455853406;2,9167154
563167;3,330201830370948;2,0918372
570180;4,179953861446107;1,4823544
146751;3,512522209794926;3,52965
680818;0,0;-0,0148688555
194937;1,6114032128380804;2,2030227
590415;1,5050066535256974;1,8405508
505827;2,304202217361166;1,4131845
40120;2,800192040052214;3,1058242
715170;0,6195665660639589;0,8006034
883461;1,1565111302284523;1,3024577
44442;4,529684291395577;3,3135097
591123;1,3620490827769558;2,288313
201979;5,192018547021404;2,7642024
833380;2,200622749234827;1,5457487
228251;4,707848324479818;2,9218302
988137;1,6435781008670736;1,7381238
409988;0,6171661419653771;0,31918836
682511;0,0;0,9492984
41595;3,3344379886112323;3,9150891
847755;1,7880265441615646;1,9237725
208648;2,1183423075222865;1,2341118
913330;0,0;0,6765379
502907;1,768315433156221;3,052326
711481;2,4458798068132155;2,1159115
860762;1,145623675885313;1,3819889
960394;0,0;1,3697784
409692;0,0;0,54577684
903284;0,2177995417952509;0,5521259
606546;0,0;0,78398204
707063;5,1989884063891685;4,1383886
96745;1,474418445058869;2,6054997
454161;0,6120504725100986;1,1629084
196381;3,467947045656372;3,5985563
219955;0,9790859045758432;1,7693725
128092;1,3120925377419037;2,4619246
323570;3,6931356993464783;2,7208567
970989;4,140751517210875;3,4156237
49111;0,0;0,71383333
133220;1,757562151419667;1,1547704
169156;3,0481266636427824;1,3752323
635173;0,0;1,5997732
754941;0,0;2,2682986
8309;4,376300845581135;2,4775167
80850;6,147118687012645;3,890697
433910;0,0;0,32260582
550860;2,8197395951831155;3,1936734
117048;0,0;0,9389035
40469;2,31852033635108;1,667238
343706;0,3032539011106111;2,5196536
952715;2,555849110316577;2,3969705
326535;0,4764791606978655;0,13439792
766744;1,3760359899569563;0,92655003
438258;1,596629448885085;0,96714485
195030;0,0;0,98629165
195176;1,7495425252215882;2,43721
479736;0,931904446203634;0,7914504
87466;3,136185854562177;2,0541117
124366;0,5610569318301042;1,5663544
144714;1,0287818969805236;3,239916
870267;0,1506879883521725;1,7888789
172921;1,025064282263292;0,43372643
286079;4,918313730352192;3,2394736
741967;2,9704933072917425;1,733424
864003;0,0;0,40973037
444532;0,5437988281694355;0,22911108
423578;2,954517445109924;2,0949707
315115;5,010443574590681;3,2213342
408850;1,071630208266405;1,0017626
961768;1,0057521214327487;1,6200371
170734;2,6216735658542376;2,5730317
775467;1,24054482059129;0,7710558
530105;1,2466217303066445;0,75933725
262985;2,1693880644132766;1,4793539
20688;1,6245665521393993;1,3478482
150831;1,4304351946420963;1,7899328
563987;1,41180904327106;1,6913325
237361;1,4301095654669498;1,5708785
396340;4,64911960673692;2,9961846
243573;0,2085537775450656;1,5560012
147893;3,413016842407261;2,8072526
749865;0,0;0,37851351
774081;1,043859739004675;0,4704891
356652;2,2178597167451493;2,1302567
278227;0,0;1,4145896
625353;0,5524408553077654;1,2434753
746879;3,180092989927944;2,3179693
119326;2,7574276852535133;3,4337947
504259;0,7129405912038518;0,5051159
199195;1,7529888038244168;1,894798
407284;1,3085065723072011;3,5592182
221136;0,9383229734285604;1,9819949
267870;1,8367750704297976;1,4193844
9769;0,2099191438425365;0,6801225
789309;1,817781925676515;1,3711436
783464;2,617151850264982;1,2008424
666430;2,097819087039688;1,417773
747467;5,27150270534942;3,5633624
514796;5,168532537815658;3,2295864
918434;1,9719710396954648;1,092167
957438;1,7522065775952584;2,2843714
358963;0,9698225710717504;1,2069724
750070;0,0;0,40642872
623869;3,282130102060976;3,089449
168610;4,646838992164733;2,916495
608582;4,090232329793773;2,3484187
291932;3,898222303584418;2,5804899
673468;1,3936548893303589;1,1172636
394335;2,046212669031496;1,8123081
257167;2,3744299368065698;2,8279877
618456;4,810250500177523;5,462286
401886;0,7042167840373007;0,43768287
206628;0,0;0,45846456
930962;3,739865629280673;3,1194584
839477;4,716061722683634;2,9782808
603038;0,0;1,1342652
135145;1,4272919577969825;2,7420096
610205;0,1245799440097834;0,82048213
788931;0,3257110901050436;1,1976831
478729;2,825267325046536;3,7063074
801768;4,533790366382318;4,3831024
911340;5,243830305422735;2,4238138
149100;3,75426637337376;1,9897108
382888;1,2419847417653482;1,1460704
379742;0,051368955763476;0,694064
385069;0,461968090643482;0,46890423
215854;3,092130053052502;3,2144113
564017;5,370168383994116;3,8526576
648160;2,2568813007530686;1,1792465
541408;0,0;0,013292074
232762;1,249268395861948;1,5871176
689768;4,385287996220321;2,008391
727391;3,317011058864132;2,7854414
117488;3,340619746237205;2,9825933
625392;0,0;0,880437
448931;0,0;0,4848219
715638;0,0;0,5156617
810365;1,5994184341268078;0,5224678
672106;2,558610802266017;2,014196
109606;0,0;0,4227879
623291;0,7805587009140112;1,06671
619845;3,073022381760008;2,3369565
616622;2,1421423425599952;1,8714683
525740;4,830243088856056;3,2885094
434468;0,0;0,99232286
603013;1,557866098386376;1,5537632
584612;5,27060145002801;2,569972
384228;0,7373548467642086;2,5165446
833095;1,452737244486759;1,3606026
47065;2,0421342455714244;1,7967486
468279;2,68801925898614;2,6346426
995481;3,10489097160204;2,1389182
967651;2,785220738242013;1,7379591
715884;5,414328256791777;2,3988867
518481;2,5324342745255084;2,2345848
285086;2,3522203538465387;2,555697
864873;3,317458150395284;2,0208426
829350;1,877184914238916;1,1266943
880252;0,6936162363936818;1,6548982
122021;2,532246731620324;1,1371825
573423;2,829823356207084;4,5014935
201824;0,846801352342172;1,8122921
26111;3,0697806001616126;0,90489167
921805;0,0;-0,07336694
450053;0,0;0,74498665
719684;1,3929654929389907;0,4839943
120430;3,5959746211358605;3,838122
229270;0,2475072686152836;0,7851911
701782;2,6760343292087705;1,9545026
130288;1,4807177828876472;0,62539816
342639;1,0105708829496942;0,80383563
987209;1,3583428179250772;2,1325202
424353;0,0;0,7639299
480841;2,651951697396828;1,3410349
104363;0,0;1,1838644
567230;3,3334944942049702;2,5863008
307701;0,0;0,9325118
723215;2,636941105228282;1,8449876
658078;0,7782117418092775;2,7323241
189484;1,241571875271955;2,4086223
584684;1,744504366485864;1,1950047
394344;0,0;1,1191714
26259;7,999996013896929;4,991005
836626;1,03071810679368;1,2693658
655537;0,4094350809591399;0,7697413
811839;0,0;0,51650107
793739;0,0;1,1289601
409530;0,2316440041900815;-0,0059393644
741766;0,9860417211491485;0,5879153
35754;1,9123172715670755;1,0191067
142965;0,5268913476793453;1,6960323
459180;1,7039647038678123;1,4085398
921495;5,107980078273692;2,690308
424874;1,7805731629997283;2,3060818
227826;2,5867646474638097;2,1702077
767305;4,162604185532527;1,8323398
627593;0,5663879965856413;1,1487586
821155;1,3818136754159682;1,6345423
317406;1,004311990190937;2,473143
639002;2,74571302631954;3,592963
254552;5,487816188537626;3,4926283
697986;0,6408496553607725;0,52701384
472060;1,1124608781240748;2,6518025
923359;2,5553281561258423;1,3644922
511230;0,5953577644952333;0,34855628
952954;0,0;0,53734684
937949;0,0;2,5649133
428214;0,0;0,85105705
88598;2,025915765718345;1,6837327
723870;1,6620483763574212;0,9301928
111672;0,2017399525943005;0,7222476
816675;0,7672292248532147;1,5697095
79663;1,5490033563936365;1,5543935
320859;0,0;0,42564237
937255;1,0337389252002178;2,6745656
856298;1,5445682347610032;1,6494898
678264;2,913936094731484;2,1217837
18628;1,3185121316771151;1,5745347
548812;6,191301889112078;3,638676
509705;1,9273434034919568;3,5731666
131834;0,0;0,31743982
238077;0,94085492397547;0,23151624
86095;2,247399534921993;0,46103162
320524;3,407510898812032;0,794639
766611;0,0;2,1079721
137766;0,0;0,40763563
651553;0,0;1,4590415
509088;0,0;1,2996192
226434;1,1677257235145273;2,590865
376115;0,0;1,9377551
128233;0,2206726066637431;0,1498341
236931;4,699738273242503;3,54251
71444;3,0791691192749653;1,5417292
82424;6,75286974791588;5,8672457
962642;0,0;0,23785901
498516;0,0;0,31635964
31163;0,7645895176555408;2,0998712
135278;0,0;0,90581805
201284;1,6345606958255054;0,9741023
921451;1,1985470183382576;3,1040075
841021;3,030283418711004;1,4619255
815194;0,0;0,50848645
1932;3,8510844582801567;3,7224686
788647;4,215618439788841;3,4110494
29726;0,0;0,40220892
538784;0,0;0,3895691
477808;1,6728885976845018;1,5679504
459641;5,341484311229601;2,9713383
882749;1,4122271078493789;1,2984664
621846;0,0;0,47094622
718413;4,326992222012424;3,9385657
35357;0,0;1,0293404
646827;2,083107732646011;1,3757886
715321;5,215106081375948;2,41335
222449;0,4499970065692056;3,7985485
907519;3,085010773500553;1,6091977
799913;0,978951514599878;1,3357782
784579;0,694414833050903;2,3570237
791533;0,0;1,5185078
875819;0,9936027351045684;0,77399504
691112;1,0033570736091448;1,344874
850884;3,61309960012476;2,4860833
933923;3,3913986203926263;2,4675753
808070;0,0;0,89473975
17375;1,473979597744342;2,1224961
517436;0,0;0,50226593
205211;1,830386279347069;0,4444382
778665;0,2394194143360402;0,5398662
257246;1,503056262075859;1,5156989
957733;3,967605659060513;2,3209224
909829;4,3314926798855415;1,668438
632983;1,868040664991892;2,4283473
415439;0,0;0,22751987
557180;1,6399774249942491;1,6284705
763549;1,858634343687175;0,90381575
99647;0,0;0,18017775
555535;0,5237508682544282;0,77378184
465999;4,938799744916025;3,7262123
376418;0,0;0,7506153
752785;0,0;0,28786257
693084;0,0;0,43196866
633130;1,5214447258993578;3,140334
191140;0,0;0,18394476
426243;0,3684812234137071;1,0713971
833684;5,650696522637022;4,481538
866553;1,5330185030562482;1,7824421
343857;1,487429171760971;0,79643655
973956;4,032440817697965;2,8443017
124985;0,0;1,0444543
367429;0,0;0,37422132
923122;3,904745118960686;4,468194
343546;1,7732566008304362;1,9086313
12160;1,1168039398613652;1,4902468
660326;3,1919283917088253;2,7799642
51293;3,1935334217199625;2,4832199
13847;0,0;0,48100334
945439;5,541355011090565;4,8406363
686547;1,3878333957033278;2,4719343
350508;1,6967813122928006;1,1832873
799221;1,0061975271037746;1,0641106
79128;1,8801158454363056;0,4608225
726710;0,0;0,93537045
905916;3,559384936238269;3,3817942
215646;0,0;1,2870283
166062;3,7168639976269393;1,8724873
227831;2,71167702219815;2,291935
605499;1,4687287991522653;2,6636314
913638;0,0;1,1931064
374457;3,4472215657095737;2,104222
678484;2,0122073226560686;2,0520585
768415;2,3945214523142395;3,1292837
934905;0,9473977648427264;0,9437653
465683;2,269948720320934;1,3306595
488586;0,0116876996854212;0,23007488
325401;4,048985993230577;3,9897301
736214;0,0;0,49634522
768331;2,064817570325298;1,6038123
298363;3,88360203794167;2,978511
663726;4,627940581698513;3,4880211
473181;0,947493730861228;1,0915903
19906;0,993602409521344;1,6819853
305272;2,9905978810395;3,1912029
88515;0,3138275220383208;1,1125234
768034;3,002236465777075;3,4983234
434858;0,0;1,8179454
413291;3,1888145302538886;2,2022908
819325;2,07898885807077;1,5696526
286366;2,224203131687762;0,7963314
529757;3,2045425605572126;3,5429523
139153;2,4235597146303043;2,2752604
145714;2,0333292425107574;1,2645824
865374;2,227164982272903;1,3771973
150048;1,1569885380911529;1,0727853
515151;0,5913110243994089;1,7579646
23662;2,880590255455901;1,6911672
435993;0,4773095839796643;1,7612151
916265;1,3801550980629815;0,9848491
635099;0,0;1,237602
665802;0,7400770262400821;2,4581819
653214;2,9016034785703853;1,9470031
364646;0,6145323045760741;1,2728987
294251;4,959792110635751;3,8129942
790547;4,303406331305761;2,9910662
889873;2,5429782270677137;3,5127378
699581;1,4952678652190934;1,5577915
133828;0,0735060041209378;0,50765634
878786;1,0258764862729357;0,63059044
532079;1,620899595013739;0,4668656
910205;0,0;0,47896445
663365;0,0;0,90444136
975311;5,045592789388341;2,5336094
116596;0,0;0,32637337
708989;4,16622594695003;4,066498
251476;0,516223424407779;1,1980082
376444;0,0;0,95543474
921952;4,334383074222472;3,4817958
211671;2,1139919777013136;1,0567567
862823;1,3028389474703317;2,0172687
270711;2,655898512930671;4,0267744
668009;0,9056608140387136;0,32273087
786869;4,314094799406929;3,2851703
312308;5,123228514556039;2,72678
969759;4,139362786108407;1,6103779
129098;0,0;0,21526557
553251;0,0;1,1204333
476631;1,867062499409621;1,2055228
941506;2,5526931719197243;2,3645098
528009;0,0;0,46473917
121057;1,1078861747285766;1,6633556
255109;5,895296738157473;3,239516
394769;0,0;0,3245823
834919;1,20511162339721;3,2342708
854384;1,221937251556955;0,775579
204150;0,0;0,5413278
633233;1,239347113395325;2,0042253
633641;0,8377088554378833;0,4796416
191998;3,287646090470264;2,760203
118076;4,636645626130357;2,9319115
288302;1,8559937939999915;1,3411124
446658;1,6239092978457386;1,2528366
478640;1,0740916370600293;1,1778481
901221;0,0;0,12801456
809938;1,5866279667748369;0,5148775
201464;2,2190400489196307;1,9800386
972485;0,0;0,4979921
371287;2,9532570833571463;2,0014253
898517;0,6243494014999764;1,7275572
131159;3,1957017417933127;2,329525
162949;0,983425595217447;2,8296711
528382;3,354826602584516;2,8265543
314484;0,0;0,28926083
196163;3,675158997065435;2,8843505
957017;3,4728135118169217;2,6339774
474519;4,802858514664973;5,382101
956262;1,1036125468903597;0,92182016
476198;0,8870991359203483;1,7439615
969333;4,541975302759563;4,6841197
202567;2,603507246026969;2,1147282
539802;0,7139795217389822;0,9592427
914588;0,0;0,32704452
456849;5,341783083133033;3,4950452
251612;0,8832841085586183;1,1881598
66490;7,111955422420788;5,1415405
513474;2,3381434412937607;3,4963305
949661;4,340885133640327;2,3754783
725554;1,819830215467184;2,8964856
407967;2,334123450332005;1,4003891
822967;1,978733580277268;2,72782
783336;1,7180879816526202;0,6063304
973094;0,0;0,2949323
662271;5,664165147565953;4,5524836
495565;6,488069588464226;4,796012
439919;0,8190738932891364;1,6132063
232552;2,218416417025976;1,1132648
695559;0,0;1,2980545
591494;1,8921659705386096;1,2038283
506287;3,967148482345915;3,6763241
451909;0,0;0,21447122
856009;0,0;0,37679833
732265;4,609522310674509;3,3174236
347787;1,339546775315419;1,2342533
667599;0,0;0,7734129
859179;1,7305198645943192;1,7570275
238622;0,0;1,0232658
286008;2,502156023407439;3,6045868
251472;3,1463685108456296;1,5452255
845136;4,4963996790839404;1,5814795
403373;4,17805693310172;2,1659017
31844;0,0;1,2644802
590101;2,8121043051370926;3,121684
383407;2,0111933403420434;2,230885
863060;1,301759150997701;1,9633892
417945;1,028328185592582;1,526787
756861;0,6572946967374127;0,8827858
216386;0,0;0,53328913
283889;3,632242067178791;2,442233
374033;0,0;2,9042833
227352;3,186409996911044;2,7684793
901802;0,0;-0,021537662
881220;1,4509501270347382;1,4392536
615577;2,585688613311195;3,1767433
179038;1,9390401037284464;1,7425216
131341;0,9954667329771528;0,96755934
534526;3,375852907396974;1,1483008
879499;1,512850455131494;1,4122722
713460;3,772023194730331;3,2470715
573800;2,810760355252476;0,50433385
458484;2,858916568168863;0,63667417
858589;1,4041649369992713;0,6767524
849422;2,3822729690903133;1,7217108
178363;0,5366211495751364;0,85051274
429656;1,2372774682072851;2,4727783
875711;1,598959897553238;2,9493291
846659;1,3423737736842924;1,3051505
300041;1,0910292545547993;2,1328456
822814;1,5658056657735304;1,3134227
915240;0,0;1,4626639
12482;3,4922809813765734;3,4336803
17116;0,0;0,17875487
377234;1,4080770976250343;1,3567739
966510;0,0;0,22192031
631235;4,981293436167461;3,3336418
773341;0,0;0,38165042
260887;1,9537918395310216;2,4778144
593750;0,2126278126711112;2,8338556
857909;0,0;0,0079526305
172357;0,0;1,2708337
196263;1,683971670106731;2,4434662
802428;0,0;0,15958345
830359;4,519233356169432;1,913429
857674;3,7835509890916;1,7217293
611129;0,0;0,12002897
278020;4,262330955041387;5,6225443
68352;0,0;0,8771737
752015;2,004486810539695;1,0495985
878919;0,3169051318592611;1,30798
739997;5,546197210881791;1,3692364
626834;0,6284536949578595;2,0569072
65783;1,984961340206631;2,845866
214878;0,0;0,18787026
507626;0,0;0,16978419
227512;0,8720318656356305;0,85184544
842296;2,506595225823945;2,5839195
624611;0,0;1,3131785
79634;3,26865510062489;2,0339293
341912;5,293345185950321;3,741042
764174;2,6458294567824843;0,55564445
826326;4,083241569501137;1,8730139
254468;0,3758184972266181;0,14478636
215797;0,0;1,0035553
494252;0,4117070554605281;0,2244811
895870;2,1832586129818905;2,3964891
604423;0,5176893274682046;1,0020936
868290;1,3486807860925458;0,4533236
672789;6,13781180624629;4,607154
763717;0,4155057867392731;2,2049742
101362;4,839516440784907;3,0210567
34969;0,952726034829524;0,98883927
877305;0,0;0,449424
74937;2,374153957955537;1,8653259
356860;0,3366526935601633;0,19825876
285253;0,0;2,2820244
698754;1,5716590124761267;1,8952022
102536;0,8038392956827922;0,6204648
520137;0,0;0,9832324
29800;1,698728631496473;1,3405532
334886;1,3000259234649136;2,1824527
320934;0,1882415868358543;0,9100931
960144;3,842490424726887;2,254362
40318;1,1639165419312965;1,8744754
426431;3,940889224135972;2,4779856
6740;1,8683817035079813;1,180862
57064;0,0;0,27761722
278030;1,5049216777902656;2,0028439
223877;4,846445877906619;2,0823317
792069;1,518500609584145;1,9863858
115429;3,0982281926014656;3,6517236
669277;1,3744804091179317;2,4771194
836934;3,788188257727188;1,3929435
420949;0,3429710711469169;0,97286314
978802;0,0;0,6952423
242442;0,8782557251210525;1,4848032
97229;1,0230521020014027;1,5987176
630606;2,861495710829481;0,85998034
970416;0,8267429045364288;0,833707
109414;2,948998927636402;0,7779203
976921;0,6133390603598365;0,0330531
220222;0,0;0,872619
984738;0,4284854458882421;0,2629969
931431;0,4415205639786299;2,5101933
390597;5,214630937247329;4,2624903
258550;0,0;0,9981213
281005;7,931464524968363;5,0327625
560613;2,5728097497602507;0,5853828
270091;0,0;0,5605494
908135;1,0019535627667595;2,330599
224188;2,728419526231629;1,7486403
626444;0,0;0,2520364
724411;0,0;1,1832482
157332;3,647382636500931;1,6608684
384041;3,940394819658642;1,8985393
447464;1,90800981696637;2,017039
358865;4,445654181879536;5,755127
934389;1,9937891593324013;2,4596436
936566;3,307238295744656;3,357269
486086;0,8029068942133011;0,9918163
713186;0,744206543968896;0,30178615
962500;0,2778101468506666;0,5672419
537989;0,195771648576966;1,0333223
617813;3,097356557280018;1,9310727
139306;3,9111425304151473;2,3832996
581630;1,066369423297668;0,9936234
50252;1,042725713002714;1,9133081
672296;2,72962376763577;1,3857379
254086;0,9963163660931762;2,821667
968865;1,0095258897816033;3,3677475
791932;3,0742165640128705;0,8173697
531375;0,0;0,7752135
639008;0,0;0,11596769
33449;0,1682726650211167;0,19688284
13945;5,147692113486875;3,9664898
589054;2,8352700294364763;2,3360574
563482;4,139250988749264;3,9903877
760619;5,478241125391205;6,2540197
816982;0,3062378307141675;1,7121348
221280;0,0;-0,07486427
389523;0,0;1,7903934
587785;1,4706809442585052;2,8272078
192244;0,5937592198807186;1,5573983
416203;0,9460597039820584;1,5509087
768230;0,1846997911840271;0,36594152
235525;0,4618283040883608;1,9665935
664910;0,0;0,04922384
798116;0,0;0,3500195
25482;0,0;0,5251235
58599;4,801233489138029;2,3188205
466486;0,0;1,4138191
359647;1,7535874070886983;1,0281781
542980;2,0670299305939475;1,1656568
563643;4,305009617197588;3,6372385
455865;0,0;0,11633259
131511;1,5064361190026196;2,9714231
445090;0,6692358781378064;3,1693623
853299;1,4356658975354402;1,1871089
543852;1,3743103282464046;0,44235516
823598;1,1236549221079228;2,090865
61771;1,2088221366505998;1,9525219
264768;0,0;0,65903556
739205;3,4889535339513693;2,2267013
426213;0,0;0,17201841
583364;1,2324920640466486;0,910657
899526;1,5069749088751905;1,2643584
141303;1,8443856045855231;1,8020773
324028;4,067199175105493;1,576194
727597;1,42664377319245;1,2100923
198493;0,0;2,377258
756682;0,2726536829508295;1,6164882
836852;2,5864406551937207;3,432586
559757;0,0;0,4110656
740918;0,0;0,3210345
952049;1,8053197408177344;1,3424587
660758;2,6854677484037097;2,3142974
463949;2,9005287021022808;2,5147462
174075;2,540558391034403;2,1332345
550391;1,8062955415934128;0,38141912
330165;0,0;0,55118656
25664;2,1451563607751867;0,92674816
214874;3,064409052617348;2,397997
390063;4,781141526192276;4,645506
953166;0,8964975635414927;0,8369509
862214;0,0;0,8927242
870891;2,425099812781314;1,671537
665585;4,678705847838481;4,1963053
160706;0,7975591624863615;2,1774364
50343;0,05705757888414;2,5252702
332461;3,845479118006842;3,736853
922760;0,0;0,3185287
285106;0,0;0,6631912
510466;2,345586646186076;2,863768
840232;2,431803135618557;1,655462
612603;5,0746614839275885;2,9161823
418034;1,3992299523237093;0,88244146
652138;0,5559710034142027;2,2450716
829001;2,549300174969734;1,547168
27111;1,0589247847896666;1,8966672
124347;2,558761476773371;0,9198901
187723;0,7899746830889148;1,1495304
256405;1,7233743498683805;1,7548842
629499;4,394220219941943;4,0059166
722199;0,0;0,47396493
743128;0,8877844660855998;1,0626013
867287;1,6269686807921673;1,2874713
724044;1,0526340879533935;0,47772592
357430;0,4135742661901705;1,7967875
412132;0,0;0,5615758
627561;2,076634389118515;2,6030269
753206;0,2264834048084933;0,94064987
951705;5,417265891126106;3,6552005
833125;2,126801910736421;1,9217231
172165;1,3282406319602784;2,164879
705787;2,1656219895865885;2,100671
339166;1,0932203115567891;3,1324189
522036;2,0093881427150544;2,0857801
988035;4,402977196821865;2,0404584
283896;0,8585436066589027;0,138394
481819;4,31355062397691;1,5924416
476939;4,610967159135528;4,906884
634778;3,266015009529813;3,1064408
741000;0,4573780441196;0,73388976
962697;0,0;0,22209525
541638;0,8785994748426766;1,3824322
826304;0,0;1,4707112
33447;1,9922624360911585;2,6124492
798434;0,0;0,21798718
975365;2,894033883612723;3,7558243
122555;2,766995871376948;1,737457
837406;4,028025226114544;1,9618427
657254;0,0;0,9925344
930685;0,0;0,47084066
102545;0,4782495902523922;1,5884764
752225;0,0397691083702718;1,8896976
403392;0,1164856253957897;1,1645947
550015;3,3987908042988115;1,2050116
944298;1,0189791556740824;1,698941
286385;1,3149947329639542;1,224764
389020;1,4079406002896382;1,5713221
83995;0,5138976651840201;0,6618885
588868;0,0539314244736124;0,8502753
987318;4,321975171497168;2,422203
326261;2,534482006487273;2,2210128
445430;0,1116310749235482;0,258093
730694;0,0;0,2662897
793198;0,0;0,29562932
7749;0,6814084460650435;0,33655965
380537;0,0;0,86811876
113211;0,8359446257181242;0,7886227
815063;1,4222598995746225;2,7040722
131011;0,0;0,3894632
922473;1,4215791203663954;0,5976722
772381;0,0;0,08824879
889956;1,570460839724049;2,1374009
923616;0,5986798172898109;1,4249184
407076;1,839037210039739;2,0300324
390759;0,0;1,619313
17635;3,9350123122859553;3,2001429
458190;0,0;2,2203598
654651;0,0;1,8380065
686715;6,094586893678835;4,35728
296618;1,369161135448733;1,991907
13312;0,0;0,5285703
106853;1,155241995491689;0,3874442
424547;0,0;0,3239982
943461;2,235340957586077;1,9392809
625740;2,332870457380712;1,1929854
344458;4,863364424054396;3,937504
534001;0,0;0,45029154
640159;1,094268101128566;0,55798274
518794;4,263619498971629;2,7659764
356366;2,189273513767211;1,4929593
948326;0,9180808144065964;1,0313287
127344;0,0;0,7022825
778156;2,657339047665032;3,1031842
281115;0,0;0,32649553
383362;0,0;0,3447159
247488;3,191254426659321;4,3618383
520793;0,8913042272704295;1,2817662
261554;0,0;0,3714242
612658;3,1135362336676744;2,5577002
738162;3,1651128258823125;1,8693079
883153;2,4653781329103173;1,4632597
185651;0,937028381900326;1,4585813
460298;0,0;0,38211882
497049;3,400545798989291;2,3960533
933868;3,654373523347065;3,4439495
55318;1,7397069504852138;1,2024808
307405;2,2857704791300493;1,835488
943890;0,4585024587778676;0,5555988
780212;2,492019020812106;2,0539074
401480;0,9752086764280689;1,0350415
586851;1,2002818883013004;0,5259238
922677;5,476789763149135;3,5730007
445468;4,327204589295158;3,1621692
280846;3,0686079071783654;2,5893338
579041;2,17355060994432;1,6923926
254592;1,764357726164345;1,8147066
209235;1,1588312669211722;0,37418482
724265;0,8668490676740493;1,4837377
41523;1,372892092281651;1,3506145
133223;0,2162088578198495;2,3755355
462213;4,56649697973778;2,9133744
480931;1,9731594966451345;1,4821898
352744;0,0;0,7719028
385009;0,0;0,28811756
732342;4,887198018847318;3,9806826
229251;1,0688568464373542;2,7938077
668847;1,7125489162771377;1,1941425
479618;0,0;0,477194
468834;0,0;0,37613007
701815;0,8138621792795815;0,7920033
320579;0,7778143926317201;1,0490249
229906;1,5568632372136304;1,8913568
623336;1,681775367343165;1,3994746
262487;5,420495664318706;4,8685274
950652;0,0;0,36437297
170613;0,8840939850090836;2,4106135
367531;0,0791103011676885;0,4947254
328667;2,446157076891133;2,5383568
165801;2,667238674171866;2,6291296
369708;0,0;0,83790845
862611;3,112761520026787;3,2628267
349351;4,525638930246509;2,3246315
107287;2,1045872017240885;0,6450597
958957;0,0;0,032085538
380299;0,0;0,24967575
782846;0,0;0,33173433
998240;0,0;0,17242944
713580;5,035590808724407;2,4441195
715679;1,4350445294088758;3,966552
336202;2,0776327266452017;1,9142351
309121;3,692495029949354;4,5074167
486206;4,66564259448882;3,2237365
421132;3,6144674231074703;2,0197701
325116;2,529630741264753;1,9253986
220313;0,4160709727733864;0,4090649
209108;1,3404089801558567;0,25651038
340020;1,4323264717513204;0,83406526
351116;2,693701838430874;1,3667233
505054;4,05944841580004;3,0815103
322005;1,0491351067690164;1,9739969
468282;6,558795534872874;4,221445
929170;3,717921824829076;3,0838172
149727;3,3691835199275992;0,872605
862568;0,1051093056524312;3,0661478
97011;3,833961886503081;2,5032299
675294;2,346593107608091;2,3523211
32377;0,0;0,26511598
364540;0,6274771286594519;1,3358169
687965;0,0;0,30801708
748514;2,0597972732648056;2,7431006
270714;1,1711694602738194;0,9025153
720800;0,0;0,66577864
886875;1,820077128150072;2,5614364
318029;3,526546976528371;3,3185995
23310;2,9008168926539137;2,19036
959068;1,0403390975531268;2,5916076
486122;1,7787380591240225;0,47843963
904973;1,7691702161091616;2,8847923
737359;1,044097791235981;1,0483618
695413;0,0;0,5152536
21429;0,6370989033281622;1,6608728
751566;4,845594463207117;4,436534
693335;0,0;0,9169737
726780;1,575759352218951;0,98550904
177069;3,413770153755697;1,7714968
848012;0,0;1,1214765
29301;6,48969481622871;3,042751
700944;4,399198844308866;1,5341073
986136;0,7322183891321548;0,112567544
500263;3,576191566826816;3,3518982
944499;5,946514428052697;2,3737066
68603;0,7244272281432063;2,8951008
133272;0,3731179941026276;0,5159645
78022;3,2116225216561567;3,7724178
190074;2,317760902586571;0,65592784
578310;0,0;0,73683256
788147;3,727950378224113;2,2251575
370345;1,2387251392450502;2,980014
991608;5,660349651256383;3,12095
560428;1,813015539052785;2,1378574
665595;4,4078768527194825;3,3431337
45793;1,7859684767848036;1,855986
865726;0,8986682347992845;0,5461651
781743;0,5833086939707101;0,50962937
305344;1,025125641389659;2,2673578
288214;0,9292244539765312;1,2494417
40847;0,4183361766024992;1,035785
888416;0,0;0,9911932
750613;0,8060702958790393;1,1198564
603710;0,0;0,19173133
657285;0,0;0,08110827
665211;0,6717033139945424;1,6370107
240297;1,2969948733677596;1,2055848
978387;0,0;0,274984
723402;0,3208835367380545;1,4216791
113245;2,2869395872465725;3,3477566
953122;1,6214407155207764;2,9489987
384509;1,8605945587492023;2,3801894
796623;3,440005698075172;3,7044663
799627;2,7381944427239464;1,174691
144621;0,0;0,8821865
640034;1,0150853211881463;0,8376914
898805;1,4350358490394983;2,106423
342758;1,9658468142679992;2,3087893
124537;0,0;0,303794
468315;6,703295719830148;2,9673564
597773;3,438548420099533;1,9104728
693544;0,2928679336132718;0,23767447
403893;0,0;0,4421696
472086;4,429479817171233;3,3523104
294109;0,0;0,8653689
83358;3,1483466032344425;1,3001759
73876;2,97919367019161;3,4787362
369908;1,099256801585657;1,230087
228397;2,124688394496093;2,539984
90551;0,0;1,4621669
355543;1,9705714879342544;2,4888525
366888;2,3713636165823964;1,61095
215409;4,947027253646064;3,754606
32707;1,9012668992188584;2,4761462
140093;0,9838060573129436;1,5497236
986550;4,643687395300131;2,0443997
27132;1,0766290847878677;1,3521447
70330;0,0;0,07415533
713416;2,8145603616549586;1,6324569
21459;4,717915664576243;2,961302
667582;4,107057769318714;1,5351613
482570;2,653194286272934;4,587694
469167;2,441143398780468;2,7363458
932597;2,9983110511281312;1,7829927
539616;0,4020629847020225;0,61749434
217631;1,3187307883675878;1,1618091
511904;0,0;1,9595631
951360;1,7083097585116642;0,65120053
67974;1,439440929617843;1,2580864
34928;3,372148745580305;2,0922132
474026;0,6583419313403558;1,0785968
318628;0,0;-0,060023904
325195;3,3220690711792487;1,617511
43773;0,0;0,82673687
265733;0,7914235739124229;1,7398587
195677;3,8789398177669945;2,5402708
816813;5,966056375723726;3,8862178
237959;0,0;1,2399443
591946;2,5864923378129148;1,3881266
608549;1,20371173873427;1,9004451
169150;2,6676918231903297;1,0686662
750378;0,0;0,39895472
739188;2,8305815248617843;3,6478913
581602;0,4011918600860042;0,6768371
274571;1,8164768170363952;3,3695729
339765;4,158733546285772;4,208026
79103;2,185395203907806;0,77534956
150274;0,9866542766153998;1,2349207
267419;1,6803066949449528;1,6764222
863867;0,0;1,595194
412831;0,0;1,6695373
662920;4,9523062317853945;3,7694485
564080;0,0;1,4593029
467408;4,76836843202941;4,561413
1707;2,5089710377045065;1,9683828
88290;1,8799145069193528;3,2353694
29780;3,047082862254808;1,3459944
968723;1,5511288268758603;2,125942
587192;2,1905522060289453;0,85780764
610424;0,1557614946117134;1,8104103
901738;2,3888507012363096;2,5263186
109573;0,0;0,8795182
453813;2,028090244873548;1,5600902
552721;2,8321263224977136;1,4080572
448455;0,9127992430131738;2,6316679
307070;3,983313723359943;3,3487296
320821;4,094770327624622;2,595514
575822;0,0;0,81890005
175234;3,824548880469461;1,0153204
163387;1,764283835431486;0,8973354
290730;1,1175798258803455;2,1960094
326501;3,11413091609296;2,2399158
230544;4,004274278242527;2,428246
592300;0,0;0,7208501
235971;0,0028697496077308;0,45969576
147157;0,8479604631894346;0,9563935
685650;1,2019346463558205;2,6370332
224350;5,2553276219634295;3,1352901
505254;4,004009849169931;3,6731765
177612;3,275922674976294;1,2291508
173461;0,2731052826997412;0,4538262
690439;3,661263313809968;3,7453277
653846;4,4484808730613175;2,7948458
535118;0,0;1,433509
50192;0,0;1,4522835
118036;1,6598795569387328;1,1375141
103840;3,985900104103384;3,552501
815125;1,5307586219688036;0,25515985
330361;4,359967139714302;1,8689594
234516;0,2393897974817817;1,6741842
954139;3,054809771479144;3,4435985
138384;0,5952688082335451;0,910057
881626;1,6128442266052423;1,0327443
34295;3,4913538446858627;2,4615796
671161;6,79817965624361;5,276886
538562;2,652821565204171;1,4813929
808758;1,6040946430932157;0,7594011
796448;0,8053276618200436;0,51247305
174435;1,1993193646401732;0,69983774
290908;1,038235277764393;0,47726783
677888;0,9274790410791308;0,83394736
677952;0,4262486084318332;1,4135172
417452;3,584095785095029;2,8946521
583615;1,0646743862539527;1,4381492
971894;0,0;0,258757
234179;0,0;0,8334458
207867;3,727517976477131;1,5734267
246174;3,2331100277895315;2,233975
744056;1,4703220849138003;1,4047775
588550;1,327891166065832;2,221312
282930;0,0;0,020446897
525830;0,0;2,2705116
714502;0,8565695191705894;2,0686002
874779;0,1856069536145581;0,080865026
921491;0,8817889988043895;0,804188
140104;3,023413969279656;1,2385719
569901;0,0;0,33214957
305979;1,5042977069988006;2,327395
545482;2,776143812568863;1,0025848
391849;1,110516908899628;1,456254
222479;1,627518878883714;2,1969981
165274;0,0;1,7473233
949924;0,0;0,25823683
862229;0,2866756086041871;1,115236
415170;0,0;1,0516943
219872;1,7413770826587665;1,3368026
970812;1,458598555626683;1,8426232
363735;1,039912920803829;0,5854535
470064;2,468599677116489;1,9336996
241408;5,096048462719537;3,9717
706303;6,252144684108354;4,367758
804337;0,0;0,64465606
237255;0,717902084006056;1,2206763
353106;3,944213123397653;3,029586
497297;2,4406016125723444;2,965442
732313;0,0;2,7910254
687966;0,2146510897064768;1,797119
903571;0,0;0,5202464
110364;2,163130942654177;2,0673547
82003;1,4841551577815972;0,8793971
526608;3,678280278522153;1,6908534
893179;2,2706105536108665;2,9296272
908784;1,658416937414839;2,896698
903621;1,8923636952190748;3,4724944
972707;0,0;0,39877844
657317;2,8528200933903736;1,1131645
53666;1,971841840237917;2,648202
565841;2,77208666785003;2,3059626
857825;1,6687379602419716;3,1302283
286846;0,3347306933596737;0,5554011
618365;3,568339950858132;2,9887688
319110;3,543687868771376;2,747151
512866;2,2907880389223942;2,7543879
200814;1,1355475109779;1,0319082
195765;4,053675852430471;3,0718029
414192;3,802779321704849;3,6854255
947723;0,0;0,8745098
925246;1,474535594898125;1,4279709
732577;0,0;1,5215364
730914;2,306705922225857;2,2066898
15379;0,0;0,3403158
885341;1,3933449092086911;1,6533358
385331;3,4937850754731654;1,5691456
47886;4,157272628981837;3,2688475
145091;0,3502316300344775;1,0483963
480848;0,7620772262090179;0,81039256
553773;2,662436917356388;1,8453355
757180;3,350039033351337;4,3743157
486341;0,0;-0,006885767
440556;1,7207039764362624;2,3035107
243207;1,5729982269707623;2,2742367
751571;0,0;1,2102189
231766;2,1146175262739075;0,36370158
722065;0,0;1,0514007
299461;0,0;0,5626651
26715;0,1832156695315374;1,8028249
726471;0,0;1,3722706
576545;3,708337018884911;2,9324968
16540;2,67975907445792;2,2702537
201063;4,3515100104782825;3,700788
393548;1,4630626748994235;1,4426256
402078;0,0;0,3499144
258399;2,884036504667684;1,1580489
86319;2,278738813726662;1,3233997
943773;0,2046021314166488;1,1450791
947050;3,161071047754914;3,5254028
365869;2,4389190576232864;2,564687
39905;2,198103107750569;2,5496893
719796;0,0;1,8371304
409065;0,0;1,4506359
743017;3,7798640769487295;0,79101664
958990;1,796231764125003;2,8395283
59072;2,1015978008347087;2,150342
641512;1,4245294976502167;2,2086859
422114;0,6800960033413257;1,7928926
940479;1,1051921301667995;0,3490037
657452;2,626029527834653;2,2227736
526942;1,0437006834636542;1,9042106
939583;0,6226258764226318;1,5976453
401922;0,0;0,84792113
520724;2,019213700159928;3,0584838
931403;0,0;0,3520578
548985;0,7094962884979655;0,7384491
499275;0,3718046694336998;0,8924435
595846;0,0;0,68461347
561696;0,0995145840438316;0,77127725
885884;3,4670976406208864;2,2397673
974582;2,1013033690935985;1,5339326
902324;0,0;0,8649936
151631;1,5968715517886336;0,90244204
430785;2,29816027925928;1,652136
201855;0,0;0,17684412
645434;1,9361944239727;3,0673392
141857;1,962575662670862;1,871674
320644;5,023490342659633;3,8557837
248947;0,0;0,32116997
768939;3,6921735714544974;2,3901713
485604;1,4244274210661678;1,1357477
729547;0,8540067222068866;1,4732586
385432;0,9543013482095152;1,4148258
94782;2,527987006547281;3,0697489
461009;2,1608655758331743;1,945837
208084;2,5254460068445246;1,9868405
554889;2,5571172141154483;1,8295224
34563;0,3873110063449523;0,8985276
407458;0,0;0,97687745
868490;4,491769985933946;3,8264062
396181;4,455744607571017;4,091155
155864;2,738965518098835;1,6507343
272981;2,142480415094313;2,0540085
270422;0,0;0,13098681
785233;0,565508501131393;1,6508657
767192;2,3175423509770043;1,9359878
605423;6,285068325244571;4,1795244
666286;0,0;0,33796054
433946;0,0;0,72956836
883272;0,170855081982658;1,2224431
875886;0,0;0,7079574
267085;2,6402841241627284;2,9766507
947508;1,6481598720583914;0,5177959
990180;4,257777101008495;1,9368467
303524;2,150898014622747;2,401782
732236;3,7143348021810776;3,0763776
729741;2,224110562516233;0,24597502
280815;3,5494653868486186;2,6972473
581067;5,198766174815234;2,636122
451589;0,9495250054314728;0,5893706
886986;0,0;1,1154993
215998;3,709703646317188;2,5914109
813342;0,0;0,19129503
823489;2,7009267460552167;2,2719636
812842;0,0;0,20046282
606008;0,8398303115588723;0,3676752
500243;2,3046766992987924;3,2009673
19935;3,0375418011674054;1,8360558
406432;2,276274053168989;3,346401
744274;0,4500400486993893;0,9991084
266413;0,0;0,2842003
260134;0,0;0,13446653
766154;2,6306755172542773;0,85762626
78436;3,830301296373051;2,2858236
27185;1,1002048146701806;2,6044679
424248;3,802152470752355;2,4816813
199804;0,0;0,13305438
182435;0,0505144008622724;1,1997173
167050;0,3829046187645769;1,2000179
705199;0,0;0,5880685
62091;3,464267318665644;1,662768
987922;0,0;1,0152857
473855;0,5770850744528319;1,2506831
638188;3,976474099049635;3,0244703
285332;0,8288356524858053;1,0213425
282715;2,8695897140874096;0,9935769
810237;0,8425177331353852;1,2150091
652384;0,0;1,0090104
39656;1,8168352907238368;0,54804146
1495;0,8062973036585439;1,4608874
293385;2,441791519837348;3,0397809
846021;1,5666112049622538;2,9322374
352546;0,5976085937818482;0,5673762
89753;0,7842404578898969;1,5649362
119596;0,0592343712116667;1,5521901
539685;0,0;0,21317941
113589;1,2098154908207777;0,55908746
791953;2,34809767861514;2,4169292
241330;0,9985464036518454;1,4219987
918562;0,4836044183205897;1,1183772
348866;0,627180851387549;1,6884544
245522;1,4207972608783792;1,0201123
678703;1,929015288439904;1,3252932
754706;3,8362891918260034;2,284506
658338;3,59914651232794;2,5671542
233992;2,895467760824845;2,7569437
798570;3,2444756394058474;1,3623457
611839;5,680547871129944;3,5558555
548453;0,3950409477677962;0,6136754
347664;2,848172358927985;1,7763416
751116;0,3146166142046922;0,04418379
433613;2,462015518942611;1,5769546
638954;0,0;1,13046
228959;3,4357383726021293;3,2868054
215948;0,0;1,4888935
164129;0,0;1,4230844
941586;4,948673741532382;1,5110989
157713;0,1440531036331969;0,45885718
89712;0,7814013927970964;1,5830644
173383;0,0;0,37215775
597682;0,8483552476458672;1,8934863
223032;4,849655848052555;4,8088455
116197;1,3887575945804658;1,1803282
51621;0,0;1,1481872
904256;2,845532280027522;2,0746877
981561;0,280608612042568;0,8072886
762001;0,0;0,3253855
245926;1,2218769742482047;2,970077
155855;5,205919231824822;6,54774
346449;0,0;0,4757309
825609;3,2363869613426823;2,117719
604240;0,3709400737331785;0,17953742
863170;1,0295809142120242;1,116972
33109;3,0767554172304936;1,8724921
195926;0,0262940181648914;0,7486984
732230;0,0;0,40964967
448505;3,807408192317822;2,4590504
151808;2,0734743389361623;2,7169616
484114;2,0145167647380005;0,7615066
675565;0,2802937823057865;1,0561819
599159;1,037895035183344;2,4934242
239499;0,0;2,2634647
692925;0,0;0,46168298
173578;6,8563066693109045;4,1888256
525959;5,334619138168611;4,6409345
698681;2,275871112902308;2,125925
258223;2,440344775634599;1,623158
18588;4,344671483402516;4,015338
937951;0,0;1,3703792
366163;0,0;1,1305113
339260;4,3480333583525175;3,6697333
662984;0,0;0,41782248
983050;2,3587624356346133;2,7165809
19089;2,669636982453157;1,8024075
617605;3,4224234034843364;2,8827894
891206;1,7245964828521554;1,4243859
492151;0,0;0,2789029
638995;0,3362723706284831;2,1342294
660048;0,5786163021860748;0,8431613
139377;3,996195825941226;3,849989
676669;4,075588542999379;3,8928306
821757;4,712522002810119;5,0097904
453834;1,981660740335306;2,114978
713653;0,0;0,054619074
869460;0,0;0,26845914
135235;3,267469537402957;3,9840496
211748;0,0;0,39395592
451482;1,2581281222617866;1,9899464
358745;0,0;0,5843324
193434;5,250510895652562;3,0856178
737952;2,7590976098699294;1,5152274
25420;1,9924265801054728;1,3325388
190212;0,0;0,97530156
204861;2,2711282602621923;0,9109058
305075;0,9636675980572772;3,0396893
973038;3,8028749811824536;2,5014415
298146;1,868265268282292;1,7582904
874309;0,0;0,19097888
339368;1,142095424800454;2,4147997
458543;2,086895701779159;1,6616564
93093;3,3904497002829093;1,6523527
193100;0,0;0,64622223
313210;0,5494636278837575;0,7324576
148353;0,7406671715846214;2,9761827
935515;2,679443866242502;1,5163646
466990;1,2459370067885458;1,6169329
521758;3,11840678220418;3,2712467
552803;2,341490580657828;3,1336741
752475;0,0;1,9336352
277826;4,920662913160152;4,314986
583871;5,295839776575136;2,0354428
402771;0,0;1,4778199
564447;0,792887977786559;1,612777
792175;1,8425465882971244;2,8854377
497515;0,8463339576095971;0,5012363
538384;3,527266955218278;3,0560954
791423;3,293109500672664;1,99724
860029;0,837386959036302;2,2774806
921765;0,0;0,56892
156055;1,3254413987498326;2,1406658
193146;5,054874661153096;3,5280514
889247;0,0;0,64149886
39490;0,3413639838189735;2,1487312
655659;0,4396178144840617;1,3711783
324474;1,454961524226559;0,80250204
89481;0,4563460202618746;0,38611722
552712;4,387670794456268;2,3897405
83289;1,495693745873395;0,99223197
981712;0,4288856472673472;1,8618712
753430;0,9898440376824952;2,8267975
952087;1,5563340432825572;1,4893346
906955;0,0;0,6890668
533894;0,7912427040864749;1,7904713
492695;5,626891341600912;2,9301279
645755;2,8086703455690234;2,7720642
160901;1,0729106629340528;2,5466566
203080;2,1751711653475887;2,81486
277408;2,8809276837529145;1,0003713
225829;4,26239790141159;3,3009834
463281;0,0;0,80132675
911468;2,053854963384394;2,1849835
100117;0,0;1,48243
937959;3,0922945841456846;2,5972612
391767;3,363076715225973;2,8135989
1230;3,018523973240695;1,0517496
653734;2,385645205946452;2,3209813
586034;0,0;0,7336288
966118;4,924083802256212;2,754046
552761;2,514453194852555;2,9479125
483861;2,9523043490840672;2,118602
171210;0,7111896059081575;2,780125
498680;2,556654355546335;1,3389924
186989;0,0;0,20867485
675159;0,1184206229379761;2,0728865
655100;0,0;1,2508132
915220;3,7309698518151886;3,4941301
409998;2,106462261698685;2,510016
506143;3,611944502846658;2,2900867
682128;0,2448617658509584;0,9072046
970503;0,0;1,4003847
511052;0,0;0,15497291
523769;0,0;0,32436836
658802;2,5839974079233508;1,7539132
271244;1,4178359838876555;1,5508785
371093;0,0;0,27576715
55842;0,0;0,43318832
934433;3,6207018203312007;2,969112
354563;0,3126630736058852;0,8997759
359078;1,223035792316577;2,041843
237433;2,9663278940834483;3,302914
482012;2,6073513528028336;2,4135761
669989;1,7528935025705237;2,7507787
634378;0,0;0,9937408
475967;1,6147067139494409;1,2192152
625775;0,0;2,3658705
853773;0,0;0,52143764
287869;0,5520471412162369;0,1550039
697257;2,1416986718923114;4,0441647
994488;1,2638352296018742;1,9641497
213260;2,8927211114747617;2,0207067
273881;0,0;2,3587317
861622;0,0;0,03101039
426818;2,932078499181557;3,1516578
268100;0,0964850858578026;1,1737907
835338;7,46685197880546;5,2830505
668786;0,0;0,119865894
770783;2,193919233808248;2,554679
504960;0,0;0,5950633
700616;0,0;0,76976657
563191;0,4641304243317242;0,6181334
192696;1,201040083565294;0,8215214
508216;1,0763494743440294;1,5420492
875993;0,0;0,4630813
983996;0,0;1,0257034
433570;0,0;-0,002394855
210430;0,0;0,45234323
331946;0,0506101981990809;1,9776664
207435;2,605128065609273;1,3513489
235614;1,773029421676628;1,3153704
56589;2,6078834276801057;3,5699995
10179;0,6409577243585677;0,55041075
325313;1,1723127016507613;1,3131433
257483;0,4849080714423099;1,1455734
427805;3,295269583268219;3,2895834
46981;1,996629701582728;1,1968427
790070;0,0;0,11596924
759711;2,660614371255352;1,8481365
941738;6,604270557847999;3,8911731
577441;0,0;-0,0809679
61171;5,888338599799273;3,4816358
513858;2,4406531602359065;0,7397481
171531;1,6770760389921304;2,85615
650624;3,20796889734734;3,697511
427457;0,522829335585708;1,3486941
465057;3,464697923682369;1,4180149
914934;0,1159651459600863;0,32293943
44353;4,547740414611494;2,7231693
262515;2,2882121967894165;1,701721
932518;1,85618425088096;3,5668092
169105;2,176136265562784;1,5659375
122149;4,404048719688409;3,564573
640967;1,2963265794588374;1,578407
165592;0,0;0,30974007
736973;1,329250315987443;1,8294375
797948;0,0;0,8461547
980196;0,0;0,03067875
586993;0,717331182152136;1,8283348
237269;1,1618492476896325;1,1310139
893310;5,198387023963792;3,9813464
610;3,817622628547431;3,7835095
90329;0,0;1,2565181
639858;0,781521429951034;1,824028
908131;4,064028859119268;4,2175064
927392;6,541405825492965;4,906557
185269;0,6405423108527776;0,5511956
902046;0,0;0,16158557
420039;0,5843072155681762;0,22255647
499653;0,0;0,70217896
812063;2,949198326380964;0,7445636
432602;2,9573345029946605;2,901414
318305;2,1456866313288088;3,0496933
341051;4,752288204638569;3,8016858
107161;2,989686943461058;1,7261988
208647;0,2797249870552499;1,0333134
582031;3,291294661757833;2,8778074
587430;0,0;0,36350322
999049;0,3259551108287695;0,28328955
565568;0,2529678275217822;1,0572578
408106;0,0;1,1439595
742392;1,9497456685290109;1,7385085
598783;4,931649608551783;1,756991
840262;0,0;0,7194001
28228;0,380129655130363;2,9557471
331056;2,5344023413052628;2,9713376
115681;1,954574258837925;1,9928359
497378;1,5079211144705191;2,646881
490333;1,2115261359935372;1,9372063
558155;2,490857639757971;1,3721441
661094;0,0;0,28933263
847747;0,0;0,36373216
265714;1,863226092776338;1,3187934
942721;4,289851618887744;2,2347317
305740;3,714106681948224;4,0216093
745711;0,0;0,25399685
330321;2,081904668290026;2,9164026
664188;0,9413744863916432;0,44290805
360041;0,1036468960634182;0,8829157
475437;0,0;0,16643518
606232;1,1673977849354324;1,9706168
790769;3,357721512946075;3,769424
966183;4,189900832720154;3,4814036
375805;0,0;0,31327105
766648;0,538102952680253;2,9336135
419686;0,0;0,6866417
516946;2,670284854535684;1,6905
282283;0,0;0,7986232
511608;4,669347499522256;3,720364
545671;4,944819568946867;2,8446636
329520;3,4079349301043784;3,577573
796093;1,3792114020337376;1,0279013
92416;0,0;2,4503014
709911;3,1470984227975296;2,0782986
278748;8,62975587166086;5,598914
313599;4,861669277189363;5,09624
220444;0,5114598752942892;0,95471364
925836;1,935638128734385;1,6301533
461226;0,862327865489009;2,2522209
923880;2,872363270109467;2,5585241
328761;0,0;0,2660762
449367;0,2427257980272324;1,1372917
404983;0,0;0,92979395
390154;0,0;0,29603517
916732;0,3498448185999947;0,96238273
241120;1,8599177467965184;1,2358463
109424;1,4075134808311835;2,2246394
889399;0,0;1,1143415
577688;0,0;0,799383
949198;3,086802861000752;2,875007
957331;2,649491500191579;3,9763644
200294;0,3985050311674007;0,80751574
378995;0,7929014667696772;0,40340316
584545;0,0;1,2799406
21724;0,2731227882134847;1,3967134
699789;1,1771631574946648;0,41066512
977568;1,080223914085909;1,7969599
125991;1,0580118920342605;1,9219732
517333;3,373780288134156;3,8194065
343986;0,4607086283419079;0,769212
986629;1,7395325500135153;1,2893736
345625;3,814777616034378;4,0777097
51976;0,0;1,2944008
856044;1,9737234735135465;1,0887845
524178;2,0133260529196906;3,2850997
377934;0,8514898138003971;1,0966992
625154;3,7719551191284206;2,5198762
94192;0,0;0,4992349
984308;1,479281443465263;1,0684042
276474;5,247694477803924;4,534667
433958;2,891368768046653;1,5789695
694740;3,397203282551121;2,4193435
832307;0,0;0,16922563
701938;1,3787619107029112;2,1637177
815421;0,0;0,50192237
234212;6,9908217153948975;4,529429
550319;1,0213105291097857;0,5072131
649009;2,4060792638990214;1,6806312
528305;6,0180924383346985;4,268403
453399;0,4824938947163796;0,41877025
644158;0,9602526680939764;1,8926582
456654;1,7203898085435276;1,2409854
145766;1,2513582628381632;1,7534735
803535;0,8715029450151348;1,031992
262316;2,762831488011709;3,526038
361097;2,535077667081123;1,984592
760768;3,300432936825984;3,7133348
919742;0,0;0,11362356
196216;0,8814135568815361;0,6142267
83209;2,608780528276893;4,4829826
669746;2,2106593501969707;2,4288104
825653;0,0;0,32908326
574685;2,827665669031451;1,820709
694855;2,480924263804832;1,9698853
45763;0,0;0,37634984
275744;4,26407154430351;4,270092
86461;3,517922178200207;3,3073938
910518;0,3749864780768333;0,40215605
379385;2,2979841428036467;0,7030456
205712;2,8745553793886067;1,8245087
658758;0,0;0,8929716
607302;3,842846317331639;2,4306147
995797;1,728328817965627;1,7825944
907765;1,362163370721697;1,4079052
767453;1,281980495054673;2,8268719
659833;1,242616182734417;1,8822212
685909;3,3570912234611243;3,3529723
671015;0,0;1,2166407
401284;2,750053027419115;2,7888293
676060;6,099348388854449;4,4341736
503194;5,242815623218503;4,6505423
542851;5,183667759554801;3,2177317
345100;0,0;-0,07116747
102049;0,1138788245913965;0,99253035
192683;0,0;0,17377675
764624;7,48584700163198;3,1403074
977520;1,6606843479570528;0,40394816
754853;3,27749084500035;2,1256208
581187;0,0;1,0054095
911725;0,0;1,8851675
558028;3,006155792921166;3,0705068
964059;1,2222980503810827;2,8161144
174787;0,0;0,4306996
313483;0,0;0,6692711
363400;0,0;1,2707801
749719;0,0;0,50944257
871839;1,8353146349018965;1,25024
862560;1,082453259093744;2,4967437
633795;1,368901227751555;1,3489587
542186;1,5064010948574933;3,4236631
709807;0,0;-0,019331932
959183;1,814229511563224;2,0607572
92697;0,0;0,3462227
180987;0,5403917454145895;0,5759519
901846;1,517427980361629;0,23392648
331567;4,40765384012079;3,5748067
233203;4,615789643989966;2,7662716
697957;0,0;0,32396236
265546;3,743676205459769;3,5174353
875915;0,0;1,3922607
465242;1,1528105785823517;2,6381412
679177;0,0;0,5408985
982004;6,24746458204495;3,919955
928220;0,0;0,8109407
100366;0,0;0,06610358
122231;0,0;0,42978537
881962;0,0;0,4945075
237778;1,17948613146379;1,086119
816937;0,9176501199858432;0,81580496
978225;0,0;0,015921474
558743;0,0;0,08559966
77522;3,216320039860416;3,4819868
53030;3,027755887928681;2,364805
316270;2,244689909082678;0,6539782
948042;1,7015966903295303;0,68057054
236292;3,2918209885239804;3,0064642
514151;5,1846100218673286;2,439316
115836;1,1035011949600553;0,9928519
207786;5,2356786176989285;2,4003553
706566;2,5326586906926805;1,4940836
474200;3,6808808832280673;3,209302
737552;0,0;0,79738337
851870;0,0;0,762592
127539;1,8850350656619048;2,172887
244522;1,200881261868424;0,78737307
775819;3,2133733999341128;3,209464
918502;1,5692402321150605;3,3184607
810629;0,2598037984315179;1,1945877
915672;2,1853806943142366;1,4418733
729311;0,0;0,26608717
381975;3,578328957521493;1,5002804
172700;2,714731477330217;2,1140108
824412;0,9848731870294144;0,99418485
800967;3,8421355019253327;2,8011003
538844;1,272867225482369;0,4668023
460070;0,0388640373858413;2,07617
840045;0,0;0,16799957
898312;0,0;0,14228994
884484;0,0;0,43286484
170515;0,5601039883847568;0,26061755
101938;0,2806669089899821;2,1419864
554128;1,151134025829291;1,6666005
292528;0,0;0,4226178
543964;1,0685167672928202;2,6859114
564874;1,2397322699155755;1,9096175
460613;3,223706952186616;2,0077028
425757;0,0;0,17045975
98237;5,831628039905605;3,6157076
97483;3,787466734748284;3,642449
940996;0,6512643655275576;1,4877335
42111;0,0;0,32599115
224393;4,246823125522895;2,9964218
893074;2,581027728862174;1,8730998
634628;2,03385544703492;0,8617717
806431;0,0;1,6797092
116491;4,244329175921154;5,059038
734879;2,045896364173198;1,0563152
349376;0,5633480166516117;2,3681521
401318;3,11554802655712;3,184344
568135;0,7732829454839018;1,4968433
852830;3,37003028602573;2,6052103
473943;0,7874743569277419;1,5917811
412331;3,770102310528534;2,8985455
983398;4,2502638403249895;1,5919926
597209;0,1316513194028055;0,5675019
39653;2,993385554952987;1,5085367
996673;2,443742924134883;3,5389614
908574;0,5347408467468093;1,068608
247226;5,819766879265871;3,3339734
853321;1,5914417583680618;0,42463928
105620;0,0;0,3066863
683602;0,0;0,8405826
771259;2,61749985227084;3,268238
211884;0,0;1,0656996
624809;1,9620498332538503;1,2324336
485861;0,0;0,06440818
743065;0,0;0,4199226
242026;2,838564296870704;3,186179
537731;1,5727017655774305;1,268287
516652;4,967950444223962;3,3151045
646688;2,7465759875307807;1,4915297
702762;4,080897623928426;2,7510085
569097;5,208999596931009;3,0304065
121381;5,353841201258856;4,8854322
532235;0,234493774330451;2,3235312
733112;3,1877736454151044;4,740074
979104;0,0;0,4969531
93548;0,0;0,19132286
974013;1,89493748694386;1,8124447
272578;1,0907358211307434;1,5052087
622019;2,067732729135717;2,4766235
94629;0,0;2,045736
350073;5,904246027026078;3,0795248
698309;3,2478151412939704;2,080552
72707;1,191203920470675;1,5562084
123780;0,0;1,0896184
629690;0,0;1,3765464
321970;3,101709257282444;2,198852
889800;0,0;0,88528967
373693;2,2942764144563546;1,2471354
299303;6,164773885669643;3,8456519
893508;0,5155010850702403;1,3796093
890280;0,4320912339980581;0,50049454
234258;1,9064956261263897;2,7934275
258426;0,0;0,056761384
678965;0,5585251971178752;1,3967122
646727;1,2470528804912857;2,7817767
876546;0,5501818107903034;0,76075715
785920;0,0;0,04732907
863154;2,5317855188702776;2,4591548
365022;1,8426705187812824;0,8433548
418993;0,0;0,021397829
896506;0,4722386027068181;1,9016478
32706;1,6718372972039093;1,9699657
923664;0,0;0,37581384
911389;3,176651922593157;1,3851197
817203;0,1580323331437487;0,22270662
775805;0,0;0,47499377
83235;2,8218209272041843;5,027049
606313;2,045624671530609;2,5382428
498606;0,0;0,5757221
48419;0,0;0,103785515
377465;1,0828666038941164;0,38735455
200302;0,0;-0,11437774
431576;0,0;0,7375535
225869;0,0;1,1951764
135717;1,3005225493399273;1,0833118
355619;0,5665211988356266;0,81728154
8505;2,3715574333280447;1,49017
61168;1,466212379698972;0,98070943
224347;0,0;-0,0001975894
670883;1,8908641115456228;1,1901257
540204;0,9734230754637324;2,3121066
19128;1,118657741137775;1,3847449
736920;4,289427258964878;3,4014318
912990;3,836910110253014;1,5022173
905327;2,877189610404037;1,6352637
105889;2,721774168509437;3,0666392
674403;4,9299903177324085;4,5701723
406948;1,9261558742838183;1,1234665
859815;0,5700463316042677;2,549738
486854;1,897121857067912;0,57992876
518240;0,0;0,049679875
922064;0,3683145917171323;0,8074629
224737;5,486542574834695;4,679238
647973;2,1147167554951194;2,3715734
113302;0,0;0,4999569
149574;1,7590191612142172;3,3856714
37413;1,0711603363163;1,3050201
939006;0,0;0,6585661
99349;0,5978609063429489;0,8384146
299474;2,38105882949442;1,3496147
165583;0,0;0,44179055
534236;2,004548530186041;1,1419425
983713;4,316764556463061;2,1155949
439847;2,400625716972222;2,6319947
563778;4,46658289221874;3,1082957
309474;1,461383304674634;1,4202945
226403;1,8301892956294656;3,528704
722780;1,5964165922361966;2,5764422
166174;0,2151109879762416;1,7427161
203642;2,714668653548851;0,36348343
495042;3,560398354563167;2,0670028
617037;1,5718236614488623;0,33485818
819665;0,0;1,2002335
518666;2,473533276480515;0,68172896
269889;0,0;0,46161193
451963;1,7556391707140997;3,453665
685849;3,6346924226478574;1,4061136
746736;2,776669925068276;0,94526994
421476;5,759022803590547;6,3515186
637364;0,0;0,091308296
604591;0,9705344547960746;0,56089854
494446;0,3947271537411934;1,8671075
927128;2,2875469257439764;2,236955
544223;1,255643884265381;1,647342
847437;2,881276349885249;2,0498374
635410;3,07756849437774;2,092825
987916;0,0;0,4064914
630646;2,936459116600359;1,1635474
515490;1,8528735355249564;2,3929622
383597;1,8755687006319937;2,7927454
673681;3,264565920023413;2,936623
523555;0,8001459061883937;1,0766964
401952;0,558226113817598;0,48188424
70534;4,8177216735987765;5,374941
942620;1,7107880880755468;0,9885665
188766;0,0;0,49388865
738668;0,0;0,24015397
131463;1,6110537612119655;1,5315061
430094;1,4336123141152055;3,3536642
729019;1,6249874007148517;1,3966374
617676;5,177327492329758;3,5933325
443801;0,0;0,38845026
606585;0,0;0,9070356
639475;0,0;0,4898736
22623;4,976445663379299;4,0591784
509072;2,5430946440033777;1,110491
520170;1,9366922623358536;2,7648659
635838;2,4433610513501733;0,914001
693003;4,216514716234082;2,1932049
246750;1,3759817766446716;1,0292468
433239;0,0;0,27950794
703164;0,3180285923117192;1,4771912
656902;1,825760730159851;1,8051434
471073;3,584112197773506;1,9355545
580153;4,80949025112188;2,392867
645870;2,1407569883554025;3,1708324
227685;0,0;0,47623247
536572;1,696166569298208;3,0346148
690941;0,9503230277149676;0,6765806
94984;4,7509621442409244;3,007482
790152;0,5240179000368337;0,93135446
145694;0,7029600513159484;1,1735599
112638;2,111457235467802;2,788697
519794;0,0;0,8802992
500573;2,1536826328766163;1,8740587
954929;4,820351410970494;3,9918103
486890;0,0;0,5934417
850354;3,159029773177197;4,170849
539862;1,20861488634837;2,6877775
211467;0,0;0,5207729
714185;1,1982102334642832;2,35674
472972;1,924963553806096;1,6189858
23203;0,0;0,509899
393342;1,0413122265582708;1,1505725
933565;0,0;0,1012274
424897;0,0;0,25329447
993544;0,9745012695289686;1,1660495
778517;0,0;0,42240483
917840;1,383105032709275;1,4796274
333534;0,0;1,1805103
678461;4,106238364369021;1,311374
490686;1,644272074984823;0,5709609
480763;0,0;0,32351965
591641;4,778550097853669;3,9415019
362424;1,8220042727257304;1,6094829
300180;0,0;0,36287236
900047;5,037532180202229;3,687354
54408;2,024813992796586;1,6569773
765582;4,33837425368632;2,5104766
498759;4,551731831061478;3,950559
56265;0,6278643376796911;0,38414133
114619;0,0;0,4199496
544343;0,4445523139739706;0,41879442
561778;2,837439369375468;1,1312269
755652;0,0;0,31262028
165562;0,0;1,525939
797381;0,0;1,7644842
96168;0,5686187749595567;1,1796765
459237;4,5422421756900535;4,011168
190912;0,0;2,614817
509796;4,46439522270945;3,7379892
426426;0,0;1,2208906
156222;0,6028533778955536;0,68990684
477369;2,18283992780421;2,9136813
131253;0,2262093481520018;1,1914909
915511;0,0;1,4143515
690043;2,775731576344854;1,8524323
721287;1,2494368347995066;1,0492487
908973;1,5771236926509715;0,7828533
926851;5,21515754795719;2,984287
83570;0,0;0,056225
195972;2,0137082247178584;1,8186132
415213;4,60459067658459;2,9658573
904469;1,8320727629626257;1,9960477
965447;1,2804967271036014;1,2017715
796018;0,5814325124004899;0,8982187
986995;2,968811965018125;3,633745
614221;3,349433782577578;3,476122
940812;1,0811126735785583;2,8323696
848767;0,1322758937781025;0,04084772
739068;1,809042685238741;2,6082373
383169;1,5610206574204388;1,0730397
515062;0,7049642853211524;1,7272706
469508;2,033510289156804;2,473469
538894;2,3465152790693384;0,72028613
501655;2,079669276565065;1,8984745
228852;0,0;-0,061564088
956115;0,0;0,59613454
889209;5,013789540756282;2,3476372
911589;1,350424735323435;2,3905838
97871;0,1667247569030181;0,14211082
569736;0,4912750303191954;1,479418
234205;0,9491948588840446;1,6116644
636033;2,772020557005121;2,6886728
833074;4,095982614754086;2,7304356
412785;0,0;0,20137918
935723;0,0;0,45625025
749328;2,33055732125572;1,7466332
363061;2,6874027273766288;2,1556938
853277;0,278887423521064;0,9186075
950962;1,2724627475398322;0,9541453
675824;0,1818110508654066;0,6003718
61172;3,387408564717515;2,6272569
164778;2,168451597130644;1,6196595
496825;0,0;1,2650304
958564;1,250483766428121;1,6001359
591713;0,0;0,3472804
993947;0,0;0,76590914
961381;2,989285968415869;3,9567947
204389;2,158207679873328;1,5215279
653117;0,0;0,72161645
472521;0,8799271632483967;1,8469819
816954;0,0484042160747559;0,6877991
517600;0,0;0,76299924
698751;0,0;0,079765916
867289;0,0;1,1618252
917289;1,3514748946126829;1,0567107
459129;1,0048635338521206;1,9516425
729593;0,912985950198907;1,9220477
499359;0,8346200635063561;0,8708275
155484;1,099683614025716;1,9173154
596634;2,8479990166732567;0,63729006
442259;4,122241435520317;3,4352245
372737;3,711578133695531;2,25343
421640;0,0;-0,026184559
836608;1,640218172342014;1,3684566
302587;1,0916363757476508;1,8380396
650093;4,61551707750564;2,5067756
385315;0,8593697832248719;1,6792972
786408;1,0399629436177629;0,66926384
1414;6,169264011080829;5,0241566
281646;2,414032334944009;1,2927479
314903;1,966659267734993;1,3331584
35365;0,0239612031787019;1,0966648
277787;0,2839145761559917;1,0177679
285759;2,704202978166776;2,3318627
609809;0,0;0,4290883
639456;1,76181263350627;1,0318028
903897;2,2633403380767816;1,0785692
356953;0,0;1,3212101
662509;2,578060238359372;1,9255681
731844;0,0;1,0836152
15699;5,543190951241562;3,6097934
438195;3,366315257385046;4,0321817
758663;2,066287102808887;1,2467275
582067;3,0486671800181164;1,8824021
409099;0,7631696982852227;1,1643229
962683;4,592546067909565;3,3946006
995064;3,236164618454948;3,1516547
740520;2,7332136989622065;1,2071123
139511;0,0950832955454767;0,7303419
902727;0,0;0,35754916
334470;1,3942389074647492;1,4140668
971930;2,801454076860984;2,2636855
203362;3,1349797690095618;3,0122538
366232;0,0;0,22537118
692390;2,5301147111176414;3,1582909
574410;3,1692372079580764;2,0712898
349652;0,3352150636796471;0,5339745
571552;2,375628143773516;2,776322
43942;2,126722053473205;3,512748
865903;0,5061758727505852;0,78071874
865780;2,3394689302631138;2,2800665
518775;0,0;1,0642279
750177;0,8231301851613917;1,2451209
409759;3,7430889863126704;5,7394085
574765;2,953452015307396;2,5281672
667181;3,060407648666105;2,461187
561989;0,2180084974551848;1,5255797
524630;0,2960209979794994;1,5358844
224805;3,819572536549866;3,944589
145447;6,417868641493016;4,875375
760114;4,051466133337984;1,0080968
26842;1,999681532450032;1,4188839
771725;1,6272192586868923;3,1773984
788173;3,971973463308384;1,3127725
880668;6,133664957966723;4,755726
87356;3,843870978511976;2,9481075
115541;0,5184031001730249;0,56036323
60401;0,0;0,67194486
187067;5,939342039565097;3,7287054
509956;1,8316756476854688;2,5747736
897099;4,198569824503908;3,5864465
247581;4,906574656474085;3,6680067
149812;0,0;1,1278455
79079;0,0;0,2149607
353363;0,0;1,2723324
598325;1,472499128436065;2,6939738
216;4,682617920585235;2,9989388
739264;4,936235342159575;4,865225
350775;6,257661679448336;4,813821
499002;3,9843945317226295;1,9943781
119259;3,188834125545095;3,438905
131152;2,921654635612924;1,6714927
670795;2,1073563357918674;2,382793
616193;2,7450575152993784;1,9781022
749743;0,0;0,25649607
616046;3,443307807594894;4,172431
829651;2,1441480447225936;1,6932826
476134;2,436184561698286;2,9892864
374022;1,7685240737298966;1,1605852
555967;0,0;0,51430756
104088;2,804545025275443;3,339741
141931;0,0;0,9265686
487369;0,0;0,8514473
236677;1,4300809146636977;1,5695138
700109;1,5214194439403037;2,2213838
363794;1,6737492158869232;2,1878078
928555;0,0423046365366053;1,1030955
424652;2,4139975154186626;3,8196054
306467;0,6171664743991222;1,912049
665558;4,141730961904364;5,0934277
904198;3,689917710758536;3,7224944
440406;0,0;0,4308937
655677;0,0;0,30633175
54603;0,0;0,6062983
269902;0,0580889112404475;1,9179518
353702;1,619212215672604;2,3930733
145864;2,701671691948963;1,8464165
487252;0,3136075349676269;0,508487
432307;1,3544047383194449;1,8385792
828271;1,8044082846788707;0,4089538
492887;0,3723178829191538;1,9349864
682588;3,674883235516347;4,0176888
278137;0,0;0,622711
548820;0,0;0,30650717
562797;2,753277992675247;2,165316
846600;0,5030858038574111;0,976886
72214;1,9650216219539265;1,9326105
243137;1,7686978471221029;1,4629731
241464;0,0;0,20342952
980037;2,41180153177411;2,940147
121638;5,306791335657845;4,512314
915811;0,3736466226947582;0,6418476
748372;0,0;1,8019044
385060;1,8075401063047507;3,2107909
409857;0,8313915512335841;1,606667
333399;1,6816442030001597;2,1351416
896615;3,199664606025657;2,7891738
124567;0,0;1,5853803
950445;5,271828230484517;4,9140863
829519;1,0987746618871364;1,6972129
937738;0,0;0,07586193
652141;2,2537798191176663;1,4906336
253398;1,0511598741359485;0,3289944
41707;0,0;0,9658134
593293;3,415497568362972;1,281872
940835;0,0;1,8914412
885188;0,0;1,7951412
455753;2,008255300972394;1,4181874
489744;1,853519340472467;1,3447758
926446;3,233428661018285;1,821197
755468;0,0;0,3706134
672137;2,619918866743848;4,3086505
220200;2,046218582782633;1,3387282
887861;2,28146912964218;2,2713454
847681;3,616734446888503;2,8202434
283433;4,4906404293347455;2,3740013
400491;0,9634848038405552;0,7804754
225188;3,363757837699853;3,8877347
982427;0,2795588388255574;1,2321172
509927;4,45928625462912;2,522222
291629;3,3187980212575843;2,8981354
27207;2,3886735097754697;0,3039524
835821;0,0;1,0918133
191667;1,773313219727422;2,1925054
364143;0,0;0,38751042
333826;4,033839463240964;4,768799
912713;3,1135170729002093;3,291167
169015;1,5861449166900286;1,726563
858544;0,0;0,44330233
482448;0,9569150215970958;0,30225927
185496;2,547102611445656;2,5275002
30990;2,613619103567875;1,8655065
199910;1,5334197348930338;2,1893828
215118;2,2769085113077674;1,5059643
671427;4,438002231046176;3,410065
84054;0,559956975993715;0,8147766
301225;2,9301138362554204;0,9968329
218129;0,1730975127851988;0,55594444
706283;4,7075417849882655;3,801389
332388;2,661628330930256;1,1253738
440599;0,0;0,3192901
769534;2,255055247558764;2,4618301
253323;3,078558624987017;2,789789
473851;0,0;0,2608055
77292;2,800044036525273;1,7417622
273560;5,1163512288049215;2,637134
210155;3,173213378312596;3,0432584
894596;5,709024997077916;5,6411
47209;2,1725531442680115;1,9309758
273608;4,118691875819957;3,9590638
617456;1,531299521941579;1,0323848
2233;1,684588438001033;0,16507542
220576;0,0;2,2111735
99641;3,675149218651707;3,4932053
687405;1,5651247884903614;1,5614371
241683;0,0;1,0687075
13441;0,0;1,2558352
161576;3,6537514554622894;2,0832047
130331;1,738176141958003;1,7316017
879941;1,109857443335256;1,4765213
596444;0,0;2,9326897
75438;0,0;1,4706916
850846;0,0;-0,03809911
104651;0,2701293179848174;2,6640153
863466;0,20815807315805;0,49639696
724146;0,9086966555745426;1,7988192
102989;3,8221033570215184;1,9250777
276310;2,104130964023951;3,4492557
824510;1,03711304877986;0,31080905
212079;4,604652894453974;2,4862304
520177;3,1496871580366563;2,861433
802528;3,3316888498416874;2,2492514
346080;3,518018192309402;3,5272028
545567;0,0;0,40346086
376617;1,1399886841162588;1,0966864
641276;2,1091383112233872;3,1119964
147112;0,0;-0,0017703772
266971;0,0;0,66242397
501934;0,0;0,35914147
222339;0,0;0,5792439
789509;0,0;0,41447914
354327;2,7345649804530416;1,2798202
695537;4,386839280167242;2,69866
677110;2,639447704956314;2,043769
367213;5,222016097536637;2,2221205
66999;0,0;1,6430507
719179;1,8213571900308223;1,672744
385578;2,354689564139237;0,48522633
781207;2,895051449656947;4,052085
38738;3,954307017404332;2,4315803
523715;0,0;0,8623642
662443;1,9220266725254715;0,73822975
114635;0,0293593460865476;0,25572622
415770;0,0;0,3604324
660836;2,263620390214419;2,1815786
214028;0,0;0,051286936
434578;0,0;0,40185678
752315;1,0194545554673922;0,27778625
752347;0,559870721766029;2,424561
788252;1,8645764539805767;0,45848203
894191;0,0;1,4069799
140290;3,483839602820575;3,5433068
119485;0,2453371324764446;0,6641711
884616;3,1999148821702543;1,8693422
927577;0,7702174062468156;0,18810815
848971;0,0;1,3123358
908762;0,0;0,34760213
698115;3,731679799982129;1,2670994
661431;1,1683733732422217;0,46670234
369871;3,1663974034933;2,814473
551648;4,088486297204671;2,66144
687195;0,7524608828941044;1,1420586
375262;2,06917561148377;0,8619443
569795;0,1035388334974982;1,1883147
34403;1,9468960245684968;0,9784534
332709;0,9401067719990792;1,9337881
373110;5,440207518412478;3,6986184
878192;1,2507591811708436;0,81734204
730439;0,0;0,38777852
226378;4,221585555901509;2,673773
577274;0,0;0,6705581
618057;0,0;1,5068359
890404;3,631236078116586;1,7248303
463957;0,1686127097276395;0,2790509
293228;3,078587286553056;2,2900736
218223;0,0;0,12422943
192208;4,363866426164235;5,0772667
430294;0,8667431522406389;1,3747073
120288;0,0;1,0542253
937089;2,501734733813241;2,5807126
899307;4,7876687042965305;2,8234005
975270;2,847764238706062;2,0030456
121560;0,0;0,4729512
718192;0,0;1,1804473
333974;0,0;0,29134974
131819;3,466867608898413;2,5913105
105877;0,3237536353406937;0,43905532
139960;3,7314078281808296;3,472193
81753;1,905710949935593;2,48141
366228;1,700441555042249;2,515474
103734;0,0;1,1599166
303830;0,0;0,8680308
820441;0,0;0,8697374
420422;0,0;0,40849566
758826;6,086901953842961;3,8263865
239684;4,38839143058601;4,825145
102814;1,3569308672397404;2,1205177
220675;3,212086485629186;2,247304
915316;0,0;1,0833272
401190;0,0;-0,08832204
32471;3,158981908686461;4,4366198
364850;0,0;0,42392862
18102;0,9313365104923762;0,91136134
102006;1,0380128065601522;1,0789604
901260;5,061120544930708;3,296769
224104;2,521950917451092;0,576447
669241;1,9662423204675168;1,3097377
576650;0,0;0,2841475
998423;0,0;0,3673982
111474;2,9918106239813365;1,9639425
384011;1,2945823328617894;1,4483484
620672;0,9436988243705632;1,3105501
786094;1,7789402249500288;1,317499
8877;2,5024765811897063;2,5510693
219242;3,223634976545912;2,1236243
760191;0,6949555863777414;0,6000729
750791;2,611802400550516;0,22598743
698156;1,0141154697808576;1,2129247
964678;1,8458137287407088;1,7680638
907385;3,1228003803959217;3,009593
37765;1,1898297838295135;2,715739
797231;0,0;1,0542784
86636;0,0;0,18632352
611894;1,246518389722831;0,38878837
746813;0,0;0,29546964
762365;5,089982256085497;4,634699
720538;0,9221138365625275;2,2777972
974177;0,0;1,1798064
61878;5,857502487311253;3,271093
210570;1,1169840478206643;3,655005
757770;0,0;0,093758345
117745;2,37263343477483;1,923263
360194;3,682273597946572;2,80931
12083;2,497204624154385;3,2724283
771051;6,29857097551966;4,469266
666690;4,085645256156748;2,3718178
885806;2,820468777492866;1,8207229
37040;3,550552189762708;4,13326
685719;3,3366885623100058;2,5884175
764834;1,7242235394557466;2,2080638
938015;0,0;0,23579669
431291;0,0;0,5905645
225544;4,247445962701836;3,4074802
275568;0,4019301568075242;1,647003
817296;0,2395054334962001;1,8972617
976954;3,0172178719045526;1,5705582
199994;0,589079512411046;1,549972
941409;3,089323639360716;2,9504135
631443;3,438248789725593;2,6648698
448027;0,0;0,85950565
695895;2,010117732336206;1,5726233
916925;0,0;1,6245346
408482;1,0347414653830862;2,670867
156940;4,226094796164054;3,1570003
569724;1,542647377312533;1,4466004
835861;1,662942062460414;1,7160705
96216;0,1005138937987351;0,46923268
380619;0,0;0,24703205
567355;1,7200064629766756;1,8238568
215188;1,2545729557301433;1,3715489
74457;2,829876704124934;3,1458552
574494;0,0;0,5501648
174785;4,102576973699534;3,2356262
213412;3,6434319540925424;2,795667
559591;2,6291922987739094;1,7117531
640179;5,929427155110015;3,2239876
96418;0,0;0,94698554
151533;2,159908054921565;3,0569518
399300;0,0;0,45394838
99996;0,1648114949638469;0,462651
790624;0,3859142345914051;0,44853163
73955;2,7482490586323003;2,4485142
544693;4,32105882157288;2,6384
580885;0,0;0,29378957
705437;3,302236542393544;2,848879
931479;0,0;0,70122176
827356;0,0;1,4132773
234290;2,993034472104004;1,4414129
680185;3,536617841941583;3,4150841
716758;2,910371100234973;1,8849311
573692;0,0;0,8104188
662313;2,3109090656887896;1,6245338
826713;0,0;0,2159363
625102;2,337515936524017;2,7571688
25323;4,572975901416669;2,4726253
219328;2,06415401715534;2,6978717
303247;0,8448064214145469;0,96375513
252965;4,173839831099989;2,5303664
32361;0,2838214585854862;0,89870405
987014;1,3272667645718923;1,7977555
225492;0,0;1,2934866
352410;0,0;0,17187822
933775;1,7444979957257902;2,4949834
504572;3,8346729772732417;3,6537468
999926;2,2070199166786764;1,8851478
356660;6,178499946775091;2,9306653
651342;0,1625928271782435;1,4987428
958983;1,6461306950383985;1,865628
847901;2,615536355789398;1,809046
920824;0,5468101632461106;1,7373787
419933;3,1108531012168434;2,662466
216487;2,2002446501786928;2,2161946
625965;0,0;0,635597
63460;4,340323244455963;2,7499454
99515;0,1756072859004724;0,24813241
443641;2,4629948976331377;2,328686
596398;5,659541065134968;2,9834778
933900;2,364383952256605;2,2784328
166235;1,988618529638913;1,1143266
557771;0,8789362554070238;1,4845738
629870;0,0;0,2617129
998697;0,0;0,57432395
337059;1,6318071669351988;1,787511
185778;0,7019424140126561;1,9123046
827040;0,917498342600724;0,32587814
34171;4,9516399978023165;3,9085789
212727;5,8617907255235;4,377859
204421;0,1344398731756513;0,37675157
684759;1,9886871397784;2,0695353
255818;1,2682501285248724;1,7920167
197819;0,0;0,47282702
896458;0,608490524002504;0,24218285
173556;0,0;0,18528926
105271;0,0;2,5657525
50227;2,618702194671462;2,5288107
151815;0,0733024014702707;2,4311073
857325;1,6779466979811348;1,0506655
66292;1,7119438802248663;2,8319843
101542;2,459666431102752;2,6910887
206610;2,5125800309502626;2,8758252
115531;0,0;1,2720393
144196;2,1738261697520085;2,6247196
804304;1,743571914091646;0,61815953
35735;3,3191295474918805;3,038162
310842;2,276925849622602;3,4246125
504856;1,1786689147226288;0,3005273
875139;3,495239299625277;2,0816178
68904;0,0;0,8612494
917978;1,5527529240728877;0,63967186
665602;3,674447959618351;3,156388
57868;0,7746323851708121;0,38467455
13151;1,9759698404199413;2,3843834
392688;3,1787874125796525;1,7351408
445981;1,7565640402289795;1,8300668
964389;0,4670555520835535;0,35217708
123505;0,0;1,842157
138132;2,880960675242193;2,1463585
898509;3,792033307941239;2,6643581
554207;2,923996977011233;2,0216186
913189;2,5850013300750576;2,1012104
789139;0,0;0,27144492
642379;0,0;0,35582316
186443;0,0;0,7069083
656075;0,0;0,8362552
162291;0,0;0,89194494
196180;2,7328506566591324;1,2531981
6768;6,42640940983747;3,225846
214216;1,424229601714163;1,1513139
614731;0,0;1,2563744
909977;2,145418296593876;1,7496722
909600;2,172976498129739;2,147668
669120;2,762666192598397;1,6431019
866629;0,0042439216997156;0,49280077
417119;2,311044634810476;2,2540631
184566;5,597499939118245;3,9182656
948231;1,1970846237186672;1,3116951
873156;1,5746789614692611;1,0048337
592468;0,96504454849292;0,9510883
455311;2,998122274055422;3,073692
731007;1,9274955358754984;0,65465647
782400;3,056743463852348;1,8215888
691153;0,0;0,2363894
321165;4,306941110356992;2,432216
634724;0,0;1,7256752
730047;1,486170983146966;0,8580257
970832;2,8996492227450825;3,3341224
633001;0,7380684593218807;0,6149831
670492;2,681415811659352;1,191697
238226;0,2364939232827356;0,75653124
208137;1,883705850815524;2,0425625
51412;2,520926190076626;1,9581547
549478;4,072151389992909;3,163451
26916;0,0;2,3733912
973429;2,677476754052093;3,7412164
169526;2,213023636749668;2,8450665
29446;0,0;1,0970926
500139;0,0;0,2276758
214839;0,4651973423061201;0,3546127
775783;3,052834767028937;2,573627
301826;2,111916252857136;1,9524171
963039;0,9251726547613908;1,9034965
905846;0,4490930760798614;0,34391445
135399;0,0;0,51908046
929826;7,466233348374447;4,740691
340716;0,8877259602930948;0,5638799
430108;0,0;0,20185584
518923;0,5237754526649749;0,87637126
94069;0,132582608081901;0,6129387
360541;0,038639474148562;1,2464073
137730;0,9909025371625196;0,97246253
263054;0,0;0,16235352
111460;3,320847121782375;3,4222488
616573;4,524688225288672;3,5284002
487701;2,300226284581052;2,8321297
391274;0,0;0,3558007
602394;7,456180624291504;3,8640893
373584;2,117569750686856;1,347774
176314;0,0;2,00363
863728;2,524235569400212;2,3867228
46582;3,916112853328266;2,5843246
142029;4,092818780293458;3,269901
175891;0,0;1,3389387
670340;0,0;0,4631573
360861;1,6309107244609604;2,344914
7328;4,223841119801276;2,9452996
80151;0,5131782661065002;0,9826922
81508;0,0;0,08244985
883987;4,74350218588637;3,3656595
97390;0,165766033575062;1,0745976
715644;3,082535184544546;2,742554
640261;2,84362322755125;1,6913476
481044;2,7702807338362407;2,074485
594106;2,358233826993844;2,6236267
279940;1,986338603607905;2,1912875
28276;3,331326987015148;3,0588553
962389;2,184899276194653;2,1646194
916902;0,7829031183631813;1,1217611
398359;1,846488092135457;2,100706
200278;1,4937733464835805;1,0413003
873441;2,3255633692643536;0,96594346
721601;0,0;2,6697326
184414;1,06283058295399;0,5403159
33369;1,632244154732435;2,9536178
772676;0,0;0,48566428
703638;0,0;1,1173154
18356;2,167670029395132;2,7106817
175407;0,0;0,12922776
637298;2,4482918806053173;2,076648
276708;2,9735803351338985;1,8312893
912366;6,126216265660853;3,659402
514115;0,0213978363532088;1,2676127
175989;3,542711018757565;1,6480205
127642;1,4785198944934714;0,6409591
974281;1,4251787375813365;2,9766152
771012;1,812368216499548;1,0382637
281749;0,0;0,375998
364822;0,0;1,3807662
976068;3,211769522718958;4,539951
689279;2,094341977316443;1,6419681
104937;3,250621259293646;2,9146423
841075;0,0;0,26065916
80948;6,178824077693147;3,193045
621638;0,0;0,29893112
144727;0,2257314591057092;0,406074
856652;3,1339800305246213;1,9526833
975750;2,305409095861161;1,4918865
147579;1,3798160343774883;1,5575621
934974;0,2518054387139052;1,379853
42688;0,0;0,92758477
60000;2,7848693945921825;1,980183
146035;0,5741373313856395;1,2632775
863064;1,2935650851671971;3,3076499
206650;1,6847746881699166;1,397707
29979;2,414321848139651;2,2836514
957205;0,0;0,27653074
809993;4,069755756806754;4,3001018
616690;0,0;1,9371455
486401;0,0690797227388337;0,83792454
635017;0,0;0,720792
241959;1,0792306915132843;1,1198473
42533;1,564920915176906;2,408392
994659;0,0;0,034114182
408253;0,4368521103365135;1,8805919
510080;0,0;3,0262191
724523;0,4645926168101115;2,0065746
766316;5,728382079022662;4,8052063
303721;0,0;0,79066646
936877;1,7884678165301255;0,34137878
136319;0,5501237823609497;1,296494
628193;0,0;0,8892698
923275;2,292874137246599;2,7905805
904931;3,5782059944752698;4,378825
426611;4,117876457108033;2,7545557
525309;2,7635647607487948;2,6418505
135340;0,4404800716647893;0,6505095
220226;0,0;2,1723325
719461;2,3342788011570392;1,2650496
184499;2,3208269188279984;1,4750067
512201;1,5715626608539297;1,7593418
312907;1,644419329090859;1,2053008
853226;2,1624035659494787;3,8978217
385104;1,991513540089404;3,5638118
867176;1,3758452232471508;2,692934
429304;2,136279790335786;1,3164284
831125;6,1077514812213805;2,9008358
190129;2,1482072951427664;3,0445726
413067;4,675960483129975;1,527489
240607;0,1639923188352083;1,6745521
5913;2,610249509033085;2,571039
237850;2,709008403855772;2,5179305
159100;0,911685972131144;0,64599586
61315;3,287909219596362;3,105941
314553;1,4696681799278035;1,7477648
305463;4,156068140876736;3,8814695
31236;0,0;0,41168058
905776;0,0;1,5296106
944588;0,6360327292818614;0,76612955
682389;0,8184217945926987;1,8573194
399341;0,0;0,4056853
779596;3,953453176140916;2,1643083
470983;2,41892278036098;3,6188936
122657;1,3828822829278011;0,5858161
920394;1,113383966203863;0,18660903
952290;0,0;0,15925384
225103;0,0;0,7722528
824450;1,8508370673271808;2,668256
215190;0,0;0,4926445
932244;0,0;1,9232645
686602;0,5414106933692313;0,49214566
934306;0,0;0,46928522
288209;1,5439595366678185;0,32852927
403096;3,114875872527537;3,00562
626716;4,5863911658186325;2,3259404
624174;2,046360120331238;1,2595824
988068;1,7912971560474198;2,3698988
638608;0,0;0,30755937
19436;0,6053579316461768;0,3214928
977995;2,7618570006697;1,2916524
254302;0,9543342719794348;1,4791806
556945;0,7721246992179542;1,5194443
46302;0,5008832122220234;1,2683331
778032;2,6414662529671995;1,9786277
663663;0,6004474069626189;0,5833099
553341;0,7640224689833803;2,6827912
245495;0,0;-0,1275472
615204;1,5226311263450163;0,6143644
498544;1,5008925733278822;2,1555703
414632;3,156661728518804;1,8781743
48832;3,075467410073218;2,2607205
456291;4,404242640028522;4,552617
81073;1,0890110527475358;1,1627963
836710;2,8765164247382704;1,3453734
789650;0,0;-0,023838878
1152;4,971422722979551;3,3152363
662010;2,380873840244797;1,8980588
558635;3,4114892844055675;3,7765963
279824;0,0;1,4825621
541241;0,467355625350887;1,0328329
788326;0,0;0,23095143
36020;0,0;0,08928412
700900;0,0519176520951542;1,1289917
566725;2,66020730091575;2,6700823
77285;0,8775656841821557;2,404419
278560;0,5190880445760334;2,5183365
930813;1,347688550099799;0,57826036
678174;3,9922124674462296;1,7635546
562161;0,6178718722302188;0,68944347
153649;0,0;0,09522569
680789;0,8502157716905683;1,6205288
707806;1,6794934781883584;0,73424816
238997;1,204065210696832;1,1388938
465673;1,1527330413599004;0,98697066
594124;0,0;0,8875402
68671;1,0811652565149694;2,7939732
950661;3,567078617329501;2,2350514
50522;0,0;0,4396182
571391;2,1576798567270736;2,5477078
120355;5,296614616057603;3,1204278
275830;1,3743265252259722;2,8550112
422965;0,3623354951065474;1,2527218
196339;1,5159917717318088;1,3321128
579149;0,5715037960361536;1,5566907
686688;0,0;0,6695616
561335;1,3529317912809058;1,6452858
538970;0,4208659746981722;0,44667765
903806;0,4699163133370247;1,0227468
488268;3,677974238169464;2,6579385
753190;2,33156247463346;1,2261907
866522;2,861479192434719;1,6778069
37015;5,544887753549044;3,950403
276680;1,7031930169963982;1,6012616
924339;2,7839271307557527;3,0094106
35649;0,3396649311935938;2,3423414
162660;4,796332560701454;3,4771385
658275;1,7313921528322465;1,1160383
903517;0,0;0,48928624
270209;1,4072347308691215;1,5444522
916233;0,0;0,41759425
603190;0,0;0,43133476
573382;0,9385215644517576;2,137694
254060;2,060392464924093;1,6451161
463813;0,0;0,1704145
622900;1,248249688012409;1,7377815
510406;3,244716148547413;2,3570986
961123;0,5024080541512281;0,33659562
381502;0,0;0,33001688
73243;4,850935494985931;3,8354695
334502;3,5786467321470967;1,8239465
68614;1,774604729707585;1,0261527
804989;2,5327936481868147;2,9509933
481318;0,7217881553184773;0,30787122
52897;0,0;1,024494
17594;0,7876747360956655;0,26896405
204538;1,9644128250249813;1,725471
692869;0,4308641191837515;1,0181521
658727;0,0564794763853628;0,11137718
444909;2,362627575525483;2,2644818
770266;0,0;0,5338992
870065;0,0;1,5863473
738996;2,590316693985406;2,2148917
883408;1,0518993681975837;1,7015145
892267;2,999182432447628;1,5910382
59160;0,0;0,6372808
729361;0,9253906408161692;0,9917406
872260;5,169363366517532;3,091422
340217;0,3838896372253042;0,85733575
654518;4,473965050970535;2,5044842
88981;1,8553225463708247;1,679284
350703;1,7802746836884429;1,8670591
750324;0,0;0,43806756
993251;1,551791747934466;1,534962
446426;6,291959513355927;4,5340796
120975;0,3633744012305366;0,37351507
753792;7,016601460435258;3,9848697
983409;0,1594489153958252;0,40241948
558571;0,8697615059792951;2,9155283
411480;1,5321669111265006;2,1794329
903670;0,3360529204568089;2,5486283
680206;5,504438480085411;1,8218669
492904;0,0;0,058273196
947097;0,354016341038376;0,71287626
771720;0,5308567540502953;0,49087384
71981;1,585944233075951;0,4635241
139317;6,382953843937104;3,9375026
572942;0,6142013806062494;1,3910242
886698;0,5690918047551199;2,323545
727276;0,0622240077815401;1,6974792
795935;2,742991544848964;1,8396616
359311;1,1220012371289383;0,40209535
169990;0,0;0,49962562
19650;0,8735079301921183;1,9583386
472046;1,5502404704128732;0,7641085
679523;4,647476284861658;3,9227781
170741;2,613180915979909;2,9435444
115220;0,8958669556593077;1,1484565
762335;2,601714578953058;4,0682406
756030;3,3707250921713023;1,7467997
994620;1,3390731121296706;1,3129817
240691;0,0;0,22594303
172920;0,0;0,8770206
319394;0,0;0,033262312
321724;5,200261176114096;3,6265128
782850;0,2073815583541369;1,4481461
719914;1,2728932178056485;1,8169107
425320;0,9463085710078214;1,3728735
543963;1,1936667583878051;0,6897543
705539;0,0;0,31861556
344141;2,2283443620273817;1,7664742
2686;1,940578374417908;3,2639499
832749;1,1038866517252264;1,1845767
522414;3,3572238834559727;1,4139537
523916;3,2270520151556044;2,198138
591376;2,1273571989524247;1,4117978
496227;4,311613130109341;2,4804366
285751;1,1526494362190172;0,63803554
582442;2,02216443242476;0,9534842
189452;0,5809763969032911;1,6079307
446973;1,294201091226375;1,5159956
900270;0,0;1,5350022
831016;4,022495254810672;1,9046084
315788;2,476932472888396;2,8955839
897323;0,2397497917418943;2,3779519
849056;4,732858745394022;4,1491003
653865;3,1927989207053127;2,4972658
296549;1,866629404074268;1,3446581
528574;1,323856163463942;2,052282
181183;1,7304052453598886;3,286191
214648;0,0;1,9572626
935389;0,0;0,25779837
558728;0,0;1,5171604
538137;4,296794083235328;4,2476196
689249;2,6042277006803016;1,2766409
231819;1,860130397316105;2,676026
182100;2,290057820279844;3,2420013
236077;0,4598954525499081;0,85837966
170562;2,1475276269002754;2,902723
685846;2,355118672498353;1,0040264
291291;2,036341806789608;2,227125
306523;4,960085370175783;3,557919
584110;0,509751578723238;0,6577061
491387;0,0;0,44768888
560106;4,027502351819227;2,1211796
87347;0,7056625078232404;1,7749562
772704;2,597249615155616;3,3416538
103340;0,8397541927824523;1,5900791
538057;0,0;0,7119827
982894;2,5094907537559523;0,7471587
657684;0,7166013943350797;3,1863477
55915;2,0851090073024903;3,1509717
45208;3,5580012844681006;4,4893928
929720;2,0492105056994503;1,2321281
49923;2,957685332829713;3,2462595
963265;3,818768496817096;2,5242476
829462;2,49414025758211;1,499555
242406;0,0;1,9131733
427567;2,248711024443055;3,198454
357570;0,4961798775584762;0,12610567
753532;2,094816512799811;2,2641127
668750;1,870453773022718;3,2693517
422481;6,122518868113611;2,3440924
415533;0,3713710658244427;1,6349943
778900;0,9991251155901916;3,2368526
512724;2,1450450170450126;0,90191764
591618;0,8962246198710455;2,5057597
899949;0,0;2,0273929
662660;0,9700458913715772;1,5406594
801008;4,352067466850569;3,8930867
162309;0,0;0,77552044
142236;3,73892714149476;3,0855114
417222;0,0;0,9740616
916006;0,9607461987460808;0,40951425
843956;2,426807480386364;1,3775908
849236;2,4973353253207007;3,1543658
345726;0,528697707943815;1,0885488
979770;0,1872033515262489;0,38873965
517953;3,832041037760299;1,28933
505030;4,907534131992311;2,7147548
16908;0,8339540153075449;1,393632
720212;0,0;0,39932248
621172;3,519920467748171;2,1658692
788092;0,0;0,7151556
901400;3,970727788323273;3,3612812
953244;2,926879894272367;2,6432617
599214;0,0;0,036898673
681847;0,0;0,36154148
148372;4,590458731250866;3,696769
233623;1,0528863573695573;1,8841312
359049;1,049891220331497;1,5388082
452184;4,633806020007681;1,9779304
185613;0,3972532460434672;0,50592804
375645;0,9479022069746504;0,33705765
932282;4,413428983300578;3,1717637
308207;0,0;0,31014323
217694;0,8752613744711578;1,3731781
569689;3,4024602685572485;2,274137
569848;2,6863905575767943;2,9755104
509010;0,0;0,61447984
917845;5,122435603575424;4,8265905
641866;2,6407067922152203;2,3094811
361910;3,730860555939562;1,0006322
471785;1,1851363502571863;1,5567539
213208;1,4099975290259277;0,52256274
775430;5,429366881203908;5,1899796
591922;0,0;0,23331928
918538;3,6184944981241873;2,561613
53456;0,0;0,01593399
655944;3,436552351749467;1,167187
845648;0,7263456093690612;3,5788834
904542;0,5505935812612295;0,25372767
333222;1,4533194931021811;1,9400256
842989;4,212847422404842;4,660568
377483;0,0;0,3496815
123123;1,338150167410376;1,1269982
891270;1,5539607023318731;0,37545177
296184;0,6591552831003331;1,3231072
757183;1,874270063879212;0,6602928
780902;1,523037133226736;1,0714417
174472;3,5425583815385857;4,0457926
926596;0,1030907631465526;2,0607646
41231;0,2810929513520418;1,4379349
642064;0,0;0,21414644
585668;2,563760719987847;2,6253462
837419;0,0;0,89457977
381978;0,0;1,3499162
185837;2,0375505207967355;0,9441432
112226;0,942778109071888;2,1896994
905727;3,266151176814468;3,907962
215069;1,897853412282992;3,399472
616992;3,284914384393701;1,972656
207538;0,0;0,5737895
163711;0,0;0,51257014
452271;0,0;0,48920023
175396;3,587236700538275;2,5180063
961855;1,510333147952203;1,1625293
734540;3,097079746791179;3,9217603
447426;0,0;0,9634542
912293;1,312820685289518;0,6810927
274088;1,9261696896732496;4,039486
2648;0,0;1,2741774
558851;0,0;0,87498844
601840;2,5839823655915404;1,6521795
930814;1,5089743298813496;0,8462557
682789;3,277313088192976;3,6749632
954331;3,7179021703304302;2,057093
69946;3,684684682018793;4,555051
934508;1,3131172257224468;2,1293023
849523;1,2244171292465662;1,6693726
244468;4,623204124594704;3,6051185
999535;1,5562790306994383;0,207079
261150;2,179574155125929;3,4130566
941940;1,671481519815011;0,5918385
766634;5,260845808704327;3,035436
61367;0,0;0,38250193
285715;0,0;1,689127
135369;0,0;1,1731235
835593;0,0;0,44141394
146097;1,1834436479034331;2,5431423
969878;0,5445409789652547;0,6516882
894755;0,0;0,5512833
28727;1,9447358395837464;0,30653518
735564;0,0;0,74902904
538127;0,0;0,14816833
905968;3,264088593930456;3,583234
589899;5,144754814659919;1,8654288
596112;0,0;0,55204135
494554;3,6158270809889848;1,2556572
649972;1,9733096815499351;1,2273626
419227;2,6872701464718025;3,5767374
160749;1,43866201340225;2,069329
291275;0,1007777399358761;1,4033915
562225;0,0;0,2866419
701602;0,0;1,2871145
289049;0,8559386107705315;0,61659205
937823;1,5370303996215773;1,6227663
327007;2,9083167297911148;2,541309
371539;1,202429267915465;0,6333779
370276;0,6738201159093458;0,27602613
162922;4,628525183300249;2,542962
998254;0,4567404944254195;0,757273
697416;1,844681328171622;1,3027267
347993;0,9056618585936858;0,95239747
44214;6,023795761591397;3,7503507
209927;1,3587996211373377;1,8127639
977650;2,475420100494839;1,366807
106174;3,5844574878866835;2,5425742
920954;3,188840377398172;2,8093588
183680;0,0;0,3001789
174359;4,9266231954309285;4,0785675
633724;3,03890296521773;2,6968484
822451;0,559131694944425;0,8334862
819508;2,894286865757877;1,9124751
269181;0,2477886235219772;1,3889706
517924;0,0;1,1759946
978322;0,0;0,43599632
423342;0,9902924037236014;0,98314804
249911;2,975485024591492;1,4802295
40887;1,2437915032542746;1,1861708
699333;3,863586736560015;3,564092
418202;2,9813379987295656;0,74185497
403846;3,5030280250032773;2,970135
107330;1,2865505149166026;1,5061831
979705;1,6541402807854195;1,6176
291219;1,438302693546237;2,8124986
733431;4,4326168722499375;3,4446094
439846;0,0;0,32613719
996444;0,0;0,44482762
933683;1,5348945194587498;1,3036485
954350;3,3896007417113325;1,0269469
34907;0,9632766197764668;1,4092557
321730;1,1969347168503366;1,2392459
399722;4,732309915227205;3,6280897
793583;2,589332256718957;3,658589
503544;2,846007245686011;0,47884524
865404;1,32461320896874;2,2164054
487626;1,4449074862795472;1,7918833
417790;0,0;0,2681166
702590;6,079183456819679;4,291545
260857;0,0;1,1064696
774824;1,7982281155800883;2,7482514
384886;2,318256216077142;2,5007527
830382;0,9080826584684296;1,4184444
113066;0,5614638045985829;0,16912436
53489;1,6498402119303672;1,8725059
725708;2,975761158451617;3,8053505
938801;1,6039706746461484;2,1681385
958277;3,3757422575980494;1,2255745
205452;1,3138992323308256;1,5173981
572019;1,1392435677042188;1,573475
727728;1,6814317444167994;1,3905706
955381;0,8338332700259249;1,8257486
287445;1,3218250316109288;1,3474234
752917;3,069589590461049;3,5332344
974844;3,713066022612241;2,623557
981494;1,381626151948551;1,8472995
797626;1,1359919946084718;0,47375503
892152;0,0;0,22828364
201595;0,0;1,8829927
72668;5,676999392436316;2,9762747
509419;0,0;0,11400181
928522;1,6262440225035375;2,517098
999216;1,0873218009378938;0,9296604
194841;0,7575615610124192;0,6621642
10513;2,7248269000473107;3,0298207
228134;2,201503703259325;2,9636185
981248;6,109612284545176;3,4971728
707771;3,615228452850153;1,7914115
572263;0,0172533841485886;0,44822872
275991;7,17316328675804;5,761245
401186;3,961231826158255;2,0392437
238350;1,1568238665168509;1,1457417
56033;1,2880886876161666;2,2210422
988521;1,212040514886727;1,9345129
80016;1,7668237604692236;1,5067219
469754;1,9981352476449432;0,70875365
10651;0,0;-0,053089917
452284;3,1998908665569896;2,8039894
526428;2,07996087698026;2,8119118
867656;2,729566043093497;1,6807723
338753;2,8093861681723067;2,394922
242304;0,0;0,33472738
853522;2,275427304669559;2,0801053
549408;2,230130242056737;1,887415
459058;0,0;0,4739699
614267;3,296731800365352;4,635704
660208;1,40984198369186;1,4213165
203887;1,2477720178360443;3,5091488
277494;5,726778870156058;4,723338
107158;2,874570956139084;2,2791367
492860;3,705487864656599;2,9361749
520451;0,925327993731888;1,85757
942131;0,3058371667466902;0,95711374
509372;0,7680144038264629;1,1935287
595004;0,0;0,32094574
295752;0,0;0,6449996
163465;1,0053202094679028;1,3679538
260464;0,0;1,5984477
461845;5,320204102431687;4,918233
80161;0,2113051336312878;1,2829592
643918;2,086225705175976;1,7432566
440923;3,1928990552900904;2,5912914
998533;2,9730975799673054;2,3862205
821004;0,0;0,49567768
953846;0,0;1,0718114
185138;5,487532555082793;2,8176749
159495;3,992997991557616;2,385798
256495;4,323399140956932;2,7018182
244011;2,8960000892494087;2,5791564
481385;4,475661702734227;3,4474812
298641;1,4091143976281522;0,7783908
364830;1,303678171911744;0,5256909
788254;3,145675346193576;3,7680438
530035;1,5388377638370794;0,4492388
900364;0,0;0,7183011
698789;3,229990853259049;0,9707086
746551;0,9669586559574864;1,293113
303653;2,7063636310759573;0,9403433
40157;0,2409084575293726;0,6600481
582007;1,6410350781984508;0,98669344
862728;0,0;0,3532686
378088;0,0;0,27740014
775008;0,0500777315570737;0,80753493
384963;1,632452999543918;0,67674077
458773;2,21224762060464;2,4789436
728386;0,0;0,32040092
351702;0,4116807299770948;1,0005826
900991;2,958181192474988;3,5765355
790342;2,4817149361018167;2,8369741
370052;1,1108671742715626;1,3806183
363180;3,5172864096152407;2,1537213
944625;2,4072968296009427;1,660764
728980;0,9042853839723008;2,8245947
436674;2,3108130567711904;2,7259572
911805;1,2190052313051332;1,6373088
509195;4,289316984408555;2,8909445
933830;0,0;0,6799967
355989;4,078019879818428;2,5396953
522387;3,702120808739332;2,679421
334045;4,299452098715795;4,173544
43757;4,308907773613925;3,303109
590447;4,081192670209659;2,8173163
982604;1,0588544903684174;0,66910994
628760;0,0;0,35762483
561742;1,6786622557385829;0,74797416
960251;6,129922028583431;3,4907126
841928;1,6651195568401724;0,29542187
566389;1,8975338607527688;1,248311
790276;0,473118133394859;1,1471798
702406;1,3870348802824684;0,88231087
896570;2,233620143328175;2,202096
869759;0,5852552559336506;1,1557269
510236;2,5674299472307816;2,271794
642500;0,7794406747629865;1,0478079
74438;1,6826459970908596;2,5133982
218964;2,800462607061981;2,1574254
692234;0,8954732224035173;2,2103848
580288;3,117394345158017;0,60721433
92627;1,1736950331495024;2,2552652
791438;2,7402229829927967;2,697812
376736;0,9804571274446928;1,9197085
245301;5,435644416938857;4,30157
750661;0,0;1,5295539
814352;0,0;0,07376528
578878;0,969188301288234;1,9361036
763166;0,4902982980956478;2,49535
45895;0,0;0,32591417
294534;2,800713869396535;3,1726878
615662;0,0;0,948727
379418;1,150455237911972;1,9289594
225354;0,4144667464800307;1,3032205
491426;3,793561612403352;2,8428202
120000;1,189379832900326;1,6147113
47159;1,0237781258686085;1,4519544
317012;0,0;0,3826614
782933;0,0;2,3927975
411655;1,4092940120397937;2,4570723
418887;0,0;0,42171013
506189;0,9342377338718134;1,0670623
783771;0,1910279822838805;1,589352
267804;0,5132603468112595;0,40209204
15789;0,0;0,8949166
235292;2,9563487774518427;2,1955707
944234;0,0;-0,026077747
670996;3,070192203439725;2,8422136
369398;1,410978297251746;0,42233288
207042;0,0;0,37174314
412542;1,2302414204339578;2,1847773
876665;1,2669915231065088;1,6665924
416484;0,0;0,487888
558328;0,0;0,61386925
769499;1,9026257123093824;1,1170495
690175;3,134322949941257;3,372755
789822;0,0;0,25253123
778394;3,6932789790208633;1,5448418
741799;3,3239592532390905;3,8186598
482280;0,0;0,12024665
651444;0,0;0,36993808
190812;5,343015360675702;2,7310753
668592;5,133554509111886;6,053315
108216;1,901123774465095;1,4361994
745274;1,4249406551437156;0,83641726
91893;2,686819244951507;2,5954585
536052;3,7039074004902814;4,2521086
71564;2,574954827958535;2,961459
620919;0,4318079805237231;0,9507733
953766;2,0172682566296976;1,6390916
75996;2,2407742732671934;0,6789741
723745;0,8073355194200003;1,4975526
526362;1,022874346554331;1,5945138
473574;4,445432774674075;2,1979058
249851;3,778179802137376;2,5140448
676280;4,103567418614523;3,2401114
686416;1,6147390628933855;3,2359536
862913;2,4725852984184407;1,9067385
935650;1,7762040555216372;2,1979485
42335;0,0;0,6167977
941803;2,07469876929248;2,7545369
187550;0,0;-0,08918154
78927;0,0;0,28156137
144098;0,7021628303092642;2,069104
924117;3,2625312937254565;2,0362682
966695;1,0502104189594408;0,6377873
94390;2,819804411270092;2,7813752
147218;0,0;1,2974606
74184;1,1004514897840263;1,1125995
428346;3,089080387809295;3,6076598
996763;0,5939447962884347;1,635913
494852;1,5766887383611683;2,4861403
58280;2,0321268039682066;2,6206398
813722;0,0;1,4474816
348889;1,6694448557384498;1,0423654
485348;2,8921022365865343;3,0037138
572092;0,0;0,21079743
93178;1,889526961210359;1,2309364
261131;0,0;0,1630773
436437;0,0;0,3140478
780406;1,107286546768549;1,8670552
130228;3,976403716478844;2,0966759
328170;0,0;0,42814833
704741;4,734505388684164;3,2885857
257860;0,8217157688601013;1,6402893
606245;6,958350299734557;2,9080784
73018;1,7386921557757733;0,8067662
627701;1,5392761952993983;0,59161717
385625;0,7145970156848589;0,8823724
972226;3,8497924886690944;3,020087
826661;3,919415623685377;3,5213656
391574;0,0;0,611941
377575;4,113174706301104;3,2630982
235884;1,6217969056483863;1,5893139
748815;1,9898120554083256;0,21168864
395535;5,001414072343915;4,829356
181645;0,9432221629895868;1,6712271
586557;1,858645417768544;1,473507
162459;1,2869665903262368;0,949229
772500;0,348392229250634;2,3083348
949737;2,1217431316291613;3,379898
845900;0,8338530421444896;1,8588021
500206;0,0;0,51750135
240321;0,0;0,5471556
931790;0,0;0,4157263
724080;4,988603502893144;2,368411
462636;0,0;1,3424473
957583;0,0;1,1811991
966135;2,535778236296479;3,6984413
271666;0,1371063606967389;0,7491173
99554;0,8167143933410759;1,1409094
571534;1,394215771846511;0,48550403
424228;3,0745926245014057;2,2180731
297271;4,215451023241547;0,84752285
325969;0,6257361909334052;1,640897
436254;0,6632111269040889;1,121011
514305;0,124950285394244;0,26584923
570518;1,8872945844835285;0,7496835
444272;4,746081613091671;3,7071252
496328;1,1751732431747637;0,519413
820003;0,0;0,20920068
97242;2,7175960292718413;2,5484254
804454;3,060254172423715;2,0781543
542718;0,8178309138514407;0,66841376
148858;1,125647896272457;0,87144685
621271;0,1611714037473195;1,6363586
812306;3,5228640953964754;2,255199
900463;2,6926911097740014;2,5421624
828992;0,0;0,28766257
729129;5,553761528228601;3,5344923
350802;2,9335300255566383;1,8445551
469421;3,545429617574556;4,0756626
463370;0,0;0,025678337
930721;0,5302609973840428;0,61610335
178270;1,262823697539373;4,014577
595839;1,5456341659036177;1,1653419
527841;3,2005910678092424;2,969732
805733;1,5271937053922329;2,394936
147029;5,118948282283911;3,943752
566037;0,2684494768432325;0,29682115
882822;0,293124807284479;1,0504184
950320;3,717594998919569;3,584473
615754;0,0;0,25506306
350801;0,504272625197212;0,96470493
208453;4,387180328404597;3,4208038
836479;0,0;0,30630183
747937;1,554817083394026;1,5245352
859416;1,3941519200328245;2,6547685
458009;2,8103320097656708;1,4936479
366322;1,974047913333088;3,5246618
141718;0,0;0,39452302
130843;4,027063776501707;3,4050431
278487;3,381579433782529;2,8748722
709709;0,4713971044495862;1,1342545
563211;3,506282815913157;3,1888473
584634;3,3176807847660186;3,5383003
930617;0,0;0,46800905
593745;2,310817839501376;1,8772776
639810;0,1445382532505263;1,0028698
835680;1,0822968315529145;1,1720428
402150;2,038742515003162;2,307405
62101;2,485196838004209;2,479004
607962;2,928578057211583;4,4456377
639508;2,3292200707194057;0,78946036
379544;2,8035260846988206;1,3699305
240345;1,6984895606592576;2,2613144
889216;0,0;0,25496286
887799;5,280507421315306;2,6050267
833914;3,4229759294763795;2,8615766
790736;2,432232382099288;2,5094209
221357;1,583433870399921;2,0342839
575684;2,0837440283300075;1,6387937
346352;0,123168340408308;0,8383702
339754;0,8330582961720016;0,8870645
987948;2,980716690668463;2,9000018
875941;3,4874756762095367;2,2913344
257935;1,3062152549407409;1,6744112
530579;2,7376603773997013;1,0599416
572360;2,2762779140673386;2,4952116
388199;1,3046026690851018;1,2061545
830311;0,0;0,13406348
761169;1,8202199099588576;1,6351794
306602;3,913489157348892;1,2518417
215523;1,7179872602251491;1,152072
726083;0,9300053036315477;0,6885208
157566;3,413934089344552;2,3787854
759793;0,4369828712438686;2,3262486
308481;0,7301230072283289;0,78795856
41731;4,640848313559168;4,443964
345998;1,0931857686954365;0,84711146
215170;1,8804884556733217;2,6657813
20696;1,6916165744552862;2,3537376
364347;2,91602735144065;1,4285635
966563;0,7022468906450154;1,640827
384523;0,0;0,7704363
71486;1,215513985240671;1,7358606
60152;0,0;0,4731284
598756;1,734202082935696;0,9414875
523889;0,1779009781163378;0,43012422
136740;0,0;0,886801
213048;2,858211428312436;1,873116
594375;4,42522575864806;4,1449976
563931;2,05078267382622;2,2777824
149088;0,0;0,53111184
427357;3,209829883431387;3,3172216
11611;4,155834499996237;1,5508683
915772;0,7201329662501571;0,49918166
257724;0,2026555338088935;0,61969066
339821;2,8558322040538435;1,587318
961823;4,950395159206028;2,471994
511586;0,0;0,61148673
170198;1,9524001303415228;1,9729865
473054;2,194899184743123;2,5901754
286422;0,3120599216428724;1,2719713
221059;0,0;0,30185664
155495;2,8423688556674223;1,5155356
375809;3,7274326455102273;2,3162818
492780;0,6938015433793397;0,7905524
3526;0,0;0,23661888
354595;0,0;0,6024535
295822;3,786125252677099;3,5283198
997364;1,3130905189831883;1,3130742
958633;2,641857543390142;2,1191008
504566;0,0;0,6703674
916854;3,1861935720051595;2,693243
2125;0,5317625746627022;0,42113054
608389;0,0;0,21914703
274330;1,3941401120168142;0,9067199
122960;0,0;0,25934047
972155;1,81816599669606;0,5309354
573390;0,0;2,6744537
35602;0,0;0,26705283
746452;2,89951750974224;2,1141238
788305;0,0;1,646564
779153;1,6989469952544891;1,7896359
957603;0,0;0,5952842
20213;1,685124513580362;0,12102032
940153;2,6361554129172107;1,1770066
357872;0,0;0,25017083
15111;0,0;0,5996841
674632;1,0060053393388562;1,0210204
322270;2,35297931825371;2,0231652
778966;1,5704641931944778;2,4840431
28380;0,0;0,66823375
694460;0,7347067326277581;1,6125699
790766;0,3134319003499055;1,1544986
255445;1,1732401841431568;1,7584575
610522;0,8728922948061375;1,4202937
203811;2,152792417669149;1,9792547
520508;0,0;0,11460322
630206;1,07108982704199;1,872299
273655;1,2420622137778463;0,9486806
580103;4,003455905235262;3,3821347
543022;0,1245108453717199;1,1229758
264238;2,757326720530672;2,884828
923685;0,0;0,9874023
887830;0,0;1,253139
400912;3,388102077240589;1,5816011
441449;1,6809669487341052;1,6965909
776320;1,3707688065749302;2,2853374
446612;0,4234224787464278;1,7457905
769810;2,956371066429445;1,5285342
998961;2,177274611908734;1,2421992
223306;0,0;0,6938844
175731;4,144716647999974;2,1350317
271313;2,122574433643313;0,427836
672526;0,5311129217832632;2,1713326
107427;0,7317801842653389;2,0980372
31304;2,1941987938338827;2,934598
552164;1,7959298330975837;1,3629706
722075;4,629427419699896;2,2588081
271186;0,3433236863757546;1,9562602
476822;2,9431161479670607;0,9119885
847815;0,1446095661359872;0,6069238
59129;0,0;0,745086
314910;0,0;0,46845704
174066;1,0666166620698787;2,1088598
803156;1,932353710639609;0,98892534
563759;2,575569084453769;2,227663
412246;3,273301961750027;2,8492882
30921;5,088784222294754;2,674405
186467;1,4755677633767927;1,2082651
498501;0,581960246042539;0,3970827
158921;2,7584493965047505;3,0357218
924800;0,8671720845058191;3,3887002
689242;3,876998943699087;3,8681686
508033;0,8865605255820344;0,42124104
986522;1,4934299813053746;2,116785
776142;4,85989179055209;2,835721
908446;0,0;2,2340517
352053;0,0;0,33907688
47644;0,0;0,93631285
148012;0,0;0,17399013
194866;0,0;0,4707792
488037;2,686439547723717;4,0895452
66686;1,987111663611381;1,7703753
779973;5,142749753815325;3,9627445
740967;2,295712320352737;0,7862406
948225;0,0;1,1761866
227766;2,967294644358247;2,1182945
31329;0,0;0,43575674
791348;0,2633099120793012;0,1951909
83596;3,447392032395996;2,151152
500499;2,43464047035498;2,121714
536065;2,164649211823976;1,5159845
115093;2,0417179175669675;3,2910702
866658;1,14633131466705;2,0766
311501;2,0821808201763305;2,8584876
45328;3,229832243942924;3,691939
720181;3,862894178735941;2,7288404
296289;2,952133389919306;1,1505725
685940;3,4546417033359544;2,365108
105607;1,487313041475984;2,254779
219660;2,6302055481454927;2,5149748
92195;0,0;0,32935745
760422;1,77393258293278;1,2904027
949214;1,0101596924993996;1,8985188
752223;0,8538947582189059;0,9479268
462381;2,25061339213922;0,38481122
476680;0,0;0,8234912
659330;0,0;0,5391582
62787;0,0;0,41523665
95533;4,734550274500638;3,9434059
437674;4,89798120296094;2,4101238
142111;0,9456328082041052;1,1828097
471853;0,0;1,5754566
973416;2,6608259116453965;2,0835142
771638;0,0;0,37056515
112029;0,3494957266349962;0,6623929
362961;1,4937608699593772;0,5202856
945059;0,273377619828255;1,4598589
896304;0,0;0,3136468
515351;1,7886461272921377;2,6851716
46381;1,0314046239272077;1,6584749
979898;1,0775948241408737;0,53116804
393287;2,237701705975564;1,5104294
992337;0,0;0,2915497
733287;0,0;0,2839104
60996;2,5867477833296544;2,461186
676263;1,471199023860036;0,58539
30979;3,76486675622668;2,2349675
75978;0,0;0,67786723
224197;3,425572705037502;2,8707764
66195;3,267405237568477;3,324971
435188;0,0;0,5841918
380337;2,7840213851901088;1,4176719
493731;0,777534819120786;2,1673005
24420;2,559641273024008;1,8167725
866075;1,841448602269168;1,646169
544353;0,7579788332077664;0,9483285
979869;4,016771042389935;2,3846617
760691;1,1240296288590357;2,9736898
19824;6,547076218390498;6,1360865
167332;0,3877354048609154;1,9119643
339386;0,0463712438835913;1,375808
991339;3,0561894309345305;2,4496536
758940;0,4297165331929368;1,0932987
140316;1,5127932485488744;2,9927065
957964;2,200095637670868;0,9420453
383430;5,928332562980968;4,7678814
199560;1,84647639644895;1,313967
810921;0,0;-0,075324655
364598;1,766784513348536;2,5227246
647860;2,6351265064537737;1,4179456
584974;0,1384711849653384;0,09219289
205803;2,5622402969038243;1,5023291
949555;5,631040525571565;3,6332047
764203;1,6557390917166748;2,706859
360990;0,0;1,0719199
850035;0,2058781458916239;2,7563689
635818;0,5198797029226996;0,64436513
114588;4,321088839997628;1,6385927
851165;2,3754435598484065;2,9792979
785836;2,5758079656711765;2,483077
315091;2,6007260989125403;2,9912105
479676;0,2070373251146953;0,40682507
348523;1,3261636674294632;2,0374103
9107;3,4522074672616965;2,108674
334285;2,5593263209613952;2,1185336
569013;4,740391837962925;2,9974272
820551;0,0;0,48622355
447186;3,141729918999021;1,7100843
853625;5,4448703888972245;2,5918183
335615;4,509706517762699;3,2085602
569780;2,5205653931029204;2,5173898
917467;0,9152917146785484;1,9817009
723455;0,7044311618362844;0,5258392
665998;0,0;1,3504574
234297;3,0718284114734367;1,7600572
249087;0,0;1,2877611
161528;1,2182582291672;1,7769091
673567;5,131427292748405;4,253254
689236;3,098188315727118;0,8481612
579652;0,0;1,3383052
100048;2,420356793198576;2,1839037
754087;1,638335280764283;1,4141016
24632;0,0;0,4599232
744702;3,1223241751392883;3,773166
852620;2,5952865741536084;2,3023896
860016;0,0;0,84256995
863667;3,882053354374464;1,5280781
273522;1,7712017707058825;1,872908
347745;1,210999401121262;0,23958409
476081;2,5665545233448848;2,1855788
638635;4,504094724898143;3,472271
500146;2,558826098303387;2,9413629
281237;0,3325881367856567;0,6380608
628841;0,4344145882625749;1,6508697
996532;2,9999650927821584;2,0921934
160546;1,7007890199483982;0,42218107
442174;0,529312228472954;0,86525285
558546;0,0;0,77626264
136420;0,2679498284757172;1,3671097
277248;0,0617519956896702;0,42637956
135873;2,2094938745567934;1,077281
668481;0,0;-0,037276387
998715;0,0;1,1571517
589335;0,9937082411408806;1,8090863
459297;3,322023592432937;2,9519994
732279;0,919173790945382;2,3105493
274496;3,11055188022922;2,8555622
278821;0,053652912876011;0,27058
109526;3,44277158758122;2,4036355
769425;0,8975613077524054;2,7035747
376218;3,135733358337616;2,0614557
642141;0,0;0,35297948
147782;3,372624268241498;1,3008215
974011;0,0;1,2062647
903520;3,017461057183352;2,2312608
558527;1,2445102867501363;1,9298787
680764;2,3148813426003807;2,9868865
272200;2,0545230362748854;1,9653473
94727;0,0;1,1649253
961102;0,0;-0,24145746
37555;1,1630981563189462;0,4840122
91582;1,9710671455788409;1,7627217
682478;0,3348425071246513;1,9419582
354015;0,7253294361747482;1,7393384
380647;2,2267895104823987;0,6522893
893723;5,486576120996794;5,6404686
870869;0,0;0,105924845
688389;2,319231396549999;1,3387407
11140;0,937605393909248;0,4525706
531564;0,0;0,3363399
136541;2,7895480745791543;3,975814
176087;3,2591730821990774;3,093301
983548;1,889883925803636;0,35540277
300841;1,845186531144351;1,3956609
87736;4,825246395105957;3,534856
663580;4,335168062627188;2,5930378
108550;0,0971365516266424;2,321895
298276;2,274318550698267;1,2070937
577649;0,7479139734682038;0,44935077
677933;0,9034526341346923;0,984881
524426;0,0005413418717667;1,1850975
643265;1,6510167331178585;1,3259491
967577;1,0945482042837076;0,2364083
279604;4,334859781060248;2,7344642
111507;4,761227840741047;1,1338005
437687;2,701736195905521;1,8651897
312065;3,5259288054932707;3,7788947
65974;0,0;0,29502657
623882;0,0;0,5780257
566383;4,839422782980366;4,0997624
812509;0,0;2,8024673
202050;1,5080754720695086;2,1357365
998020;4,53560565647982;3,2238348
449445;2,169067395588033;1,6237007
144249;2,797125071331489;1,9358149
471037;0,5477071230601569;0,7125864
181143;0,7123117798175336;3,1825533
649113;1,3042599429405592;2,2634568
766597;3,0205245193049617;4,205539
335119;2,506132413318368;1,5033981
959696;0,0;0,6786152
205411;0,2295993284729385;1,0445471
983623;1,8309513741661363;1,3998785
560219;5,017101597455758;4,1912518
645145;2,7929472459176914;1,299442
859157;2,5300792476156944;1,484794
315188;2,594809729531608;2,4735832
74549;1,3274252550870722;1,3588982
678694;0,080866929592221;1,8929889
2838;0,6528697398413592;0,78823763
828059;1,954842730731993;1,6498922
678784;0,0;0,49682438
640907;1,1379307774435006;2,373613
757322;0,0;0,38251978
988042;2,308108739275152;2,9476376
305292;1,1076406154298797;0,4254788
339647;3,906610381637962;1,735985
2365;5,425834189821217;3,630678
240288;2,0204791722218123;2,9813564
739461;0,6971882278652205;1,3887179
650681;0,0;0,7597414
513846;2,5518535955444;1,6614197
200775;1,6192958625084797;1,8520849
621904;1,5167125937356525;1,1382196
446559;0,0874690200745584;0,29363787
653305;0,6260658160907933;1,0670388
992211;0,0;0,14180052
719906;2,0066394603086177;3,1275327
780583;0,0;1,469744
363761;0,0;0,60057783
155701;0,0;0,76325047
669678;2,205511330519938;1,6908665
943313;0,0;0,94748247
777711;2,1009480226010666;2,040989
128595;1,1045916155062652;1,3237547
369813;4,147748795516424;3,7183826
464604;3,6434405726666417;3,7033303
27708;1,5549544270148985;1,1913917
129004;2,2906654807828835;2,6616614
715313;1,0588379119450857;1,4850727
129785;1,64482193305769;1,5920596
97594;0,0;0,63491106
628576;2,5175840669209704;0,8428735
388172;2,949686091979573;2,8489175
727472;0,0;0,02701521
773345;0,0;1,3280889
904720;0,838112482208925;0,36141175
303927;1,0523187031717185;1,2829313
119262;0,5573414099882481;1,2749239
152585;0,0;0,70709753
115594;4,829259968043262;3,934356
178183;2,073764561354025;3,0707757
898822;1,3942472217535833;2,3788552
174256;0,0489596354721387;1,1961784
271351;0,0;0,59723604
111929;0,0;0,3970283
322806;3,098314048329975;2,4340687
997231;4,746396717641865;3,7877162
622687;4,404512145767858;4,1757026
49796;0,0;0,09583068
471286;0,0;0,46089244
217411;1,5185408201819426;1,9353952
309645;2,391408636827202;1,2627897
638417;0,0;0,3429242
470269;1,286619673613966;1,8411685
592648;0,4131245944671651;1,9342799
100359;0,5355066498673431;1,1913093
150642;2,525385318994917;1,8539001
424822;1,0423496977679725;1,0127186
782069;1,4234459976983307;0,6803268
888141;2,657611694159125;1,0925918
226649;2,195170333288933;2,810417
405392;0,0;0,62646717
306739;2,9570838834587216;2,6727626
898236;2,3173388957089203;2,2490594
700539;2,5019337430990864;1,352215
785975;0,8838059447656028;2,2591882
670834;2,4058844753242123;1,7352598
270496;0,0;0,18430042
871744;5,307600199362586;4,860586
285463;4,77240923223341;2,545052
140141;2,6252910778850334;3,10379
962819;0,0;1,2903644
833653;0,2897404568387667;0,25261813
815419;0,0100386396380454;0,93263465
451341;0,0;1,0749692
63622;0,7203418863337692;2,7278
632961;0,0;0,16938013
682774;0,0;0,4455953
178506;5,051715089773865;4,295779
768472;1,846859264230852;1,2162955
565232;0,0;0,9338023
389382;1,4190182509618536;0,4702408
230774;2,76770419053547;2,0771322
828318;2,165476301233649;1,8356234
966680;0,0;-0,060242772
36404;1,9117618019638687;1,4104894
663790;4,463273420062076;3,7527564
661316;0,0;0,5804443
517093;3,7586775736318665;3,1540165
610302;0,0;0,39368024
741410;2,8672242076378405;2,0039291
630254;2,334270741675212;1,72406
843407;3,381847479650696;1,2459862
875640;1,7271476859582913;4,174079
701546;1,6139923633332125;1,0459406
252798;2,068498678306734;1,208226
440393;0,2918608600554307;0,62146676
854454;4,422666423010493;4,4269247
631365;1,551587952680891;3,2601593
782762;2,042488925945368;1,4418943
286396;5,456982056148254;4,378232
388784;4,640128595138868;3,6005106
250458;1,0324185010176294;1,9197109
4374;0,6972589003240519;0,65792036
706895;2,1633703702576854;2,2035453
141434;8,103878646286958;5,5514765
413444;0,785445381584732;1,5914228
878468;0,0;0,9379015
992979;4,642564566311911;2,2499163
59817;4,501660261109435;3,2114708
828721;0,9500127942945296;1,6046253
55819;0,6060658635903527;1,9930559
478063;3,2214047226189595;2,4333708
991449;0,0;1,4278429
436670;2,738713203581663;2,230953
818801;3,193463283114885;2,1558383
385600;2,574505934788953;2,9313252
647921;0,0;0,24027002
507539;5,071540598015568;2,401713
296417;3,816352374956228;2,642465
376372;0,0;0,77318454
733612;2,2164870811155035;3,2074447
138818;3,275645065876062;2,750731
670314;0,0;0,63830364
230592;0,0;0,28432906
882830;3,753747690961749;3,1666853
985280;0,670726673970172;2,1849818
992512;4,953316131638406;3,4543107
533517;4,822767994630276;1,5960824
828003;3,0638049481178125;1,8632278
546808;2,3149586812355354;1,897337
7259;0,0;0,80318636
56722;3,137561697027143;1,9385705
441569;0,9947506059616428;1,4772832
881099;1,514026037245558;3,1923964
448497;0,0;0,4539188
806543;0,7380261414556933;1,3993521
388458;0,0;0,3923486
885835;1,848274607947867;0,9777105
891338;0,4238901011793095;1,0849972
806891;2,3374268366036244;1,0981438
58977;0,0;0,39232
756174;2,7349705036684884;2,2104857
24664;1,143535625053558;1,4439204
709612;1,5265355628802488;1,3031716
903008;0,6893733224712644;0,84216076
706751;0,0;-0,07852161
677010;0,7475393012175374;0,46886957
668061;0,4697496919727424;0,72567654
887949;3,905729974570673;5,069515
53306;0,0;0,41562814
662042;0,0;-0,021111667
944729;0,0;0,2833541
747332;1,5552596143167203;1,9985986
934085;4,959688703234971;4,4239345
885198;5,072238589175979;3,8915467
426744;2,486245026919331;3,9353187
297621;0,0;0,5363636
562790;1,891183478408521;1,1788146
914400;2,552432799638505;1,0198065
860282;4,401071380505357;3,3934581
834925;0,9711366396271072;0,41138864
158245;1,8641351396520704;1,0879567
643759;0,0;0,04997772
834173;0,9725149433449596;0,7985226
309232;0,0;0,42310688
450013;2,1659376205727496;1,816706
114709;0,0;2,8605006
939061;5,173278742777003;2,9069946
933669;0,5507605223601504;0,5874661
791164;1,540918667307785;2,332579
938710;1,4773052060697849;0,7923231
503170;0,8836577547628572;1,5557966
275881;0,0;1,0127194
102471;1,2142903539278778;1,0297663
114417;3,389407947281285;2,978225
27994;2,709577088659304;3,6272972
933302;0,1702821020427249;1,957719
576827;2,854369421126112;2,1709156
529259;0,0;0,0355348
480821;0,0;0,5603505
811919;3,777645497445664;4,410557
276199;0,934841778120726;1,5408978
366949;0,8045187925836462;1,1243737
643396;0,0;0,77490544
908343;3,0737737849081457;0,44085902
177198;2,49306307114452;2,5518782
437913;3,722531953169685;2,336319
564487;0,0713122719719183;2,0062861
796109;0,7806360402523467;0,8711847
315439;0,8099815885403491;0,38924736
521136;5,118686889527813;3,1710522
229464;0,937499226325506;1,4505925
376771;1,9533032306561189;2,004034
681951;3,719218708746564;3,5448399
980378;2,9065557063320044;2,7228117
181104;3,7875047973420406;3,342503
696227;0,0;0,36112583
263147;1,8039257193805416;1,4505891
651524;4,797248828162621;3,385312
327921;5,718916168376343;4,4273844
222314;1,9939204564458213;2,604537
956693;4,847249403441141;4,416608
951072;1,5793648083972962;1,844995
351886;4,661382410753032;3,7713664
436822;1,3975983804560586;1,8312774
2160;1,262384187245936;1,0944606
966769;4,118140634143486;3,7167625
491446;0,3129381432921737;0,26133472
99358;0,0;0,8498
415922;6,192856163372499;3,7284482
762012;0,0;0,19522065
782327;3,1596745642661186;4,240533
131226;1,4711000068452054;2,3330398
847056;2,734187831543478;4,953783
731457;1,3584287567317666;2,4484372
363153;1,2786544042135848;0,33608496
233883;0,7024504275907785;0,9581289
930423;0,0;1,7545017
119161;2,749564328047189;1,8294752
396027;6,431367271052635;4,438076
62783;3,83643498813294;1,959095
851543;2,762478101548009;1,4549356
410530;2,580982992697177;3,795284
613981;1,4544600516222148;1,5061097
85843;2,9025371922048904;2,584991
471028;5,350403061453354;3,5404005
858031;0,5417355891187092;0,8673972
317899;0,0;0,82884765
308181;0,0;0,72200996
463346;0,0;0,36905414
264242;2,073534632321518;2,3586404
361259;0,0;0,11291134
996552;0,2140408773254599;1,135767
269092;4,74385062116934;3,2688096
309923;2,364526580213332;1,6443671
173686;0,0;0,8928095
982600;3,0112516129814013;1,4374917
43186;0,0;0,14444703
521415;2,8700557781161526;2,7814867
757798;2,3463302137866267;2,41843
232165;1,6706286565866897;2,932752
715350;0,2065511389898411;1,2557207
719967;2,757686806374216;2,0156603
201169;1,6898317141368595;2,2315626
68206;3,8057733251758505;3,7208295
291894;1,7516529613659657;1,7558036
100527;0,5563569041450274;0,43239594
322971;3,3604343795990976;1,9487679
486671;1,6910672089046768;0,63847363
878167;0,0;0,17726797
762893;0,6119409750753142;0,10733789
287518;2,293855400054808;1,6156713
77567;0,0;0,22590077
733798;1,266698808070201;1,4083276
198609;2,5163107110208744;2,8427951
461842;2,139277981743665;3,308606
287284;3,3689005103832623;2,7511106
706470;3,96372582621484;2,6004324
970478;0,0;0,28655106
357661;2,690844020848923;2,1797116
108162;2,7134372620817406;1,5759462
987366;0,5280972253812836;1,2955493
154160;7,222681677187234;5,3831186
358262;3,8713014181001766;3,6167455
66062;3,332243996823023;0,96020555
961673;5,104738376425598;2,6284716
69093;3,240315670662188;3,8298655
193741;0,0;2,0889373
151835;1,81482700749681;0,67057145
176917;2,111495379059442;2,7097933
988387;4,000994691707536;3,8301508
72559;0,1633363123947621;0,8423479
780790;0,0;1,0774064
861958;1,8818143684561064;0,850549
50794;5,236160899898625;3,5243027
625215;0,1096587386135536;1,8613385
33410;1,5587778745958063;3,1431415
385352;0,7755482795674313;1,9384136
145716;2,698691662284656;2,6549492
99236;0,0;-0,07686168
153610;7,570768910701444;4,6671286
822687;0,0;0,17179817
545599;1,2196301521270123;2,9881792
445521;0,0;0,45375413
757421;1,4080143124636637;1,3530207
939075;3,353582091307953;3,9754314
904962;1,8179955828083505;2,2149425
39639;1,659790286013261;3,2195146
681989;6,050227546405587;4,8111973
973878;1,0306005069039537;0,55522907
162622;0,0;0,12028235
558254;2,546682517754324;3,0264452
876101;1,2258062454127083;0,3545068
712419;1,9109660260261017;2,3779144
777495;0,0;0,93784523
619341;4,013987381158081;4,300403
207283;0,977746509769722;0,3920893
500423;0,0;0,3761866
567189;2,5355635503333973;1,962548
594975;1,7429326018801978;2,2581306
906003;2,137032114562702;1,8004705
670026;2,08480987284526;3,0950887
563905;2,7172667752301978;2,7770677
298902;1,666888538929744;2,258642
121250;1,9734829222035848;1,962696
231577;2,563391216893589;2,227902
392334;1,076259004282891;0,32969603
255540;0,0;0,6082144
789627;1,7913830374176287;2,6487079
968821;6,085310079077974;4,679748
880658;0,0;0,899332
252852;0,0;0,5558361
853074;2,757791573677631;1,8487296
131134;2,0765781652501483;0,45334676
850994;3,627468935733512;1,4533951
952977;2,611735755699705;1,1464849
158038;1,8759630507225813;2,5203753
632441;3,4099968887154475;1,3852258
229051;4,172553535276097;2,3606663
65200;4,974281864027635;3,8054523
481151;0,0;0,13249564
17603;0,0;1,0459795
506444;2,722816946949512;2,0258718
128478;0,0931026530199253;1,2381737
87255;2,2164921849451087;2,329499
848434;3,447979448347356;4,355603
185993;0,0;0,27151865
493084;2,85893426681378;2,6424148
22902;2,734048483955692;3,0658805
710038;2,645391650153204;2,415798
316344;2,738680409444783;3,2596896
908605;0,0;0,72206694
556286;0,0;1,8335972
935847;2,621646032324918;1,9631543
861652;0,8014366068276209;2,495029
888547;1,971572179897819;0,8288069
215257;1,1700636067738823;1,1392541
92249;2,564845899409705;2,925318
980902;1,4146406256784867;1,2692493
838212;1,1410215574321438;2,2872808
861366;3,4605049682449494;1,4111576
989289;0,0;0,54366976
771087;0,1743257436007231;0,6204281
947967;1,0646171294781837;3,1349018
528320;0,0079483444168775;0,81285685
236767;0,0;0,74984187
493642;4,412381259993899;2,244036
526432;0,0;0,32764807
632744;1,4997659811291202;1,7854888
525575;0,0;0,370462
524359;4,429409814008963;2,0004485
265088;1,159639128036682;1,0095482
652663;3,301760966511709;1,9703648
376549;0,0;0,7515407
155876;3,3425844754789185;1,6965724
480092;5,497241196784069;3,9769092
616676;0,0;0,5897815
209087;0,0;0,3143919
884332;2,2665459917602884;0,29957277
652271;5,081202146574607;4,3791676
394087;0,0;0,49218276
301544;0,0;0,821779
941235;3,088561493928406;1,8794379
517819;1,0126064278326803;0,87064856
813575;2,5197143841226506;3,2908337
46624;1,0356218933425794;0,60980344
592086;0,0;0,3078507
574152;3,834950044224993;4,118395
532228;0,9380668516827736;2,3274407
50869;1,9994724586665016;4,006215
3852;0,8040159052704696;1,1280551
103980;1,0240913844323245;0,25827765
557173;1,85999826461332;0,8435814
790350;1,597884083821944;2,8738222
26067;4,567100229075615;3,0844717
702810;0,0;0,4817916
743055;1,2529369084817483;1,8052762
301698;0,0;0,8126899
891106;3,3065516428623685;2,162384
603706;1,3834396499950554;2,490241
411433;0,4052572721423688;0,24146068
344782;1,5696973265750669;4,01288
813322;1,9244950172011257;1,1792846
845790;4,092855133102035;2,8201902
864619;1,2262849034566452;2,067816
430810;0,0;0,075945735
658557;3,672173115796833;2,686461
134662;4,388208785229625;4,3263087
185827;0,0;1,0339806
239142;0,0;0,99622613
827423;3,625428501474667;2,2415876
558061;0,0;1,0088478
795517;0,0;0,13420022
304632;4,200389739633335;3,1008852
193082;3,2817676191118457;1,5974979
994454;1,8703852890876147;2,589621
779617;1,0545677820696144;0,5443045
742919;3,4129945890557765;3,3455255
371813;0,0;0,23428905
618239;2,0764627530837334;2,7882614
457371;1,9200122947978868;1,9081414
276893;0,0;1,0255495
219295;1,3928489308106355;1,937226
637621;0,0;0,9868791
603235;1,8854795171907424;1,1397085
511588;1,421783069446052;1,549983
77509;0,9990330442854104;0,48752588
682913;1,261458450422966;2,2675095
231659;0,4183359766465199;0,29575288
904722;1,0336641270924332;1,5141225
145096;2,118737466393965;1,5091398
209391;5,315433065007375;4,2951193
792635;1,5364526073987823;2,7480237
203088;6,800553890820066;4,8376017
776746;2,533886860584209;2,8342934
516158;1,0692402529105036;2,0738688
185348;3,48073788377198;2,82507
136690;2,107909197110468;2,8131151
891645;0,0;0,11190522
760747;0,0;0,37609887
595546;4,299844267162531;3,9583778
568857;1,4394004244673195;0,7044185
363758;2,318896525877459;2,2481909
50612;2,337674012555734;2,1576598
307391;2,034587648069184;2,6770716
236841;0,0;0,24535322
439874;0,0;0,5733325
432761;5,213816434687274;4,7426825
232954;0,8125677973195213;2,618307
338317;1,964854035476989;1,1148674
338708;3,290366686441841;2,263998
523093;0,0;1,0107459
643436;0,0;3,1152234
630787;1,6156897933481664;4,480139
293692;0,5060894364716082;1,5526723
959126;0,5632653296424768;0,82487655
374926;1,8952307094473289;1,0923933
904795;3,2966927628420164;1,8101406
301163;0,0;0,1734066
46773;1,8263528953240893;1,586216
749619;0,0;0,6586746
456557;3,1617138156563467;3,0703838
371925;1,676937010949732;2,4876013
758261;0,3903258342577058;1,377313
972242;4,221357660826161;3,1516955
928060;0,1741984269839275;1,0282141
192512;2,7891651964043227;1,4224381
252854;0,3856925701940289;1,6066669
617802;2,132438376366656;2,1631265
661055;4,985011133546026;4,116914
744707;2,888698595251105;1,7972776
840758;1,009738086130716;1,0501711
123681;1,7688736235279845;1,3116342
951553;5,527770539065255;5,00292
231796;0,7380088080575515;1,6718409
839399;2,94822546975988;1,2034667
388497;2,782620656762352;1,5475852
126873;2,611344120264077;2,8676562
424462;0,0;0,52054083
735410;1,870182639755596;3,9394596
330464;2,743654439185253;2,130331
986158;0,0;0,7189802
207224;2,355202657458145;0,6105659
726255;4,115781356252639;3,087022
74441;0,0;0,3393069
264367;0,3415820728720187;0,9669203
850074;0,0;0,13899809
239472;0,0;0,44579583
775797;2,492075205275334;1,6737394
931002;2,983538219868038;1,1399281
633668;1,6437300725768935;1,9784248
346648;0,0;0,8820912
792727;2,878853335042077;1,658731
595288;2,901992716570242;3,0432901
542559;0,6227445743139308;0,5119624
386231;0,0;0,55463886
233697;0,8417063267861411;2,9914892
111722;2,9864255037211507;1,4714599
12545;0,0;0,07612002
430211;1,7318709251450517;1,5820069
380914;1,1196996884732209;0,5532378
335504;0,2982485946987853;0,47678733
285218;2,227914800792564;1,4789759
305446;1,7711303299256995;1,2280924
255395;5,10732803269582;1,360847
656750;0,0;0,65662235
166133;0,0;0,021726727
227164;3,103816564002676;2,4125462
272570;4,437627436059426;2,449017
383668;0,6619771174874838;1,4634562
844900;0,4372292511471998;2,5233653
292447;0,4078750108786646;0,77998257
730892;5,267532277705697;4,1466246
261792;1,970671387025135;4,2198997
593469;0,0;0,93863773
88521;0,014157231987808;2,33249
396747;1,551535108733213;1,5797335
488204;2,458683540112287;1,7562604
87651;0,0;0,89423
638119;1,8382164994819448;0,6586885
466436;0,0;0,79285204
854792;4,402403009433671;3,4342005
351022;4,340803915968621;3,574794
240713;0,0;0,62007576
121358;0,1202654443118041;1,1987725
374371;1,727329387349796;1,6642148
849976;1,295389698612432;1,867908
806574;4,149962171068036;3,0380688
87608;2,18575926036262;1,6774472
300998;1,2720686461996669;1,8472354
452275;0,3129158072816025;0,5354076
6555;1,1571445602774126;1,3218185
686358;3,5753276711524355;2,57303
20898;1,5039420253121938;0,9759685
142858;0,0;0,34861743
41559;3,468608109652333;4,1815233
202809;1,802257648346368;1,5668697
85297;0,0;-0,07825005
256291;0,9160692337119828;1,195257
815624;3,673513213739453;3,559941
716118;4,245412576555591;2,9425457
814192;3,7401081485493135;1,6734637
681546;1,5027779624082465;2,925646
653806;5,7289340491950735;3,5759876
83976;0,0;1,4107966
472577;1,3608717542676632;2,069946
580714;5,056575385356576;2,7343986
25993;0,9874190772399885;0,61518884
122338;2,9055333513138293;0,91159153
212227;1,5248843037416746;2,181363
712919;2,562023215398688;2,7700725
334181;0,0;0,4938503
480965;2,6135765457889177;3,6461132
599151;0,8937910538543653;0,72032845
856012;0,7047191510476962;1,8272172
771319;3,221321393285973;2,8048592
402745;0,1692962670963673;0,4446963
659445;2,093143348948626;1,6061397
542708;2,0141152989459408;2,021893
720004;0,0;1,2453281
670871;1,241106783406415;1,4816585
378089;0,7855673781083234;1,3770128
641732;2,680730058279285;2,6642518
211840;1,860685908742318;1,3976834
117159;0,0;1,1737874
734371;1,7092042099228884;2,3707
834898;0,8480829397496709;0,43080467
864440;1,9192921133318013;1,8119037
325830;2,8064313175667395;1,0078719
264150;1,3134945005685217;1,5428114
612440;1,8312569911414844;1,0337666
207343;1,8707154442724867;2,4241836
208446;2,290824846345698;1,566656
821708;0,0;0,2679546
487854;1,7416105270214788;1,1876427
267988;1,2189290520479514;1,278481
665467;0,6120242927547075;2,3071783
202524;0,0;0,21161413
863603;1,3259668450165838;0,7463197
444202;0,0;1,9834628
681430;1,7286296043164624;1,2709458
599529;1,7578104068752345;2,2256792
252782;0,7922720801679015;0,8745514
6825;0,8320743403856805;2,7736177
340370;1,97110828216596;1,8979495
866867;2,399753078586767;1,6025512
345489;4,176531136872634;3,7822073
273873;0,0;0,92464423
565220;5,323797869534127;6,4300156
177860;0,0;0,6274969
525373;2,7077128639231827;2,1868973
160166;3,251229893341442;2,390414
792393;1,928542186649832;0,8248127
687784;2,9152413706345053;2,7996275
180675;3,18703231503561;1,5011284
942234;1,1918662682105692;2,0581708
934075;0,8432964029816598;0,97741437
55993;0,8075211500950339;1,7034923
93295;0,0;1,1369983
694872;7,998931607863337;3,8282812
57491;2,179061056781189;4,777131
162088;2,3623654723855343;2,3815465
868161;7,046053998672583;3,928398
870840;0,3714956793605047;0,43223858
982886;1,4372168020273055;2,9970078
469333;0,3297214059034193;0,019628227
417925;0,0;0,19786477
907499;3,2538710067471195;2,832728
953711;0,0826362177880151;1,019829
17727;3,09699769548739;2,8384135
900208;4,657229394935695;4,075411
222848;2,533918854271797;0,43533164
545054;2,90516980943612;1,1053905
420542;0,0;0,15749574
823133;0,0;0,28359365
891980;0,0;0,3644952
940136;0,4296481353942825;1,1662338
223822;0,0;0,31802762
141965;1,1750881198052414;2,4433455
43061;5,4251337473490215;2,5406756
857550;2,34981943050884;1,8445685
110724;1,0621997422686316;1,6573629
364214;1,3222370078245111;0,38305277
63099;0,0;1,2672384
454666;2,591475881341398;2,357635
80997;2,6864476893371;2,0857694
501440;2,9435786412525133;2,5817819
919573;2,845889096749353;3,0121343
118737;0,827970725845691;2,4110658
813641;3,488233264975841;1,240689
971691;0,0;0,26237047
753498;0,316042242919933;2,7430544
332284;3,996398975799961;3,4420352
156103;0,0;0,9004845
274598;0,0;0,44965595
880883;0,8373947708500588;1,0814703
847665;1,12877480907023;1,9246283
770704;0,4908689829254918;0,17409325
429539;1,1549251932519562;2,0765295
85705;0,1436273434422332;0,5250181
76841;0,0;0,45326614
802767;1,476058833547016;0,5041051
745570;2,041411043831668;0,8070809
310441;2,9155767843659475;2,1094522
213165;0,1254501583832337;0,35659596
839913;3,4790277555768423;3,4676986
799874;0,1888320204977353;0,18753499
521790;0,0;1,3699926
132144;3,887513813067329;3,0118945
140143;0,0;1,3271484
656671;1,9910178503980955;1,3316191
347842;0,5173320224079414;0,60468316
989329;0,0;0,5231543
934793;1,278835878574057;3,0632904
329260;0,0;0,35706663
58950;2,1120289332027498;1,8632257
654046;0,7954123230225165;1,4456528
647457;2,953987142127138;2,320168
356142;1,5648038089165006;0,43770197
104785;6,049824575359531;3,1060126
298038;2,9799616571473475;2,4826193
2293;0,0;0,18347144
884027;3,2287829321578485;2,0062745
306838;1,8885173961316588;4,305457
45631;3,498501350926486;2,9902737
590261;1,424037761975981;2,2284765
612455;0,0;0,4126783
918837;6,685611927903052;3,6368408
458074;0,2112921960503594;0,22663295
573514;0,4600777588241806;0,9710561
647936;0,2367259364446182;1,4312626
299634;3,0429615822026115;1,1759017
129204;0,6331527138034023;2,2946167
276725;5,577716603692976;3,5122166
547873;0,7200930771209875;0,39581034
531116;0,0;0,4353719
21099;0,0;1,027966
305870;1,0930543807560975;1,1345263
54883;0,9071616330920248;0,99880105
57972;3,024265186410915;2,7767673
442143;2,8818601038450664;2,2454472
255517;4,141368389064772;4,3330784
205170;4,994570251729624;4,5940256
12919;3,5003840003024487;1,9140685
315088;2,611119589534251;1,251423
819121;0,0;2,070795
671033;1,6428236558439222;1,2587259
780984;2,181254206657297;2,1030056
500957;3,305523325287677;2,0181887
785409;0,0;0,6122433
264851;0,0;0,29884738
165609;0,9020282096661478;0,11354333
459128;1,8236055090062595;2,8343494
483923;4,03152714324114;2,9195523
368747;3,797869697857245;2,7096777
322789;1,6804575320088944;0,8519378
820015;5,04791054372423;1,5372164
775;1,187104273924998;1,1104385
135285;6,305057627368759;3,8717158
682254;1,1345991737392929;1,3025813
932183;1,1269279685010831;1,9954704
635093;5,199982390690987;4,361723
355416;0,0;1,127647
760817;4,142865127020989;2,647498
906973;0,0;0,082119584
540840;4,147899695009065;1,8840476
238468;2,504283892396778;3,7303965
462460;0,0;2,8028262
976895;5,496677930667028;5,5265923
758920;4,444723174345159;2,6609955
648888;3,2621456163204314;3,2956123
137078;0,0;0,22409868
393794;0,401705585679307;1,1610038
615446;0,6695827390740563;1,5900722
969588;0,0;-0,14461422
951875;0,269382293987545;3,1749384
122403;0,0;0,14324975
995428;0,0196764306688124;1,2322029
202970;0,0;1,5876057
636420;0,0;2,3391714
540075;1,931674351600815;1,2797191
777218;0,2331541391298373;1,2144971
404276;2,6137744656265025;1,7856436
961904;2,7122880243957006;3,3357837
122543;2,081312324741212;0,41525376
478022;0,0;0,53362924
646131;0,0;1,1625679
386060;2,109933083291125;0,9756278
987359;2,12258948820642;2,7797225
633135;0,0;0,21856117
128434;3,2506697364398764;3,35638
239746;0,0;0,4793579
887276;0,0;0,24931818
277679;1,9744029026589525;2,0143447
786024;0,0;0,94991076
421780;3,649264496462104;1,1794133
20577;0,0;0,6187581
970276;1,3860588581446205;1,1094346
944188;1,7976375628663026;1,759542
395970;3,2986448934168573;1,2827169
307408;0,0;0,20799339
333059;2,0330165284346475;1,8460163
936259;0,0;1,2574265
505922;0,393074904803602;0,5994886
311258;1,3452777759645436;0,5457863
114231;1,8048898558536584;2,4795902
8508;2,134770843813257;2,5791721
395301;1,45939448499029;1,8434794
628510;3,4131093531893493;4,5646944
496555;0,0;0,5147112
934296;0,1450300932987165;0,32588416
188209;5,127903681005984;3,0918868
531129;3,588390320058028;2,855786
737968;1,1037912655589406;1,816933
526179;1,964702826618388;2,6977532
811706;4,081881383792187;2,595015
691116;3,5110990401983275;3,681705
308079;6,179124364835056;3,448108
689215;2,716050671058202;2,4470148
983593;3,3638645464378354;3,1453795
179986;0,1739841322009867;0,58868206
329052;1,1194783376339468;1,200471
182822;0,4895720645941844;0,42492056
395326;2,041713145425195;1,7065208
633982;0,966094572017082;1,1137203
301931;5,050675098626547;2,3575141
45923;0,0874382478237499;1,3446405
677856;4,081988429243119;2,734018
312781;4,153195694512164;2,4320195
116761;0,1155167502655104;0,38554174
994818;1,1579210268519602;2,1531334
916690;3,410164932033481;2,9758496
426466;1,994723409778048;2,5980601
359127;5,836265202743883;4,5292645
249740;1,5874073232928754;1,8369228
183984;0,0;0,7124035
911596;1,9722662490033007;0,9600381
263628;0,6557439496367625;1,7362025
522983;0,0;0,23821735
63374;1,674380139717833;1,585503
969624;0,7622680464316215;1,6532083
850297;2,0925024237419505;2,0267951
847971;0,0;0,35197747
842451;5,025567218117904;3,4522293
421823;0,4107800052199093;0,6170409
214454;4,131029655747205;3,3324153
759111;3,71867627568916;3,5823286
785146;0,4539342543275728;1,1312802
169288;3,9367351429769526;3,8200068
447478;2,110433441379827;3,2226713
799873;0,0863699622128684;0,37670124
730856;2,80573056975606;3,1801038
721587;0,2065034042719998;1,0608169
289765;4,11561039538817;1,989683
341628;2,9981341704159603;2,7605262
168711;0,4080730651251563;0,03060782
917973;2,291965011307316;1,4420433
235968;7,331121412484111;4,0314684
355519;1,0581085570769155;0,2676674
325285;3,311883969479984;2,3670692
126027;0,0;0,12626928
450196;1,1726793904582111;2,041291
797227;4,388177366399215;3,576163
26205;2,89643280815461;2,391091
166845;2,1062896684797243;3,5212903
662086;0,0;0,19573128
417112;0,3149002975241217;2,2878485
917837;6,287191697937757;5,8424416
428149;0,02048378463443;0,5972565
986625;0,0;0,8422062
673387;0,0;0,41418275
893549;5,066037623889283;2,4265144
748151;0,0;1,4738934
940237;2,815456178604031;2,117878
80233;0,0;1,3177406
953372;1,082533507739011;2,0032625
469027;3,640719235822642;1,7546425
733489;0,3563759311192642;3,4624722
590858;0,0;0,2676981
814802;1,0573627698857715;2,3625567
520871;0,0;0,7946424
363249;1,9084295534569529;2,3732705
420077;2,4252887743420977;2,6540408
400494;0,0;0,23660731
897387;0,0;0,3352079
559859;2,032561021138699;0,67829126
393312;0,0;1,8766501
843386;2,1468610551459992;0,460953
721075;0,0;0,90777886
988012;2,0720138329713103;1,2109685
465466;0,0;2,0653787
839409;0,0828300952242591;0,47829497
609188;1,966374947743948;1,9760525
981654;2,89704850962771;0,944716
751339;0,0;-0,16369724
15364;3,259425527151309;2,9467685
518680;4,077973926107197;1,7598946
752410;1,1129492423891427;1,7159051
796622;0,9293233087178708;0,8952286
302993;2,819261114832285;3,0064437
541282;1,7684071681037272;1,3616161
866220;1,9447370682999623;2,1317043
549875;3,00569218704169;1,7865784
932698;5,596863738935365;3,9559634
617691;0,8827084652500622;1,4611952
495777;0,6479136504363174;1,1011004
548427;2,580696762092181;0,9191141
844426;0,0;0,6118333
862257;2,0792222067845474;1,461644
887150;0,0;0,7189785
795977;5,9698020934284575;5,66726
506018;0,0;0,032857656
769802;1,7917683821830923;0,46779287
315711;2,506267958434246;1,8714457
895540;0,0;0,20764852
144320;0,0;0,18547481
858797;0,4775791140658576;0,33796424
85072;5,230217928032904;2,0591211
899749;2,451734946546745;2,269524
713998;1,039444873559007;2,5244567
305535;7,046389713219731;5,3643265
845491;0,1806366320451928;3,036562
570696;0,0;0,46018553
949091;2,175281239959236;2,139596
370210;1,3189914123491038;1,0674231
921896;0,9062066181098948;3,457713
809825;0,0;0,13132
949642;0,0;0,95696664
510913;3,3054447946469274;3,8727381
629492;0,0;0,90636855
392747;0,0;0,5570718
598357;3,846458025924514;2,3053074
175367;0,0;-0,005853772
559897;2,505071859106682;1,5960082
118096;0,8127122136041034;1,226604
844421;3,379085544897196;3,4732625
85768;0,0741676460187156;1,147326
137722;3,46079997360136;2,2517166
320275;0,0;0,45088634
930519;2,9166999047088584;1,0778888
823402;0,7279777214979737;1,1467822
719907;0,949127514242454;0,579356
394750;3,114381152228769;3,22247
135142;3,0004632447407604;2,5147681
332214;0,0;0,923499
936063;0,0858055357673279;2,2304575
853327;1,985461809896112;1,9866836
41542;1,154597141681673;1,8014493
536819;1,5961522113283966;1,1485097
419523;3,566390227411812;4,3848724
177795;4,493441871228264;4,195224
636760;3,648133085240945;1,3031287
705728;0,0;2,142705
135747;4,462725327271916;3,6095831
214179;0,8268616982681941;1,0100985
527664;3,4131764466276544;1,8128967
369806;2,3989449934391027;1,2234315
214359;1,6939051043670763;2,0555556
409735;2,242067881567304;3,476023
692569;6,202418288214394;4,250086
956802;0,893659431101885;3,0774758
732834;0,6221938609259092;0,13954818
886139;0,0;0,33059442
83948;0,0;0,8097704
582049;3,2899324115663946;2,3472643
963631;0,0;0,8387791
305302;0,6029928157063956;1,3994527
438697;0,0;2,8919623
161378;1,4010008039398036;0,92309576
369138;4,418267042071383;3,4299042
23140;0,0;0,30477816
694554;3,015924288571457;1,8381784
237883;3,311786602941777;2,6315556
27882;0,0;0,07424986
30352;0,0;0,39043093
271349;1,6438325146167885;1,6092302
396014;3,0840877256538617;0,9345577
494142;0,0;0,66861594
676071;1,757221591398117;1,6848772
528707;1,7295713564484825;1,6990232
300940;1,530191365198812;0,6257209
655992;0,0;0,33465707
838945;1,338790754573146;0,30763024
841235;1,415498554010208;2,4486918
276492;3,9848571568427897;3,7417743
51775;3,5081566036166087;2,10491
375357;0,1606013398046175;2,3567977
800257;3,9665203231531145;3,7768652
803100;2,3331478656272986;2,2279096
150389;0,8392092375199136;1,2483356
896875;3,230225852375717;1,6739292
795525;2,0232073593021025;3,957321
244238;1,0115810971509434;0,5532648
794704;1,0504401860833228;0,92079484
268163;2,505156258487608;1,3067379
918399;0,3031292272177783;0,38286918
729459;0,0;1,1723824
303607;3,4416496734163693;1,7479092
693389;0,0;0,3402191
988397;3,970816443247696;2,837227
14263;0,0;0,2745365
217020;2,991852751063398;1,9569123
535725;2,021515032321278;2,7179325
533353;4,49892721817037;3,989736
166298;2,955278191012564;3,561958
891501;0,5749709675837171;2,7795162
498154;0,0;1,8223782
292574;0,0;1,1759106
195751;1,4748654150862512;0,47226095
643399;0,9573044400983108;1,4932435
56177;0,0;1,796636
475713;0,724340464069641;1,0839548
733509;0,3642221987315816;0,30818704
635982;4,274218184400469;1,1029617
904717;1,5258168670750627;3,7683308
771525;2,2987136168543323;3,4025924
775714;4,931053390978558;4,497587
568817;0,122940887324499;0,7598397
382370;2,425532178852783;3,3751926
119682;0,0;0,3504629
713540;1,4278769030935683;1,9649997
377470;2,673734972988948;2,217227
648734;0,0463504943365639;1,4289945
482957;0,0;0,4078254
671567;3,1055908805029486;3,8630264
246436;0,8595928614794335;1,4188553
938510;1,1749330669403106;2,9498506
959915;4,122360872862624;3,88575
615618;4,424236742003669;2,0401928
789227;0,0;0,1068629
631310;4,014124105065699;3,5178025
717897;3,462069075023744;2,1057804
996898;1,973812815236668;2,3039107
813996;0,9118567686805384;1,3248659
175686;0,7220862842825583;0,9171044
242266;0,0938687384310931;0,47116014
370296;3,427974644507608;2,6037836
314221;0,0;0,5562032
756810;1,7601433022808788;0,24249983
155252;2,194571606753732;2,7341082
199209;2,428773681106959;1,1923114
725158;0,8702488327373041;1,1382066
79815;1,932380496123303;4,671913
662724;3,0310694972072127;1,5045127
188609;4,141221383015127;3,1477468
114491;2,308308480809643;1,4527419
505585;4,556069153152015;3,638111
753787;0,0;0,62881714
676424;1,302853624597786;1,6899315
420231;3,2382602198383803;2,019175
8344;3,234337111162054;2,1016307
295319;0,0;0,39657858
44816;0,0;0,6800878
435701;1,349726754094387;3,270727
934080;0,0;1,1907554
353863;2,4505582859189845;2,3611438
281957;1,0104885666325354;1,4438589
641164;1,839908638289419;2,5540743
817542;2,192884870651046;2,1414402
731894;0,0;0,97627264
998605;3,023423560378529;1,6746181
832217;2,0045018127652083;0,93618155
196088;0,387667369526518;2,3337462
517938;0,0;0,30804121
595710;6,460128465395814;3,6692
11553;0,0;0,8096694
188620;1,4497217985204252;1,473281
601965;2,083133428734117;0,96573603
504507;0,0;0,41465378
455181;0,8182540402726481;2,0968595
274717;1,6429876829975123;0,86264527
69267;0,4605323644341042;1,0402491
244181;4,952601140125778;4,5347033
25732;0,0;0,4868397
209638;6,4412968070352665;5,280264
839455;1,236394795012451;1,2110952
173400;4,119897657001284;4,116151
191480;2,7615988939403846;2,4193418
230957;0,7377187101413996;0,7251294
591566;1,891365471805717;0,39917636
842008;2,379862533954761;0,35746378
219263;2,0684672271092173;1,8696891
88768;0,2999782611072289;0,8604241
909679;0,4578692646662312;1,3207189
939546;6,838306762078479;4,3249226
220917;0,0;1,375534
346779;0,0;0,0125261545
47302;0,0808185851141085;0,36360505
100252;0,0;1,0928372
402719;6,431902005284511;5,588807
885060;3,5717134024211674;2,4187753
318137;1,044629890132771;0,43732828
983447;0,0;1,2820141
502304;1,8899896305850548;2,3106933
178854;3,582219047529581;2,085061
35509;3,438263690349879;2,5580022
872269;0,0;0,3218181
190802;3,017175056944267;2,1330647
791556;0,0;0,3724083
91445;3,297309694383716;1,5826379
31976;2,963214953505152;3,884596
451214;0,0;0,57217485
465487;0,0;0,6011044
602776;4,983373704428409;4,483801
655928;2,810196429114195;2,7132185
658514;0,583264014458446;0,45489988
820150;0,0;0,15674949
606137;2,81511142551224;0,790438
748153;3,4345974175590746;2,0007215
943055;2,6854861362984286;4,371464
999394;0,0;0,11392254
419418;0,0;0,100995004
965694;2,165777257698163;0,82373685
793252;1,520788199779891;0,6826842
605825;0,0;0,53996336
79469;3,770793115434033;2,1148624
72131;0,9511704911964036;0,87685245
266212;3,135515487349923;2,4710665
18213;1,4784964569735073;1,482247
49561;1,234099669708447;2,0391324
659052;2,8472099255103647;1,0194259
374183;2,974522112239695;2,3275754
511668;2,115215995165248;2,2036233
77267;2,17064545713584;2,1662939
298890;2,6397331102648924;2,8334026
117410;0,0;0,14901417
879894;3,3659640035825165;2,579861
628616;0,0;0,115366936
943088;0,1840173534735774;0,9317934
750615;2,126708535529604;1,216288
757805;0,0;0,4288807
4297;1,097365641574307;1,1035633
595932;7,336695003867447;3,7530339
685960;0,5663405674274538;1,1351928
949415;0,8245078295904449;1,2148587
967790;0,0302155172879008;2,2710795
437875;0,0;0,80786926
332119;0,0;1,489399
300102;0,0;0,35147518
227441;0,0418508295035994;0,611524
880351;2,676771710703012;1,6892339
409236;1,942608196511337;1,041757
831138;0,8501828421687488;1,971661
382986;0,0;0,41778418
985009;0,0;0,6241669
546053;0,0;0,01681912
447834;0,0;0,33468515
268693;1,2359446163583796;0,9853921
139874;0,0;2,0963078
130662;1,853981909471862;1,9189562
250391;0,0;1,3978662
219899;6,278311516478436;5,686202
207503;0,4574014850436569;1,4573022
258535;0,976016835840827;0,38977244
164909;4,79877782429154;2,9812622
783418;2,381804976716174;2,0521197
224713;3,7152001555600127;4,329999
126136;2,084508846933523;1,6640315
598605;5,198532207740599;3,6704032
157181;0,2600179407644695;1,5565441
492662;2,2222116382016663;1,7358904
466070;0,6456508335080322;1,2993371
359170;0,7739698563081353;3,217735
632226;6,725512468956573;6,309869
11478;4,268884073788877;2,1367404
992226;3,436460468955275;2,921374
242720;1,40416645080994;1,0699254
329481;0,0;0,30455983
569029;1,4201114601488891;1,7569956
324587;0,0;1,7897542
875035;1,1076729972126669;0,88607097
454193;0,0;-0,065416455
190552;0,8531827834457615;1,204087
655398;1,974093199865325;2,4686708
918233;3,9720176469871578;2,335695
33949;1,5950933928530215;3,9820137
829632;1,6631446946881585;0,31994116
285701;4,17341112968687;2,983643
427074;1,950891430401775;0,7747617
102937;1,116667671225709;1,7205129
747143;0,0;0,8170188
837751;0,1602939207531466;1,0042899
171794;0,0;0,5610275
168882;3,7555153330058975;4,3716097
387070;0,0;0,5829
684322;4,537038580913178;1,9318032
195038;4,503547268458125;1,4141493
936189;2,541885160454223;1,9481351
641807;3,8166161246144186;2,6485658
319637;0,0;1,0121493
196855;4,082728193562669;2,6255913
752883;1,583514617435015;3,1717765
536247;3,271325314831772;1,2672309
944651;4,562940826046245;3,368096
661350;4,537284399766864;3,6752083
838803;2,115440024555818;1,3779471
76362;0,0;0,3585633
539014;1,423412766154007;3,0213835
458422;0,9069471869604206;2,8610654
63487;3,347529525055717;1,6095942
499453;4,950523229529881;3,524899
161919;0,0;1,9560988
749058;3,1381157774079407;2,2876763
111174;1,2263169748417375;1,0613866
657692;4,458837628066062;3,190019
408480;1,6475089403244976;0,52549744
102683;3,919403803367108;2,2369099
419521;0,0;0,89842796
355861;0,0;0,4669724
868661;0,0;0,7373285
185027;3,983476672384787;2,5215101
216234;2,5564511659495643;3,0521545
520394;0,0;0,7670099
26300;3,0694052986874976;1,8361253
865079;0,0;0,013254881
778438;2,3908496725423465;1,2041618
315817;2,753808431338008;1,9373076
487749;0,0;0,2812538
780293;0,7413137538548279;1,0030808
979630;1,376636038043944;1,6892842
972677;0,2759338449988329;1,8841088
118214;0,2595324949900575;0,2882043
741769;2,2460718426097803;3,3233168
740767;0,0;-0,042901695
441836;2,8316455786797428;3,2861075
807406;3,932883717637881;4,491596
941386;1,4004280332849628;2,397426
461534;3,106062283429128;1,5082214
718947;2,5489701873270816;0,6907051
595889;3,413297399244282;2,137731
53995;3,548664289455008;4,69656
681634;2,381924102070582;2,2042942
132705;2,369875256918538;2,1690612
119209;2,082242226460816;1,1929336
57139;3,5431893245606463;2,296987
488946;2,161148395697788;1,6513554
975108;1,00761043096531;1,5142968
407171;1,825158072068256;1,4225554
933010;0,1656526734914902;0,24243414
407402;0,0;0,28525943
11681;0,6841584911766982;0,8498112
284879;0,0;0,25118822
607004;1,3631748895012517;1,1819409
276703;3,59516949728876;1,7147887
279231;0,0;1,099983
805978;4,84218822556827;3,8516302
541609;0,8074162898787187;1,5665913
794798;4,771406542734905;0,9509196
718519;4,68889925513989;2,9922655
739852;3,068876956408163;1,5276434
700331;1,8975169169553392;1,4730535
298851;3,787090630788604;3,532722
621113;0,0;0,41946232
212009;2,3693877003398445;3,4423742
232200;0,0;0,29543158
588195;4,512518397730246;4,77776
655155;3,22457161987547;1,8630052
14809;0,0;2,1494865
623905;2,877830935527765;2,2785046
450574;3,7193443309202734;2,8187993
850345;0,0;0,40803802
79990;3,855584038087476;2,6814482
199179;0,2559993580861652;1,1648841
20363;0,0;1,3485894
405286;0,0;0,33948702
507702;2,5328274597726668;0,64572453
836053;2,3458240726790383;3,6819723
102075;0,5565003851880482;0,42875558
224006;1,9088020123552705;2,5276895
474522;0,98638680785794;2,508147
523244;2,640739162915323;1,9101859
550657;0,0;0,37259945
311914;4,119324367569077;2,2284162
188611;1,5041920056649116;0,9367127
43980;3,4298204166271606;2,3535225
886414;1,0480497662761985;2,2575786
195359;0,0;1,5197172
532275;0,7318548272125573;1,2565553
960287;1,2560863054274354;1,4259098
994226;4,746263895215373;3,004863
545385;3,4524614897434662;2,722603
627844;0,0866123723342905;0,41770867
459261;0,0;1,8934767
435718;0,6755473052427443;0,4838901
42884;1,062854685324356;1,2778878
417682;2,2391895793817875;2,3321614
262074;1,795615310902349;2,0737855
187537;2,019500926538711;1,2771633
689841;2,4207390990493654;2,1904979
954034;0,5113123701660698;2,2158124
733447;1,2111237721176402;1,8627837
501557;2,347017670671638;2,7845576
687877;0,0;0,8050483
818836;0,0;0,5572711
733567;0,0;0,3696215
937838;3,1228607580213024;2,2153525
990040;5,9017209329608935;3,7992725
940462;3,535419670434909;2,0610504
42366;1,6571988618423867;1,2873693
539432;0,0;0,20841777
222581;1,520493551005602;3,683882
118844;0,0;1,1013584
586047;2,9755744079112487;1,5876093
421103;0,6053721221365103;0,3412478
263251;0,0;0,029245555
866109;2,103240725896669;0,80134416
643372;0,3817185792894849;1,0472475
127780;0,0868469434643813;1,4297954
949533;3,4163593493504365;4,111321
275063;4,341433952044044;3,6039581
949307;1,1878886582754735;0,3866662
70810;0,0816872324724293;0,25504816
826685;2,10819057977142;0,91957545
666294;0,0;0,33986267
403839;5,422322623663417;2,870928
130608;1,2122722291289447;1,2349675
879779;1,3350559649073968;1,1134748
905073;0,6231276820644478;0,72863936
342169;2,2936564917225235;1,8010863
215344;7,482687666821508;5,1207952
341111;2,795277732432953;2,1781483
1846;0,0;0,4057017
191074;3,952324066982277;1,9303079
327760;0,0;1,1403568
618598;3,634066169790076;3,7976944
915801;0,0;1,251606
934114;0,3826960033182311;2,559291
316804;0,0481000794118906;0,72352993
724595;3,408443248042817;2,1115673
459874;4,705094448600125;4,1853867
324662;0,0;0,88502586
862212;1,4556409168368092;3,7182324
433008;4,13376838889534;4,321702
650219;2,921909942339258;0,5017944
25050;3,5074192875188235;2,5621848
585301;1,973397575675602;2,0918114
311504;0,0;1,7910142
262556;3,544267327205892;2,6978486
834006;2,045074483019694;2,4049897
947205;0,0;-0,013940811
309649;0,0;0,57131016
582919;0,0;0,6619853
153607;3,6749278162080654;2,8165529
281009;2,538046489480967;2,2630842
213261;2,0859347482820656;2,3960238
377641;2,9210576952384084;4,8450327
516478;0,0;0,34327298
98901;5,183634829461679;5,214137
421893;0,0;1,1510632
560441;1,811054380383836;0,7961284
24904;1,7018705038047075;2,109607
631965;0,9248936905278814;0,8268592
835780;0,0;0,8117368
486424;0,6552470989537515;2,2309089
412064;3,101574552874369;3,4343703
146512;0,9362042449493178;0,21726751
696301;0,0;0,021670103
523550;1,4281481623930845;1,1495538
779940;0,0;0,38509136
254131;2,795222378161672;1,3805466
386926;3,680179831319113;2,2257676
471387;3,992283736900101;2,5778098
234827;0,3696407859978373;1,3727136
891582;0,5455728975009291;0,87424743
346859;0,0;1,3624842
678102;2,4781855319242214;2,8847134
30225;0,089227396583938;0,66349113
373142;6,573831996940032;3,6656163
330708;4,848173172533062;4,5371294
90421;0,4936778133406451;1,061144
340853;0,0;0,45240408
16321;0,4602009757087943;0,18941009
177770;3,214658149631078;3,6468313
807394;2,1741086239359446;2,232992
740117;0,7867826131769537;1,8729081
299707;0,0;1,6062832
215033;3,19423415056453;3,4130905
14542;5,549114358167764;2,6518822
367173;1,8026765792224704;2,247798
651357;2,3828970919929326;1,5986798
921416;2,525937011443708;2,567902
886797;2,209820623311846;1,8086922
425482;0,0;0,13483614
81499;6,508123431905645;5,113142
662695;0,6168071861018478;1,0265085
322927;1,3146646731014495;1,5942503
203679;5,601518793632629;3,7774575
908413;1,1326564349965398;1,7446485
761958;3,293864277981963;2,6342359
338199;2,3259973318549982;2,3234253
189587;3,3894405497676114;2,956299
875219;1,5083203506578995;1,5435867
504405;0,0;2,1918154
688654;6,361215474783707;3,4271934
725916;1,036185780949637;1,889319
43273;0,362515556506069;0,17712814
302003;1,686099980856248;2,0499647
377201;0,7714469073360584;2,236938
675933;0,7697478776760789;1,6355152
275413;1,1172087089200766;2,089366
35744;3,144773432899876;3,1355317
713674;0,0662725219439317;0,85790265
370677;1,0581249239703316;1,1761261
93180;1,9139197737031028;1,6827623
63022;3,096029049346885;2,580554
261781;1,737380766758977;2,0590692
679482;2,457378800114642;1,4252934
307992;2,1407791007070083;2,0176842
720721;1,1729612098216615;1,475749
631834;2,9045797136987512;3,1502664
746393;1,6115960533305222;1,9842849
215539;0,2430213231060292;0,38148567
609665;0,4130416136991888;0,91788566
446269;2,270639356464046;1,9560721
379786;0,0;-0,028019786
32632;1,6233588674597168;0,30427322
60060;3,1815535471079213;1,5391189
140026;0,0;0,43357033
231029;0,0;1,314971
406578;1,9109815058106816;3,009215
140232;0,9876998823133556;0,9649705
781430;4,636422550766342;3,2131817
80684;0,5724118275598699;2,6050959
724217;0,0;0,5875838
477615;0,3533804675446408;1,6092374
325544;2,619321615301884;3,745753
249934;0,0;0,41524076
759893;0,0;1,0750866
294107;0,0;1,1010234
549315;4,18310338237582;3,0694196
259844;1,895629851687021;1,3816001
89955;1,0317859261933644;0,55507445
74774;3,6942374750161777;3,516764
433843;0,9188508524300828;1,3033586
938291;0,0;0,0071736574
857316;1,380390578079069;4,031605
294707;5,656535307802667;3,3923476
969467;2,4088529854898475;2,7847955
970296;0,6233609811973309;0,36180687
540971;2,7881299881334844;2,5805802
295784;1,293872223895245;1,084913
987988;4,816837894095976;5,1662006
386285;1,7206028293388582;1,8834639
270113;3,694228746713719;3,528684
576146;0,0;0,110581875
648712;1,8345300286923327;2,0952425
780590;2,029824232073826;0,41496956
811137;5,431027128114028;2,9382854
151873;3,5145754658316126;3,4528363
892498;2,766239559631196;1,9965123
599104;1,3018142030421074;2,0507436
743334;3,733003146226728;2,3877969
683483;0,0;0,7245001
571936;4,2725461321859415;3,7782912
554168;2,663407916149434;4,508479
263074;0,6008149618665718;0,5543374
167327;0,0;0,4691252
670840;3,603319649389962;3,3942158
771523;0,0;0,3520996
670526;0,0;0,09868401
983331;0,0;1,3552973
106968;4,305228908384999;3,664766
539924;4,845398089522423;5,3654327
178318;3,584313697141848;2,9920943
880830;0,0;0,37030995
542488;0,0;1,259234
165804;3,037785914428787;1,6460748
156186;2,958342629357789;2,7193193
213164;2,6183084711530564;1,6818357
75920;0,6560465079784898;2,779656
561269;2,17845108353777;1,5048413
882172;0,6064357426252701;2,10813
574559;0,9651547676643676;0,5723468
800005;3,300348145196117;2,202988
217982;2,120293292321969;3,0600655
945137;0,0;0,3598104
111593;1,6077599961770974;3,2052996
93822;1,2700240036915575;2,4037628
753315;3,530183792772917;2,0409522
424838;1,065447115053365;2,3735876
794930;0,0;0,50712633
824730;1,060819522758323;0,35229087
988443;0,0;0,0040848255
458218;1,7881466702878823;2,9989874
697162;3,3087638667439445;1,4396707
43241;0,0;0,77176887
233385;0,0140574632835286;3,1523883
738179;1,4279650045076735;2,4310446
148842;1,308211535547296;2,277142
113963;3,1515675704397035;4,4423847
481267;2,2895823336311585;1,5788385
130748;0,0;0,1123544
384321;3,8770088570532177;1,2494911
206450;0,2461735381524964;0,93376756
886574;0,0;0,7867498
352224;0,0;0,12446225
533068;0,6854465345107106;0,3670461
327236;2,973552428487661;3,54092
242780;3,184264972978518;1,5721376
458697;1,1706596731035297;0,8828356
987576;1,1679788605418613;1,350695
293490;0,0;0,2765658
452877;0,0;1,8460475
477283;0,0;0,2601058
639409;2,624812481002847;2,5123894
728919;2,3082321698222814;2,7813785
615189;1,1772802418029278;0,9135782
353282;0,1813229929477418;1,0375534
533018;0,7646467022461969;1,7732471
618;2,3190759533163687;2,235386
796455;3,731022258471229;3,0966802
771459;2,0052067345337115;2,6905086
693780;0,0;0,29210347
320631;3,0994570139092783;3,1791217
116658;2,139768928694698;3,6350963
177849;0,0;0,33006278
44148;3,659401282036462;2,2511487
990886;0,0;0,5416785
349488;1,4575501656800895;2,6544955
672337;0,1340255885788409;0,7391625
646077;1,3050325392995596;0,90368986
697453;2,388079846575094;1,8966919
636787;3,425532065092132;1,7905498
547885;0,0;0,25595307
357370;0,0;0,31144506
201434;0,4063884114870879;2,655373
563212;0,0;0,4970366
407254;3,363532837303543;0,72349703
216478;2,932878873345816;0,7324132
924150;3,120561316167566;3,6169999
553643;4,154356839603725;2,541717
255568;0,0;1,1077867
426492;0,5827318358739454;0,6022296
356562;3,3851457799092897;1,3787009
139764;0,9810022114052956;2,3824308
827525;0,0;1,8551805
802079;0,0;0,6634778
298648;4,616508121651198;3,3096735
138807;5,0078180215056864;2,3404024
356800;2,509365036900904;1,2710625
751086;2,766175137550785;2,1948342
492138;0,0;0,3133775
973023;0,0;0,6654199
159090;4,131885353193976;1,9507277
474552;1,7659239101655315;0,4769994
816047;0,0;0,31644297
329232;2,985232862538964;1,1637175
993084;2,013875946743317;1,5500891
303551;0,0;0,99718064
385984;0,3753280195175428;0,22923714
749429;1,0463429115781386;0,92991334
404679;0,0;0,085008025
864998;0,0;0,5115068
825581;0,5378726918501289;1,1805043
701111;5,023703134964097;3,541491
283201;0,0;1,467613
187438;1,3801859647153445;0,80278426
876927;0,0;2,222084
145628;0,2823537289595985;0,30337113
165928;0,0;0,45973974
534192;0,3188191036319932;0,44304162
36158;1,3806329943272142;1,2241156
880402;0,9970886698849885;2,163463
126105;0,9282626746969004;1,1982877
881200;4,48389079656242;3,6434195
567144;3,119600678223204;3,3894188
437728;0,0;0,44079745
421798;2,604955207407593;1,8213484
988629;1,903471129569521;1,2521136
31186;1,0351971559806166;2,3951247
902107;0,9650992223747814;1,4205232
866000;4,328322786415651;3,4512622
735158;0,0;0,16780078
564040;1,610029901835413;1,055095
961335;2,3007879139550527;2,1538277
97607;0,1425282581981934;0,24655151
640846;1,2032251934234053;1,2567543
666547;0,3346736085043227;0,12731862
182980;3,0786758624124944;2,0088758
651205;3,433985175764112;3,1464782
29366;2,509078384723272;3,6004736
745501;0,7791550040321291;2,6717296
53014;0,0;2,0948806
541760;0,0;0,86539936
495380;3,170510355461796;2,395997
853859;1,397338951478963;1,2435887
775917;0,0;0,30517402
250033;0,2240388340064973;0,9941063
285994;2,220072821577663;1,6757283
485875;0,0;0,36910802
5441;2,791979637988537;2,174299
44073;0,0;0,90554816
148887;2,5869947816680754;2,1459193
210040;1,4749084457728905;2,540275
915268;0,9466095174360716;0,8931433
806534;2,979687412799043;3,3266575
397615;0,5342417094619749;2,0082355
703972;3,783462312703776;2,0704134
188685;2,5937755240963254;0,82521546
28126;4,976370292585719;2,6776028
952943;1,9992767211131133;3,3327203
891554;1,6097001768898749;3,0139658
321027;0,9467791196112606;0,6308411
986810;0,0;1,1914504
590446;3,1099039315872394;2,861369
136008;3,1954482813490124;2,433414
312097;2,6247070175318865;1,6916195
111814;4,883220392426278;3,9214027
591247;0,0;0,23199755
662930;0,0;1,58787
653995;0,0;0,7012081
522507;3,6881202985205785;1,8928415
216157;6,120084069650999;4,426524
316943;0,0;0,6453115
230779;3,411514342454168;2,3719487
969273;1,8507071768893848;1,442475
1747;3,4925440654007804;2,5014617
357011;0,6907676384419401;0,9590693
360862;2,384379962326596;2,107995
228140;3,0433439269905604;3,6576676
768816;3,0724326624265417;3,531514
7036;3,98268333479525;1,3181189
878634;1,1153435894114807;2,448722
119338;1,0189988172593492;0,17036921
118613;0,0;0,28276825
182885;0,0;1,475618
881592;2,8386369864367893;2,5715306
973947;3,328279997354016;3,913799
297049;2,521917821803907;1,5821114
112648;0,0;0,42872798
619617;0,0;0,17059231
664310;2,1811023945272745;2,1419363
356629;2,538804319106059;3,5527246
689609;2,721761637791468;3,5289705
829240;0,3860248099405594;1,5737371
904257;0,0;1,7752255
633126;3,598631768773463;1,6925876
925768;0,0;1,3598897
968000;1,1574497045537429;1,2240927
912829;0,0;1,302172
275614;2,687042749682627;2,2224894
504790;0,0;0,29644397
958664;6,179856622904999;4,0526066
31049;2,000977963814772;1,3689029
580451;1,749014212117064;1,780387
386906;3,51716337556984;1,4346992
991256;4,864482189100954;4,3323016
312877;2,732609222470788;4,0717077
11160;4,287962254465176;2,232438
37720;1,684654273551046;3,4517338
149461;2,0733647367170978;3,643194
328940;1,857894064792125;2,419693
178472;0,0;0,38485825
678263;1,731141798923841;2,0353384
670393;2,653437054909284;2,6440983
77766;0,0;0,48871738
997020;0,0;0,5889001
983873;4,080132890122027;2,8478553
775793;0,0;1,4159758
17483;1,0414230310808803;0,5247867
982901;0,0;0,6489426
99775;1,6950360305723586;1,3670237
27352;3,4605641584067417;2,7126293
382686;0,0372806296693147;1,1256883
465238;3,808477993371542;5,0307007
479470;4,364525809936371;2,8939502
94252;2,753348046993887;2,135178
78317;3,324725874593901;4,625724
570347;2,348549597877962;2,2579854
74186;1,141617174512079;1,4517767
876658;0,5174241061694776;2,1628466
417989;1,3992800773996388;1,1640956
451803;2,217201712875256;2,457416
966402;0,0;0,116995215
713472;1,506203628327445;1,1142612
620291;2,917333745573498;2,9338033
113570;0,0;0,43659708
748441;0,0;0,3969213
689902;0,5867279968268029;2,9944365
734574;0,0;0,9848684
28864;0,0;0,7750299
460153;4,038599046317042;2,6268952
765275;0,0;0,80462986
775948;7,313637159114293;4,436534
919599;0,0;1,0625055
852431;0,0;0,70575356
745291;1,5169901765103355;1,2943993
41069;5,645002210282605;4,013214
924843;3,073977031892285;1,4930735
633240;0,0;1,0615337
617096;0,2802287311510045;2,3909454
848047;1,3883423595371214;0,8253392
680883;0,0338310439436921;0,9538608
70620;1,1800194937401565;0,80248636
803445;0,6227965412504959;0,9228934
682701;0,0;1,190524
589718;0,2378415535248379;2,5742388
182593;4,506390995002676;1,6124271
816783;1,614540884281901;1,9066691
556034;1,6970177511927025;1,4810661
911861;2,007626929574536;0,3035506
892273;1,5656379196742138;3,985287
457221;0,3975073563160134;0,6661205
140984;1,3799995496845212;2,2276645
856064;1,030847574425716;0,43774712
251527;0,6554128732949259;1,6523385
282025;0,0;0,5853591
861473;3,214608849000553;3,2319076
675181;1,3756886921060787;0,7093436
728158;2,6100389354741256;1,6969712
538699;0,0;0,6622039
720087;1,0521513286510416;1,8445593
742182;0,0;0,27550828
163481;1,469624383454382;1,0189731
368689;0,0;0,38558722
111907;0,0;0,24445695
807703;4,129787642959817;3,2550676
262981;0,0;0,7447138
231182;4,604589961175863;3,1669238
723652;2,795533068188108;2,47579
433950;0,0;1,0339184
583514;3,268904844038554;1,9186785
658591;0,995924367790204;0,8564473
763308;3,071349149387625;2,4869976
989726;0,0;0,5374158
857199;3,984390708761044;2,868216
582565;0,0;0,37447816
431358;0,0;0,39252955
333006;3,3635952890021845;3,2243283
189113;0,0;1,2496386
194586;2,1947298950544853;1,6110575
954705;2,07434674745206;1,3163142
28487;0,5054876244434094;1,3806093
678062;0,1852297762875403;1,4892273
880057;2,361993952585592;0,7680002
472393;0,645562637709922;0,99107206
752426;0,0;0,4652332
803455;4,403065502422697;3,9472404
704629;0,1192072147365859;0,8790262
735052;5,003320351350542;2,5881138
314982;2,4597787240973146;3,2220752
164475;3,212088689456814;2,2460146
803772;1,057382011177885;1,1675336
135056;3,0505186417716272;2,3143263
557485;0,0475826886661564;0,9074849
367824;0,0;0,086036086
495047;3,12863096455494;1,7768104
407108;2,4545711935075447;0,8327517
988157;0,0;0,71004623
730190;0,9469187270339818;0,8362624
966426;0,5892205442696464;2,0066414
97952;1,4217964961677427;1,0887917
83680;0,0738795965114254;0,43288383
625052;4,550410523344015;3,925693
322147;0,3201662913234401;0,7586777
815642;2,414573636479957;1,0654709
96066;2,296980716153087;2,1787224
351924;0,7008394933495479;1,0423169
119838;0,0;0,67271376
732602;1,7536812302263711;2,6725755
514898;4,6296230558643625;4,1329803
394718;0,2313616047019795;1,3404367
901075;0,0;1,0152785
291401;2,5543141462076004;3,4395192
452465;2,890069378799642;1,4389153
266582;0,0;0,14504802
544607;1,6498301042031165;1,6808314
884997;2,3228691325465523;1,9293648
637406;1,0411825791009215;0,7421073
137737;2,664705315408944;3,9686396
888866;1,4583879037078191;1,2291901
111148;2,804804963103049;3,3219872
194587;0,0;0,3489837
421954;0,1127672622336017;2,7100642
23421;3,038779359144744;3,337469
215030;2,405771567592448;0,97994137
284766;0,757118355704373;1,1879578
103342;1,3490855647090272;1,7640196
339479;0,0;0,54952514
100208;1,1490967072420415;1,3407265
614331;1,118504972278389;2,2747908
463090;0,0;0,56369996
812796;1,599475201320158;3,8083014
703253;4,072854148867725;3,3193724
574108;0,0;0,8281879
561731;5,686863397796714;3,9222023
444513;2,0960916748885148;1,7771672
878226;0,0;0,45246986
819843;4,586411726054307;3,4579477
973704;2,735846922619205;3,8285816
368867;2,7911278953644723;1,7221453
728922;3,0553688154510463;3,7806814
936692;2,762068052559739;3,5647385
226933;4,655775706701053;2,742508
229530;5,496092400175627;4,1025276
740566;1,6116582376267976;2,169221
883273;0,0;0,7208689
227211;2,4376722313142256;4,6371775
226755;0,2255967222958173;2,1820138
914652;0,0;0,41987374
614570;3,11015761860991;1,9181807
520085;3,845913669605321;1,0150051
579511;4,378960852997496;3,378539
736137;1,5531934316455471;1,6586664
932959;0,0;0,9827962
221570;0,0;0,7324905
282983;1,9665969052968133;1,3633662
861982;0,0;0,3163219
674920;6,227509535609465;5,417589
147944;0,0;0,27535707
260458;0,7207417046718514;2,642516
988143;2,9401530133036493;3,339605
546639;3,4713638255095365;1,2761912
956056;0,574558634416018;1,055486
863004;3,929427436652905;2,9802868
75401;3,782623562648479;3,1516633
53005;1,471677224689793;2,2796283
887250;0,0;0,25455666
45400;1,868668932805245;1,102473
776405;0,0;0,37611237
802517;1,4613678164292776;2,5714219
505993;3,3986672772090807;2,9057486
22621;4,098081766786583;3,1158617
655784;2,60789052996802;2,748228
67042;4,134931940821085;2,3887281
584514;2,248150559633135;2,749173
797029;2,0061048503672154;2,2007093
672979;4,440141356533967;2,7148767
972150;5,476676048726796;4,0869493
654272;1,1288857393133975;2,453893
74626;0,0;1,3483183
177821;2,5680505325068914;3,9239857
656393;0,0;1,9529748
925743;1,5124362523069457;1,5536405
293147;0,0;0,19141257
880969;0,6183387625696971;0,81698316
319873;0,8575607574930225;1,5628347
22075;3,774950976736882;2,8431678
567586;0,0;0,114545405
315599;0,5864121181579084;1,5670961
334825;3,4566993219119;1,7726233
437315;3,7945808865904014;3,859464
434911;1,5139678792418327;3,0954816
874540;3,494914092322823;2,284944
431022;1,835750534410648;1,444705
322937;6,514073898782153;3,8554847
991866;0,7470768248477104;1,6210148
745779;0,0;0,2589897
637934;1,985846984815566;0,49166426
693821;1,2703367308311444;2,112268
173924;0,0;0,36295646
606059;3,1532032218946133;3,5636125
102479;1,046258954856595;0,7610686
74503;0,0;0,3142968
467314;0,0;0,38347733
663947;3,2597124628613576;2,150612
292961;0,1170057736385504;1,5079856
588640;0,2605290429242564;0,85077256
453530;3,398949362255136;2,6145692
562839;0,0;0,49565196
113069;1,374157223081229;1,1723579
680449;0,0;1,0228004
811033;1,2192567921525963;3,4090579
240768;0,4918398677043749;1,0025951
199546;0,3875958554300656;1,6348728
936020;0,7080630746292378;1,00551
592164;2,634709007371677;1,9663138
658367;0,300222710803333;0,5150074
303485;0,3389741892031668;2,2256966
445453;2,3957384670802897;1,4100456
539872;0,0;0,51647156
945819;0,2993415648977403;0,23667681
768371;0,0;0,38897216
488500;0,0;1,4636846
488588;1,6817494913694446;0,51183295
536254;0,7590240614148818;2,2349849
70895;1,929589703983379;2,1284108
665825;2,5194101629781245;1,7959139
662082;0,7635031513743725;1,2216535
378545;2,338411496175961;1,6644492
123430;0,3686780305305444;0,9849685
995021;2,9535404696595315;2,3714643
447274;1,0999270855623473;2,1254895
676875;3,617756623389083;2,9231112
41721;4,363963231597763;4,9185867
855500;0,0;0,5001366
297553;5,754249608592185;4,9601116
944372;2,8901184746016364;4,02217
357668;1,718766841491507;0,44698703
899647;3,950653326952848;3,132888
958571;1,021792586776911;3,3384023
14307;0,0;0,7086726
101581;3,645425963672188;3,5901477
779418;4,607909960225836;3,166101
939985;4,740825043264521;4,155011
593546;2,807818345240589;2,1869667
493904;0,0;1,9046276
10548;0,0;0,9082886
605737;3,524986990477826;2,728777
888204;2,354183953317959;2,2442358
317648;0,0;0,20868975
303165;0,0;1,2910168
707278;0,0580571775029117;0,5552372
555564;2,9750164367460386;1,7753881
273798;0,0;0,274666
132432;3,255760583578876;2,3623538
964010;0,0;1,12715
488705;1,18192628535658;0,8651716
777390;0,0;0,3505302
151905;0,5852406161892567;1,6451256
330649;0,0;0,12874216
735763;1,84253819337627;2,027039
518576;2,413788168896879;0,6619128
414183;0,0;0,99163854
184992;2,9797761187692404;4,908065
830055;1,7475194952762307;4,348523
392600;2,6525457893776982;2,8077161
393347;0,2280944150217121;2,158
93636;2,18462341971129;0,7936329
918185;1,9713782709513696;3,511961
423991;2,40788041227642;1,188425
622294;1,4330636917295925;0,9284896
436512;1,1472445233049;1,0713658
496515;2,550665172752388;2,644942
311080;2,6716062096785897;2,0140474
247569;0,8341671999478252;1,999018
752253;3,769773489620504;1,6455879
886616;4,597621333715931;3,4561515
412150;0,3597073243501583;1,2346711
611533;0,9398971227463038;1,2315295
136191;0,0;2,4402714
548027;0,0;0,5922538
95181;4,074148512220987;1,4084682
326017;3,915484422070448;1,2000337
939029;0,6640232079977397;2,5522964
947195;3,843594728610327;2,6525693
150371;2,516224568877842;2,3683672
535978;0,0;0,3610109
467597;0,0;0,26849163
299271;2,237909197148017;1,3924251
247408;0,1823463394076684;1,1985826
213458;3,590872750869151;3,2149417
146936;0,0;0,13321996
471928;0,1883864842119478;0,6845957
957791;2,152583428966377;1,8785934
130170;1,2213294240443575;1,2124437
334202;1,3111956901757102;0,3943727
966948;2,066413747631445;3,9835026
153247;2,283707477739976;1,0438737
195411;1,8996175159132904;3,2497916
426572;2,3670219567079505;1,5256163
388248;3,4518416098614737;1,8969889
378887;0,0451175531314477;0,5631945
963635;2,9546606019403967;2,66684
377097;3,349462504661207;2,5977716
546188;0,7136452383595274;1,7780584
514749;2,585876626818476;2,9184644
484129;4,449037399964281;2,3617468
992886;2,221810848397568;1,9873991
229259;0,5729208288215224;0,45390654
819320;2,454637250300206;2,0131187
673671;0,0;0,15291208
765359;0,0920119571619353;1,5376701
633756;0,6346848654486781;0,9345715
569961;0,0;-0,031515777
336688;0,0;0,25150776
635423;5,027661693458793;4,92741
955002;2,268661651664821;2,2665415
197750;3,375661201094637;2,5724955
953566;0,0;0,23451304
836827;0,4769433386167507;1,4513501
405405;1,492125208075798;1,3510605
362422;0,0;0,26985812
573689;1,5103202607002335;0,39399973
702152;1,5004374572216173;2,8175864
174244;1,978714063913761;0,9166614
981374;0,0840057064115429;0,38728428
31962;1,912624158876041;0,7746417
124912;0,0;0,48981667
839329;3,8915419210314255;4,683193
96107;3,284554144116101;3,6052754
294871;0,9737435186533938;2,7234125
904493;0,0;1,0073729
566684;1,7952855513044574;2,3516595
150347;1,3730819127785534;2,4346194
924688;0,0868829717714424;1,033191
505912;2,5231444201865427;2,2048485
344339;2,789694837812009;1,8340213
33530;0,9468334218571296;2,8024628
725889;0,0;0,5648304
105634;3,977819539427072;3,6254172
841255;0,7989213687392547;0,14437717
149306;3,872320906212516;2,5400596
20269;4,345487218865044;2,264937
501973;2,494320527096633;1,6225471
807146;1,4967346561295465;2,4527783
101652;0,1530092813634771;2,336751
732420;4,501331420965332;0,63494647
784142;2,5648853642592058;0,94975257
255067;1,7677442564049202;2,2244215
423103;5,07382869649611;4,2183657
153159;0,0726104282602301;0,25129974
841441;1,1993313471004663;2,9680636
390902;0,7756438699312158;0,6173197
641145;0,0391773420283612;0,42144036
676816;2,6349664225321447;0,4906681
758280;0,2470119809491311;0,976586
861421;0,7398483118410657;0,39463592
662829;1,370320016974398;1,9396276
781917;3,992155134246781;3,1259744
720112;0,0;1,5211107
558179;0,0;0,9435104
86886;0,011756869180555;1,5380285
654520;2,385358580683051;1,6283295
877613;2,5346395697778323;2,9257705
427714;1,7721255965532112;1,792144
978005;1,55559500759582;3,8502734
348168;0,0;0,84723306
599043;2,581607035342618;1,9201291
267219;0,9103167276418392;1,2277241
235568;0,0;2,3115952
503846;0,0;0,9056804
438095;0,0;0,86551976
7230;1,1723810385335305;1,1475279
313668;0,1697366142144156;1,4306498
548071;5,666320854861717;3,4954236
696138;0,8971883284312223;2,2760897
473407;0,0;1,0293211
786299;2,5795041870640567;3,019254
772136;0,0;1,099522
593779;3,577846265026394;1,6909676
82328;1,857420351621376;1,4093741
98587;0,8109436200152553;0,6218051
940014;2,2923550761596228;3,0274808
680996;0,0;0,8414716
189841;4,565717523457492;2,2680817
176901;1,377522366344505;1,763908
495490;2,396203277281149;2,0456123
506984;0,0;0,21028018
739494;4,661388890407601;2,6331363
13007;4,021000650971717;1,9177974
613770;4,7437683235290615;3,1845584
7979;1,6237682156212383;0,27233273
198466;3,793217554517633;1,8131319
883857;0,821339392213533;0,41536742
902276;1,837272879673977;2,8675299
58971;0,0;1,4648528
124365;3,649534796972495;3,4373784
93379;0,0;1,3039382
964275;2,979394753973958;2,902069
944732;0,0;1,087271
421315;3,644739238282079;2,4092772
456731;4,357842727048828;4,54206
783280;1,415580882388514;0,9624603
936662;0,6804164248341632;1,2974516
388085;0,2994114159200685;1,7846464
197770;3,892789484431909;2,7968562
533103;3,335939185722653;2,1019258
412983;0,2255045565280167;0,61223835
312923;2,754396530294692;1,5124135
842012;0,527958977780312;0,99975556
744363;0,1955386445370853;0,6463793
622697;0,0;0,14059532
629130;3,047844856304044;2,160849
842917;2,7616008263782;2,8677182
100288;0,0;0,45893228
711060;3,867417161919157;1,8027277
555349;0,0;0,16396642
609742;1,512522930481383;0,47011566
430771;1,6297743367058053;1,8473024
793029;3,698467404405745;2,9451005
373434;5,19686007179592;3,0853765
514715;0,0;0,2913103
478530;4,410595080578356;2,4309812
422726;0,0;1,4364623
439143;2,542952471750501;1,5328662
899770;0,0;0,6802826
341374;0,0;0,80663013
412650;2,083812247806236;2,6305313
446163;1,040079616808732;0,8822572
714335;0,0;0,7246459
809503;0,5407842648986252;1,1945622
483747;1,8980204357811776;2,740126
729290;3,201148334540964;0,90136683
1309;0,0;0,90249854
10501;0,9714588241959532;3,1963933
38608;0,0;0,9805207
263021;0,0;1,3471307
553776;3,247081050370289;4,382185
317115;1,2198770050462209;1,2535787
346454;0,0;0,19555879
359380;1,9187301864815216;1,1644384
346093;1,9692051530824115;2,4145267
519997;0,5537518367989616;1,7586908
235543;3,659102518667672;1,6105156
895648;0,0;0,4664895
852646;1,5824184761976503;1,8017691
213500;0,9491697956789747;0,5547791
638766;0,1236658070883311;3,1202204
541505;0,0;0,2705521
869027;1,0049551290278396;1,5266538
702761;0,0861289370264176;1,2767026
750300;3,975442928395953;2,8417184
575796;3,399231759784963;1,9531223
133447;0,0;0,04607892
340412;1,959969262465092;0,6926483
312980;1,7234013737859066;2,1552474
592061;1,352312649415547;2,2778618
94325;1,6663237926309389;1,7775887
297437;2,6851777984391205;2,3266516
411885;5,393541672476168;4,79436
109318;0,2683218381741439;0,4396605
565471;0,8389391482133192;1,3596859
152262;2,695744733812097;0,77552366
14074;1,8677223882981284;2,0064995
488420;1,4363583542579983;0,737541
720850;1,5627630212642232;0,81776935
495351;3,7899827165345807;2,9160635
230931;2,585032176901289;2,6075957
854469;3,223704299764924;1,8294886
229395;2,1915098795219885;2,453775
225300;0,5719523352464239;0,6081377
836638;2,2926737508331256;4,357622
152743;2,249613762014161;1,6016014
117355;0,4232518899779834;2,1258693
675000;4,0404620389648045;1,0914924
562308;3,840401201448032;3,5725462
482692;5,144916568248773;4,5471725
170422;3,8582048875233337;2,647921
410801;0,0;0,73123235
10653;2,004557799591726;0,41083997
760404;3,8225965322993054;1,9109327
547421;0,0;0,32485402
112577;0,5957350788433902;3,393841
164272;4,61826512379443;2,6821449
818752;0,4007398653123997;0,41448417
803092;3,791646913002308;3,1159165
655948;2,0666726205783443;2,62817
562287;3,085867483294037;2,8790598
842093;0,4580253964903539;0,7069119
344114;2,504011733773233;2,6487272
743602;0,9415260869077696;0,42523277
671797;1,4214812927888236;2,5020037
265234;2,486570701084977;1,7992142
293662;0,0;0,60051376
827119;1,0958084843437876;1,7215207
657966;5,2595760621910745;3,2720964
421192;0,0;0,057513595
640302;0,8879732591095071;1,9131572
977592;1,6800288978341125;0,93373376
436986;1,6382075206783508;1,9059796
25057;0,0;1,3806497
194066;2,875757000873369;2,0144227
847071;1,4300400687575985;1,2031832
458863;0,3550775113067782;1,2545695
417750;1,7643043996327874;1,027281
387545;0,2501799239549789;1,4190335
172308;2,39165313528348;2,6452296
810619;0,0;0,86327976
851640;2,9653132019110515;1,1868181
787197;0,2723312235164142;0,9960245
444271;1,583921103369344;2,193658
591778;2,955817430373812;2,788407
431956;1,801486957704252;1,0055676
281409;0,0;0,06336546
733041;1,6982848531384096;1,9660276
77530;1,0529997731753151;2,868664
214944;2,609550125562561;1,2849015
365707;2,382350361538002;1,702746
247597;1,0666581256048102;1,3513747
757543;2,917921094646837;2,829393
366600;0,0;0,11483455
422378;0,0;0,3098641
346277;1,1033156422687789;1,0818429
235192;2,44420609664364;1,8735468
985894;4,500191973006589;2,2013488
704762;0,9327870246205168;1,7484672
325245;0,5501074052354707;1,4671946
36973;0,6596719828563025;0,635436
809003;2,807425280377788;1,5984615
197567;0,0;0,8367095
307017;2,458789466166631;1,0986779
986706;0,0;-0,028224468
654752;0,8932753056553782;0,8472652
91738;4,078477987337969;3,543553
111307;0,1704874520122233;0,78072584
170933;4,236391686208613;2,8729274
791901;0,0;1,5468554
789431;0,0;0,3734815
541209;1,3775712656722097;2,1648078
282066;0,8131961582625438;1,1184311
289758;6,061662224933445;5,0744667
344136;3,196441063910933;1,583329
647776;0,0360460576919211;2,1421974
521823;2,6445737009683707;3,543156
217644;5,83594226091114;4,080966
582555;0,4573430809206122;2,408172
736585;0,4548878461526157;1,7574172
365309;0,3877878633855525;2,2829003
997116;1,211722382781037;0,5153263
227593;0,5475430445738801;1,1914945
515386;0,0;0,8235565
162773;0,0;0,9262166
112545;0,2675733487988084;0,57939845
981831;2,29209894739268;2,6150177
522661;4,50115661448346;3,9100373
561644;0,0;1,6637864
744198;0,0;0,35266522
699070;2,971879256865812;2,6372547
640420;4,636595000822194;3,4476838
765960;3,598468944521226;3,9292572
548178;2,4341653257513425;3,0739062
385405;2,397301492178769;1,6869047
663514;0,0;0,5395137
271088;2,5579427344079155;1,2663296
480218;3,2600408383229933;2,6255026
714446;0,0;-0,16300619
183756;0,875568645804509;1,7255994
778175;2,577080384977956;2,4569473
459985;0,0;0,15929419
14742;1,44685424700324;1,6331086
168912;2,570019686091888;2,183212
797818;1,3114423870403742;0,25882143
339416;0,0113909349578916;1,3800421
910403;0,3452800363206035;1,3520277
426997;0,0;0,99872524
11202;0,0;1,0220966
520768;1,481455914646563;1,0357777
185415;2,657191271315974;3,097878
792897;0,0;0,9945455
131145;2,7526586733956435;1,8786867
162810;1,9579498843177707;1,1960797
455582;1,9838168472414617;1,6385384
344598;0,0;1,0365293
202519;2,058630648756954;1,4881434
689081;3,069695932254506;2,785878
802157;1,3440041134976046;2,6507072
731242;0,4738842589517399;0,95023966
86646;3,5741533303113786;2,3674412
352599;2,222923439961953;2,0672104
547809;0,0;0,12610734
878003;0,0062169740274514;0,29475513
852446;3,0674208541369223;2,871805
873794;0,0;0,36118308
504133;0,0;0,6399156
351532;2,7930037332319864;0,87954694
864948;0,0;1,091443
333207;1,3359419958938623;1,3834476
308143;3,7866332711407455;2,5268695
151016;0,0;1,1101339
513885;2,3436747650357344;2,5242457
777399;1,8143824277685696;0,7890197
182319;0,7519228387482655;0,43848443
246428;0,2150334549919553;1,9824941
173579;1,302554059517956;0,79689205
337000;0,0;0,12788707
876670;4,914165371395062;3,4418633
813686;0,0608234044860122;1,2092952
942189;0,0;0,6599493
980181;2,799702982687112;2,1093922
970112;0,8766627617952875;1,3996993
283930;1,1515431963807674;3,4293945
208573;2,83663321667926;2,741301
656442;1,1505216554164956;1,0727382
920970;0,0667036626347356;1,3511075
118147;3,4100933120003254;3,3491619
127323;0,0;1,4564686
647166;4,254983187638311;3,1076748
717643;1,6488902489239816;1,1344466
537454;0,359820628353122;1,7112582
22620;5,4466402996416985;4,944951
64356;0,0;0,9504337
837919;2,385179965059854;1,7813103
859568;0,5081395036037679;1,3414557
163718;0,240152010081728;0,46161848
945424;0,0;0,27054137
851245;0,036413810127266;0,5787252
145224;2,420764004521322;2,4531264
473534;1,6564067712225343;2,0880444
924611;0,0;0,99300885
402259;0,0;0,29719836
851917;0,0;0,048116565
546957;0,0;0,9028602
908053;0,0;0,35393968
74226;3,085061083857311;4,5970984
262435;0,2461772747454805;1,7179688
92647;2,903722012316361;1,9276435
253407;0,7376160485616883;0,8275102
291930;0,0;0,5716251
771707;0,0;0,64613736
518837;5,683784401850588;3,7005475
896817;3,80352469038032;2,0477638
31390;0,0;1,2395829
915853;0,0;1,7846367
149474;0,0;0,8494799
826216;4,183293757086563;4,5593505
569995;0,0249752912725972;2,0677495
710936;2,518821188393108;2,536838
719341;5,540739028178383;3,7151372
732563;5,824775068463944;3,2979348
892465;1,2580402736103766;1,1613281
529883;3,8134085071776047;4,133705
134136;5,739967141596075;4,434655
515403;2,3210100746770665;1,1258491
659467;0,0;0,26091123
721762;5,8031681080473145;3,5222626
65481;2,89446356522043;1,6836727
437703;0,0;0,20574617
78569;3,5422784473191844;2,8585236
746471;3,1722722952879243;2,3682742
524639;2,5655516224188206;1,518104
494374;2,251873755398344;1,6350465
437996;0,0;1,5044136
256912;1,1882011863506976;1,8796631
924058;0,0758942209440475;2,6227427
668229;0,0;0,2861553
12188;3,0986520925789183;2,8216581
667126;3,8361111684815454;2,638562
728036;2,1281301421483985;1,0728784
793297;1,4476425987074166;2,6104207
467363;0,0;0,27036947
744402;2,803109189344268;1,8540868
106490;3,984995994410692;2,7544513
357981;0,0;0,17847985
422493;0,0;0,43238893
138316;5,253276057894223;5,158967
677303;0,0;1,9653277
799703;0,5973081801883107;1,7302296
585995;0,0;0,5850218
350302;0,0;0,4859358
36577;0,0;0,07242876
191428;3,740962168716905;2,631668
689924;2,184146954916652;2,3604884
499997;1,1661082806069143;0,95864546
962474;0,0;0,5864796
299827;3,0647604521699865;2,11362
566626;1,911796013686334;2,2529163
539910;4,071401007698436;3,0288138
408743;0,0;0,85800385
77298;0,0;0,6938171
17106;2,3311783658906062;2,4693704
344167;0,4599866739651672;1,8378569
113668;1,846213849051152;1,8218324
437500;2,5112356485467844;2,8913398
630990;1,1704884246286178;2,8539526
113427;0,3157878717629911;1,8612282
143732;0,0;0,70203716
629595;0,0;1,0238972
361196;0,0;0,05104339
467609;0,6534543517733058;0,30152288
666077;0,5948192996049295;1,6504021
571276;3,5414825552871827;3,2983384
684514;4,850789370246561;3,1690204
166941;1,6024298485636304;1,583177
296331;1,8050721804632863;3,3764653
188887;4,884009059065937;4,272903
291071;0,5374723543679192;1,24962
504575;7,317905883771477;4,751156
54447;0,2266100191579025;2,1698835
286820;0,0;-0,23182535
312669;2,254543317472467;2,4585989
682438;2,652216000075573;1,2610679
333810;1,512618405864646;0,41977158
841312;1,5242687938660175;1,431408
423198;2,7780146733073825;1,4969158
959727;0,0;1,0302978
298551;1,5321075725672302;0,27943993
601096;1,4277806197311036;1,5951134
314649;1,9884787921916407;1,5760813
560368;1,6909040241561897;1,5597777
995235;2,1235139890458576;0,6458701
96542;0,0;0,71966386
568965;0,9702103440141816;3,5441997
980665;0,0;0,38670468
582220;0,2411893730370502;1,4910123
819279;2,2070501824896764;1,8270221
950121;4,412362396779967;3,9879675
802741;3,696676468735013;2,0650187
609989;5,266946124406057;1,3750539
630756;1,6709772780994037;2,3084939
201850;0,7676072822067379;0,055672884
192328;2,7499611687585874;1,6034167
192564;0,3814843054700783;2,0813274
338165;0,0;0,2553113
660674;1,269999982312147;0,46812403
135152;1,5283093475217584;1,5689552
687428;1,8738925378737643;1,6627431
580138;0,6011865413364526;0,053717017
989000;0,6064974023825309;1,5567681
530987;1,4655968248104845;1,5898836
98628;2,3681757404959067;1,4744482
853295;0,4453862687029184;1,5164723
158952;2,0114582956192635;1,4488415
480690;4,123658939341151;4,087862
104328;0,0;0,21075028
448134;1,6372920279476344;3,1473305
711850;0,8407316531631641;0,61929405
178086;0,454026700690207;2,1026585
213952;1,6978553043807436;1,433288
530203;1,7774115866075335;1,0177112
799567;0,0;0,21621644
752087;3,001273587629014;1,1671604
687360;1,0506675266333607;0,8980184
6797;0,0;0,2365908
296451;4,581967144458277;2,6080585
578899;1,038590831151277;2,7259054
496982;5,046634118351097;3,931138
986729;2,2191916608844138;2,2747154
579333;0,2727154269822476;4,232617
260084;2,6352628792801696;2,942811
281923;0,8505972295913901;1,6706874
307046;5,337712589256296;3,7215762
316569;0,9978744227633662;0,5938693
549912;3,2368662345890407;2,036235
733422;0,0;1,1816211
281267;0,0;1,4760323
660301;0,0;0,15943325
433595;0,8822703413021568;2,44752
106217;0,0;0,18646848
22486;3,187191698271171;1,7011467
118516;1,736555338512452;0,9407969
517355;3,600546696883882;1,3017851
985290;0,0;0,7178432
647980;0,0;0,45442492
243008;0,0;0,11695355
874602;3,348646757118824;2,931052
384004;1,8923952191830424;0,975113
278344;1,6796613368100932;2,9214776
392082;2,0500677247789048;1,1500391
777462;2,307224960168996;0,9286185
808247;0,0;0,5886311
49309;1,4604915179064042;1,7101836
378600;2,066967207397908;3,4563637
554922;1,7683777706903223;2,4890985
962620;3,18058858497668;1,3148673
959396;0,0;-0,19536829
542049;1,04134962555728;1,1772138
195748;0,4711125313618791;1,7261784
836727;5,454809620423434;3,7431378
113432;0,0;0,41432324
214211;2,549827550225856;3,0441897
333026;0,3416464953630971;1,0285366
510739;2,183346420805926;3,2162573
529669;1,2984766728367425;1,269148
540087;1,181013575049171;1,6842036
563429;0,0;0,36664504
595501;4,556777662412633;4,4114923
317135;3,617461090495961;3,006549
883221;1,0351542537456615;0,31266785
130160;0,0;0,42510122
390135;3,555336372916208;3,3709521
580527;1,9998103006834416;3,6848435
4206;0,9347990316343048;1,5772754
462945;0,0;1,9281137
214127;1,6029311821044572;0,5068914
910926;0,0;1,421108
910633;2,4281671552628423;2,8357348
539823;1,2478320432686598;0,49649602
49741;0,0;2,813749
789552;1,2473165051529294;1,7893894
955947;1,499615309657341;0,18040287
813483;2,69758111699797;2,4928434
822463;3,5422322214521924;2,1690674
210385;1,1150971488855463;0,80044484
907766;0,0;0,35465908
999766;0,0;1,1984435
628522;0,0;0,28707212
158202;0,1742813668247786;1,8958343
336226;0,4601939570034006;1,1700578
536821;0,5569883157804504;1,430793
112799;0,0;0,95739603
878944;3,860230661644408;1,733152
680111;0,0;0,73839235
677995;4,794127469790183;3,2386525
4044;2,743072670446552;1,4809198
502885;0,0;0,1864959
506708;1,3168090948091848;1,7307686
303009;2,532030846264392;2,01543
847172;4,316434732062673;3,2746267
706202;0,2583757384372178;1,7024637
336483;0,0;0,19604802
415008;0,0;0,3122089
889599;1,1170237131738017;0,44253826
69244;5,068040391771483;3,6067402
655760;0,0;0,43576878
356405;2,658963420446186;2,5207996
671290;2,751267953613897;1,2963967
312737;5,041874775203942;3,3469088
679090;2,1667486433538468;1,4902463
378859;3,0992410886722355;2,6098123
69540;0,353856722281561;1,8957119
464092;1,8439532864144408;1,1641984
461375;0,0;0,6875032
72516;0,0;-0,14228857
665123;4,466528988282725;3,1502051
258141;1,8350036868343604;1,6735085
16131;1,058702180863699;1,2577888
900663;1,100784264514616;2,284912
10379;1,2131131867885387;0,72281903
711064;2,129629267695484;2,8645604
295844;3,36657520140292;2,6584473
274618;1,9786487129312853;2,1451738
31660;4,555374963164333;2,8397505
616462;0,0;1,1696264
722492;0,4421805263744204;1,3561971
720361;0,0;0,27366966
375233;0,0;0,70773244
952115;0,3859017624035429;0,37788498
205999;2,127420521605077;1,86522
58947;0,7180565699000716;0,86684656
787812;3,036068654635241;4,148285
248806;4,028934953659534;3,3858232
100238;1,692292802246803;0,9626007
801984;4,0340021281927285;3,2103977
722017;2,147520770295224;0,8499299
561976;3,6048332762137374;0,9685176
938266;1,069251473840611;1,2010833
585268;3,522187270891572;2,5431666
247928;0,0;0,40353277
258639;0,0;1,4463736
681336;0,0;0,4745559
346798;0,0;0,43740213
681261;0,0;0,28849024
861050;0,2470040225236398;0,45006028
287051;2,263225788487378;1,6684945
270292;1,6152884577086084;0,86992097
826483;0,0;0,24605519
923385;0,1134938778474259;0,3312018
681756;0,0;1,6423848
747872;1,184053331863092;3,2813349
74056;0,4616845421241521;1,7739556
901696;0,0;1,4508493
727692;1,3112530857449962;2,2396245
148188;0,0;0,4863177
946320;1,6521011626538638;1,8769596
908905;0,0;0,84725684
130564;1,933211270399363;1,1882306
621733;0,0;0,06274569
546655;2,2750872093941314;2,1764178
696268;2,0730588192839345;2,206792
703517;5,321768531868648;2,6628127
451944;2,971426699560144;3,4676187
684949;0,9323788447379192;1,2848122
215851;1,098265595826896;0,848042
141950;1,51598840464376;0,93884665
717184;2,760465823460516;1,3134118
432212;1,7162204994060617;2,1048908
306874;0,7054512669122519;2,5887408
928617;0,0;0,4684124
412478;0,0;0,43126702
992449;3,749439896866304;3,7154253
589045;2,7071617634110066;1,2465916
144444;0,0;-0,044038773
211134;0,5169105468207937;0,32350153
372875;3,56411309565273;3,0576966
441561;0,0;0,26354253
970735;3,650588271788014;3,6556108
452488;0,0;0,16866267
733182;2,3234230556735875;2,427695
194073;0,0;0,52407664
858951;1,4757519176253031;1,0494311
520975;1,4373559288940334;0,9078761
428570;4,862832174977148;4,3550844
497103;1,37633744399667;2,122405
989618;3,4190434367067013;2,5701742
971480;1,319218207438225;0,5900535
308713;0,0;0,21376884
293935;0,5873587039123106;0,936762
824850;0,0;0,010734856
899129;0,8286377955534283;1,6053917
753104;1,927879421358824;2,203834
860624;4,793978189396783;2,5752325
305033;0,0;0,23076367
914151;5,036197012780595;4,117917
196805;0,0;0,36170542
606531;0,0;0,96402526
866397;0,9108488350751656;2,5994637
562708;2,955928420434213;2,4302902
852948;0,1057383330495793;1,4516469
760991;1,8307996796039905;0,9580205
907911;0,0;0,5405257
887258;0,0;0,6998217
162248;4,4576915717031005;3,4500678
392777;5,151134495260129;4,047265
691384;1,1988937144412208;2,7057288
602531;3,190108949985598;3,262997
408340;0,9455921752544528;1,655958
2496;3,698689124844899;3,290831
634416;1,493809243584594;1,4950309
29921;4,573820059727856;4,624375
308668;4,663402455426452;3,8778393
386142;0,0;0,2728995
244348;0,0;0,5097158
24464;4,460075736756923;3,1002653
439150;4,750605676914496;4,4516106
932910;2,384727326273317;2,8054454
595520;4,2169769586188135;2,3692758
811323;1,392628244414475;1,2550713
640259;1,9193125913708848;2,924723
598472;0,0;1,0802779
259700;2,6900148062555926;1,2455561
355733;1,2712674749162256;2,0693994
964705;3,250517479323017;3,1946108
107519;2,880768603655305;2,6928005
114240;2,013428762621296;1,0132844
806285;1,9267038616350585;1,2886091
867641;0,0;1,2597347
27649;4,926067238389566;3,6091864
783108;0,3506561031091388;0,504753
456159;5,331380799271128;4,0133657
330148;2,425821107452369;2,1751058
373925;0,9097611670480186;0,82713044
512334;3,5491641866603505;1,9843364
360863;0,0;0,8487877
755772;0,0;1,0416319
891439;1,2732942164565115;2,0366051
626807;3,841945821516339;2,7381735
658679;0,0;1,9445938
377050;2,7246986247345006;1,7356973
98870;4,106916211874783;4,0076895
474620;3,024504404124333;1,0668039
832519;2,745782469011771;3,8430908
225814;0,0204075852311693;0,62083626
502440;0,672800709877777;2,5960848
568593;0,8723009263373109;0,35235465
857734;3,5162613564513823;2,5096135
504582;0,045658403339911;0,91002107
359422;1,0290713220250582;0,8935107
750897;0,0;0,17861497
165000;1,5244712044775952;1,2673564
995888;1,5070510938885908;2,0031333
931316;0,905003920689347;1,9204557
992707;0,996060373008592;1,9860101
227337;4,908923559931796;1,6608224
883305;4,087727692809448;3,0206854
750964;2,4493893535020423;1,6920823
456975;3,507283965360601;2,325952
358093;1,086547158691589;1,2228417
591371;2,910394401495337;1,2928122
150414;5,1893127165137365;4,2280416
110195;2,1457285217701347;1,4661841
857773;0,2937112260166211;1,3306016
738341;0,0;1,3059595
6392;2,977838664450149;2,4268422
462112;3,5488943268215616;2,6275158
172030;2,6989649614718587;2,4061184
812627;2,7963093773601235;2,4991858
511598;1,81749028089981;0,9529182
18708;1,5238034963127347;2,0805137
3085;3,184122007773176;4,317732
712310;2,0387432539399057;2,0579326
82218;1,3963250164252474;2,9430115
453026;2,6617993711848267;2,560835
747740;1,762959886091589;0,2638222
836211;0,0;1,9939728
670650;0,0;1,0666873
345459;2,28306722686938;0,4798543
156165;0,0616448045473296;1,3976004
48960;0,0;0,05632037
574711;0,0;0,8639679
96173;0,476441622307068;1,1805396
17105;0,0;0,11857313
480484;1,1004733758560403;2,4402382
304159;0,4473728737056468;0,8943673
354808;3,5751879684237613;4,085307
942139;1,925801886012892;0,54706067
761320;2,0534280011567936;2,300024
181857;2,5405580753468766;2,3717332
373803;1,8329504607953109;1,6064088
509616;0,7469548648418127;1,4041904
511735;0,0;0,5591557
831039;0,0;0,8051357
986451;4,364934365500309;2,4541342
976690;2,296742600346571;2,0842156
357490;1,306911347933544;2,7507694
953650;1,672564650318869;1,431879
915379;0,0;0,85188586
504825;0,0;-0,08082396
718524;3,1726383193115044;3,1548445
749472;0,0;0,6870421
93411;2,4579189657241303;2,4548335
347191;6,133118803727327;5,272704
377467;4,3242095058059125;3,1737702
783337;3,0121359932672243;2,5076776
925843;2,275842652408421;2,9299018
204121;3,9795086977085816;1,635724
910612;0,0;0,16818434
742601;0,9324069306223824;0,9153833
567152;0,0;1,2673095
98651;0,970692072301892;1,0402281
49364;4,472805424675999;2,1813278
722816;2,053196411387995;1,7334569
299639;1,0272249599158083;1,8215421
681445;0,0;2,1501007
813947;4,911671847287822;4,044324
711576;0,1095913523008547;0,35474804
745701;1,690312595998022;0,8034618
678941;0,0;0,7622271
946053;0,0;0,041346014
728551;0,0;1,0256178
727660;3,2349694450001545;1,3495836
289840;3,54463442464864;4,208103
519734;0,9386777572398683;1,8400158
843213;3,800126455937992;1,3066095
272060;0,8031261065647475;1,2153223
682776;3,28778482230018;1,9503167
747828;2,696274507285618;2,1140673
598082;1,951322407417928;2,9238179
136165;3,7988689123361055;4,547208
353938;1,2485161456711091;2,1620588
47397;0,9133665471265472;0,48205358
402280;0,0;0,6004052
368422;2,405255494818108;2,2392778
1527;1,921406334024966;2,4440477
223026;0,0;0,20820367
81911;0,0;0,2646578
212520;0,0;1,0247014
128801;0,0;0,5194224
741855;0,0;0,86127365
735691;0,0;0,41800314
319468;4,491452976304556;4,518071
990559;1,1189889565963926;2,30058
311235;2,778901241106213;1,4245802
545386;1,400417481090204;0,5129515
612066;3,583141820894061;3,7827318
321392;0,0;1,045438
423983;1,580165522793158;1,2456827
906509;3,9036192301450745;2,0169854
191814;1,556969856228693;1,2269895
145013;3,7445619515317694;2,2978883
509187;2,5733114987025685;2,7875743
562014;3,694627678534412;1,5817463
215651;0,0;0,25417572
410975;1,837264654122876;1,077164
713911;1,092445867959276;1,2960544
38268;0,0;0,5457779
528420;3,854000011183024;2,726548
238464;5,572588188462893;3,161341
325299;2,26390641316831;1,4420542
127865;1,8175772067701808;1,2526798
986402;0,2635920115166204;2,2535248
550855;5,123856406102846;4,749402
698906;0,0;0,6602527
825693;3,843649043606906;1,6867268
46949;1,3963810485184454;3,183387
628750;6,223635423482308;4,1435885
566694;5,2314297887785015;4,5234118
79203;2,514958917971103;2,7993333
117466;1,319625633772224;2,5209346
533363;2,830944525985632;0,7823742
671981;1,597596982722155;2,0236526
428990;3,441636999606052;2,251908
944078;2,0495339054922703;1,6069039
255717;3,5084191612270312;3,2924855
576266;5,5366814680780205;4,032918
750537;0,4709853797768392;0,12062311
6439;1,476221850888364;2,9970968
282417;0,5471326712066165;0,98838043
521004;3,1050776748167648;2,6535325
766790;3,588417330600306;1,816502
997216;2,4021547249346487;1,2044511
538525;1,1986830611839834;1,8204031
6707;2,667636144892198;2,8533692
674421;3,457855041496245;2,7095108
670487;0,604033257331938;1,8748777
779015;1,3645899310781866;2,0068893
622493;4,411163407247388;3,3333437
777067;1,7020833951593604;2,755686
441748;0,0;0,41113168
419566;0,1741235048711894;0,32583308
269065;0,1250257275181469;0,8693464
128449;2,0264081491593533;3,351681
833445;0,9241808722678374;1,7246674
757874;3,323390894899902;1,1484089
778003;1,6646972432700236;1,7176573
661502;0,0;2,1822133
648953;0,8408614355338679;1,3444489
875284;0,0;1,1265285
712656;0,0;0,19160831
307176;0,9221826345080338;0,58005434
512983;1,990302956468757;0,6175732
629375;1,4947013705476466;0,7453142
726880;2,0132734922339623;2,2598536
932220;1,6295129171285918;1,2873442
830634;1,238105664866505;1,2766267
970610;3,886343095477508;2,3628812
901488;0,0;0,112582445
364965;0,0;0,30160266
944037;3,514952755269649;2,453021
879368;2,199173324537845;2,518484
587743;8,23307592734831;5,4906063
337529;5,077985376302566;3,7260802
737165;0,0;0,91526884
697715;1,7686838658342234;1,5044205
768585;0,0;1,3498349
622958;0,989976534617694;1,232922
722403;1,0315885576291208;1,2083557
149782;2,093334501582559;1,7051495
492430;1,3772755614261776;2,369005
206249;3,1443414327276;1,8637565
296629;0,6909839793709314;0,93299305
75003;0,1634812460406469;1,3838749
390132;3,947579739949649;3,3372934
266725;5,846567688837012;1,6055946
925003;1,545329494364319;1,8666719
303335;2,659870818836311;2,1666281
459051;2,670379713052807;3,4878752
972247;3,876265258659487;2,2087426
735448;0,2495387006556084;1,5020092
106137;0,0;1,0872579
786599;0,0194183590069603;3,452977
486074;0,2639863026785614;1,9267662
685323;2,779930837987857;3,780594
490621;4,230525551937713;1,350276
354423;2,330221201878011;0,58684325
484989;3,392223965390212;1,6960374
68830;0,0;0,21104068
726971;0,815299919074921;0,87348807
484980;6,281967502160361;3,0348964
933935;0,8408976352025537;3,4274766
302486;0,0;0,080953956
803786;0,4805238437190212;0,6353505
632217;0,0;0,8307897
390918;2,7121644296019194;2,1507158
686443;0,532225348270454;0,56248295
702987;2,297098483795556;0,76316744
919764;3,132545966601412;2,7602873
401789;1,8404638257121424;2,3057072
468864;0,0;0,63964534
918419;5,2093036399489705;1,8054156
552140;0,0528784168246232;1,090428
696223;0,929991183380509;0,7953066
607799;1,7310290644299613;2,069047
855888;3,707701531781884;3,9816353
683154;4,010656759414615;1,5984626
96198;0,0;0,101671875
886638;4,188077370223384;1,4765766
447913;0,0;0,3352424
991647;1,3035159412188528;2,7308724
468736;0,3763974229888337;0,97559327
271821;0,0;1,5573261
215970;3,790385971828413;2,6212873
854450;0,0;0,29919052
680444;2,298290610676665;0,7492046
871219;0,0;0,37262288
507123;2,765830770918155;1,7600368
50875;0,0;0,23287702
552167;0,4485580365212797;0,8024211
482971;0,6194887728925308;0,8400707
130827;4,554177110457812;3,2924092
212523;0,0;0,09866381
478242;0,0;1,434073
222695;2,424500454405093;0,9007374
558410;3,409651516641426;2,7183213
146126;3,122077082160596;1,6977894
444034;0,0;1,5281293
330273;2,294646203731401;2,7381115
272006;0,3302179305851234;1,410359
805021;1,272785550340509;2,0744686
507321;1,1255636997771723;1,0238668
528147;1,718050465669101;3,08587
344932;1,971910684023058;2,4681175
265004;0,748759343802898;1,5140712
389463;2,869960811717917;2,2515502
663886;3,597284688272868;3,700875
226160;0,0;0,63518083
390021;0,0;0,29151
56816;4,1208068035469285;2,4333172
932550;4,183778187166345;3,3773916
284953;3,752810612137584;1,5114075
616552;1,939544941172602;1,6740947
714004;0,0;0,22772866
282987;1,7166535717476583;1,1381323
336854;3,825170272057848;4,3415565
722887;0,0;0,57967263
418133;1,4208350925905524;1,4841404
533167;0,9332241092565836;1,3094857
164706;0,0;0,68880236
757497;0,0;0,6643205
49523;1,292852921312574;2,215064
676540;1,2892962609835965;2,9530237
76505;2,958186987597171;2,225648
918392;0,1258058044901244;0,5194756
394763;3,0924587281019185;1,5962826
118268;0,0;0,59549403
558;0,0;1,6559747
265114;3,950261848148695;0,75158286
237296;2,097157808719273;0,841979
753355;3,3659588704065664;2,1570258
276647;1,6683956703642566;2,5299053
660953;0,562472850505648;1,4955597
385721;0,0;0,40210113
9282;0,9564317795958802;0,55417496
898325;0,2423601154388703;0,7153622
464554;0,158809149837667;1,480692
655295;4,298705663322006;3,1576335
119937;0,0;2,2136881
104518;3,0076496380766846;0,8592648
765422;1,0447889965012152;2,3711834
158820;0,0;0,97513753
886409;3,684646380857392;2,839691
394501;3,951853254676711;3,7236156
966465;1,0315037601286212;0,32664168
728243;4,789292558488343;4,5501823
398906;0,0;1,0315182
444119;0,8157035750597607;0,54286087
154024;0,0;0,5809038
962078;2,1561797682387933;0,42115703
782856;1,7847057717567518;2,124567
796594;0,0;0,28128892
152757;2,575513381056972;1,9401007
316926;1,2579967400014516;1,3383496
22990;5,861392372114216;3,3376582
279761;1,4040884256273167;1,0599684
40408;1,963227738796612;0,79921734
357294;2,6710232762514527;2,513865
865514;4,229372711511044;1,9131227
375530;3,375712801180625;2,871565
950136;0,0;0,38819247
222361;0,0;0,20122302
509469;2,2129323343176344;3,1135147
773029;1,9343230444337327;1,9013258
506400;0,0;0,7866056
551176;0,0;0,34809008
443540;4,672772783067861;3,9986002
222245;1,3450763428331614;1,8860155
68723;1,789479888352855;1,3283746
37100;0,5285064827341412;0,636289
663349;1,2552079115288477;2,7956414
448075;1,485676696299895;1,3020144
36559;0,1664473153501562;0,8693994
631677;0,0;0,2816826
349017;3,835904275898176;2,7502918
967842;0,0;0,3774793
775268;0,0;1,2864524
428329;4,675927646745525;3,1759717
807435;0,0;0,12321067
811858;3,94434715006557;4,1508803
45319;1,339352532638613;2,382775
969200;4,434509994840932;2,9510713
441890;2,185785704723031;2,0500662
636737;0,0;0,10186118
43174;0,0;0,5792846
868125;0,0;0,19300961
860516;2,7936751029749423;2,1126046
624532;1,6850986759314468;2,2017307
901328;0,0;1,0429838
153481;0,0966917776874025;1,0800807
726902;4,954565386713511;4,434601
22480;3,006281098943932;3,4960198
309370;3,221529424336824;2,3377514
417831;0,4868176172242493;0,2607507
338947;5,176233668831671;4,3415575
22404;2,150224201297175;2,4576375
426837;0,8996648523350668;1,5298716
787974;1,272257702332198;2,1707754
828549;1,812729013820671;2,4715562
447559;1,0328136565113055;1,5071661
511080;4,653739284400137;3,8010352
459063;1,9658087144377363;0,6453589
372719;4,834785920253109;4,38056
998374;0,0;0,8247197
72269;5,562074375014866;3,0656974
765085;3,691698254455689;2,1120267
487742;0,6801606369916302;2,669834
665690;2,431853651558607;0,8804494
984446;0,5704782659620653;2,5093799
50637;2,5840338177626303;2,8737082
843137;3,610422301257257;2,79737
248608;0,0;0,63216555
926364;0,2048136696253779;0,95230275
331404;1,528309733324959;3,2392895
162962;2,7294746933586107;3,3373458
758502;5,2979223056561775;4,957323
202808;3,421271270366115;2,5790422
130064;2,4161379993378427;2,0457711
336461;2,2076530716329907;2,9031794
541446;0,0;0,48133352
329492;0,0;0,40527695
786376;0,2082731188402735;2,3055573
51663;2,692052350546702;0,41864553
615298;0,0;2,3245716
488218;3,2625757404968647;1,8798807
200738;0,0;0,30623272
53611;0,0;1,08525
63214;0,1341748779376952;1,158508
809009;1,3143999584015482;1,5999057
990841;0,5360249740317771;0,24034828
523362;0,4414178755289326;0,44170594
711009;0,0;0,46414778
545906;0,0;0,39753997
373217;4,374229731820421;3,7070987
123285;2,1235917069307138;1,4450413
746281;4,039380762679669;4,6846657
48736;1,941778241073964;1,7982872
205414;3,561265392469481;3,398779
715596;0,0;2,0923178
754780;3,141593746014034;2,4373736
799866;0,3061928323204432;0,2548784
713047;2,684285649769042;2,7746181
810495;0,0175875810161068;2,4597857
339750;1,7209815536136666;0,38409138
178327;0,2415487204164641;0,93414474
518199;0,599388845096669;0,5039219
165046;1,6448415797732514;0,5470394
409535;3,957125455779444;1,9745103
138567;2,667393893134029;2,4064462
521060;2,323769200103131;1,7906814
543559;2,840261132438129;1,0019002
389342;2,495484578835901;1,7499299
995506;0,0;0,5815831
129553;2,421500785029125;3,025696
195663;1,2329756912419498;2,7809267
524403;4,212707101993321;3,4445603
583492;3,3287996073573605;2,8745317
504257;0,3462615608596568;0,72698194
836284;0,0;0,1308518
705853;2,925841906797593;2,2292345
421684;2,330716832695102;2,3407054
194932;2,7242217185065405;1,5130388
52750;2,136361618024072;2,5734024
551617;2,6455321862920376;3,0405395
944147;0,0;2,16346
48392;4,417862486833968;2,8908446
201919;2,6520838138392264;1,9779276
430220;0,3271162237085148;0,548104
777255;1,9953423764060847;2,148524
108370;0,0;2,2226412
97803;0,0;2,188223
253870;1,562567472311331;1,5504346
927306;4,668512097691118;4,5588036
701764;4,63962243332718;3,182927
522953;0,0;0,76734674
742294;1,496413176334288;0,41112578
950715;2,1674152280864094;1,1720256
786391;3,5948225146770625;1,3520923
976842;1,948738071757172;1,1234915
760285;0,0;1,7274194
347822;2,8420064988223803;2,524433
351738;0,0893519545586065;1,5966518
753015;0,0;0,110219836
283040;2,703904949745068;1,309095
368013;0,8100002621743015;1,7311326
113677;0,0;1,2347898
906092;0,0;0,66722554
391514;1,3625000275551251;1,7844032
427491;3,5978131466917755;0,71986777
616513;0,950817052852499;1,4281194
642300;6,571846313818817;5,0524035
9145;1,666503887362433;1,6107492
887654;1,33113050915289;0,87959373
936163;0,0;1,372947
558855;0,0;3,2083266
632663;0,0;1,3361492
980104;5,853556052403493;3,2839468
227172;1,1614057584890043;2,696348
844159;1,972049339848512;3,9557264
88425;1,5447411953837644;1,5806437
275264;0,817836880604895;0,33778754
100529;3,1833524677175737;2,5067883
927853;0,3799958364395369;1,1952655
359015;2,9044475245258363;1,92894
351900;0,0;-0,041149914
723563;1,0832285892054956;1,6641507
868473;1,906127985643744;1,6664282
585488;1,5183332660401;2,5443146
215298;2,7362604278710783;1,2776868
198715;2,295579735859364;2,0057774
608201;0,330534227552134;1,7019494
208070;3,847429635296409;5,281209
293517;0,0;2,3468637
209191;1,1623220960825906;1,2626467
848340;0,0;0,60872185
203892;1,9557170659330727;2,2262273
678323;0,0;2,0171516
617317;0,6067458235669326;1,1661313
743606;4,239185822310328;2,8134964
815625;1,946286755249083;2,9142847
749759;0,1246627752262307;0,3911491
534904;3,7333643170856927;2,5081956
26234;4,383396261324945;4,9124355
842379;4,269348994099682;1,4760065
203985;0,1764596944190888;1,4042894
762872;2,4554967366521065;1,3642199
12831;0,0;0,03326118
80908;0,5230065218181797;0,9421805
314304;0,0;0,9073872
937628;1,064505156870601;0,2522033
738930;0,0;1,7689207
539890;3,470258974366515;2,9280798
796675;3,719598137362963;3,0237467
416276;0,0;0,661229
611529;2,1025969895528305;2,151094
100513;3,778353944036129;1,8326551
478519;2,588898628776656;3,4928262
295596;3,172659430789031;3,566988
433325;3,6256997433111353;2,9648578
550034;4,08757641485813;3,0941665
334472;7,968013672556273;4,8360653
109038;2,654319900200311;0,92314386
221498;1,5171501295874283;2,8467858
369556;0,0;0,32815263
156126;5,900288208571938;3,8007689
344664;3,643426763210296;1,9024625
265689;1,2521381340511268;2,1579971
309583;3,0380506892752623;2,4040108
894407;0,0;0,50283754
363987;3,222666943073412;3,2358384
975461;1,0464651443998756;0,86584383
48008;2,435833527660152;1,1462069
309468;2,1674932851217434;1,8036518
171226;2,814435537277323;1,383798
208856;2,180666472092518;3,3482976
487138;1,3629519565563994;1,7318927
843552;1,388045813369977;2,3924994
74352;0,8699128090318466;1,0228027
338526;2,37883459895608;1,2672591
395312;4,146516600820847;1,6783506
399548;0,0;0,527053
764630;2,119389185538056;2,9174037
781534;0,0;0,2704463
610708;0,0;0,9108043
998997;0,0;0,63740957
938659;2,365166848793613;3,3840737
139683;3,127751042327604;1,5886937
569411;6,074491105187496;4,5790634
514124;0,7523969676816566;0,2888877
169154;0,1404447945806082;2,0784652
199742;0,0;0,52343357
548638;0,8092545634139887;1,1181886
480263;1,2634520738891228;0,52892816
339208;0,0;0,5689404
932887;6,93158397034717;5,800004
929881;0,0280221976220488;0,92182153
37989;0,6757398703712776;1,3096417
96064;5,101879524907559;2,9657278
513047;0,0;0,42844832
990169;1,936288599899497;2,020145
860938;0,9771493233042968;2,3209388
432683;4,677979846086343;3,8413846
535896;0,0;0,18023413
85929;0,7810293004339556;0,99267983
421381;0,0;0,7680708
743411;1,2792624857771937;1,4229323
195598;3,7336853827201386;3,7443073
202020;0,0;0,38342535
684836;0,4588106304829433;1,0660918
971133;3,2907648377446392;1,4672024
640470;0,980615288353976;2,2287526
112026;5,650088676617156;2,65467
104814;1,1743303244596488;4,0275145
731613;3,745099375063265;4,0742645
716377;0,6024260377049415;0,28874958
968206;3,6349143742193566;1,219073
850180;0,4363524610946734;1,3250365
859193;0,0;-0,0063313246
55828;0,0;1,4270247
128570;0,8784471705357311;1,89646
362141;1,92458303453752;0,6503088
792810;0,9318949183589904;0,85272765
722869;0,0;0,34924585
95476;0,0;2,0624104
739990;0,0;0,40719327
83971;0,2765618318895093;1,1812491
559673;1,5014169918124638;1,2295712
877629;0,0;0,37634134
560711;0,0;0,26303053
859879;0,0;1,1385329
630532;0,0;1,0444205
774203;0,5866284350848604;0,48873246
706686;0,0;1,0828813
685039;0,0;0,24391067
450965;0,0;0,36051607
8656;2,066727540190433;1,7004765
264260;3,838743564692201;3,4193885
341726;0,0;0,5418145
977134;1,7880135632351015;2,3119745
508689;0,0;1,0142766
231874;1,8359616368126608;2,4665284
527175;2,293122918088226;1,3984878
692812;1,645813096896401;1,9490718
784351;0,0;0,51429784
263569;0,0;0,068048716
379468;0,0;0,6681981
717103;0,8692237589262483;1,4791013
112125;1,774028550406431;3,5344775
535662;2,172870941161208;0,6193618
94174;0,0;1,4513073
478149;0,0;0,69230556
865691;5,357202266310955;1,3431098
490034;3,042623385196496;2,4620879
6627;5,513435947499331;4,774144
734834;0,0;0,20931447
195151;0,7862458243432188;1,7054155
689413;0,0905062677560227;0,7332666
400578;1,448176498758234;1,255818
789423;1,2289841893966666;0,4333279
650925;2,1886933706777163;0,92562795
862423;4,462516594634011;3,4434247
512024;0,8193911942796217;0,7601422
268746;1,0164811954173305;1,6120359
940856;4,648766935165409;4,142496
698913;1,383848771054963;2,1900954
482031;0,0;0,8323746
585389;1,055870493252287;1,552238
978373;0,588319011866385;1,5581765
516118;2,8139651155065426;1,6637996
543304;4,341118927089325;2,9077067
620339;3,3827581626064944;1,8216283
850798;1,7165772890043964;1,6504104
112958;0,0;1,5824225
912488;0,0;0,31884804
453066;0,0;0,50854707
401453;3,793929871831648;3,372319
404184;0,1197312830202608;0,9904767
122629;3,903644299505367;1,9736046
188921;0,4949687584378849;1,3039936
151804;0,4670691893962699;0,9180076
377736;2,080750591098496;2,168744
363435;3,849807560998176;4,01597
612290;1,9658543308527137;1,1780396
559129;4,206574728690396;3,1586778
986672;0,4886148449562643;1,5926942
415709;2,108955104404904;1,8906751
940841;0,0;0,63636535
235344;1,4209395328364578;2,8685458
993791;2,2692151490244066;2,982017
462777;1,7945356174977625;1,3034965
784468;0,0;0,52398324
961982;0,0;1,232589
427873;0,6273174917177767;0,38021618
230003;1,942781120688584;1,8220208
446340;3,873393094168336;4,8945436
715294;4,302079926441513;2,9015424
205204;2,0362639358277166;4,280052
655978;2,491898250827923;1,8856258
249039;0,0;1,169807
506744;1,836792051603292;3,1383345
754532;2,7823747644910086;4,070778
15688;4,042380896041844;3,02874
446112;0,1000968230857685;1,8719227
838260;4,699651176355853;2,9711545
529367;1,4385748005466006;2,7494624
850462;1,6529357195488918;2,3178277
173280;1,907920495206705;1,3751265
537702;2,6080451372882725;1,8844907
218228;5,3458315651147466;3,9627044
249716;5,657064800785888;2,0850666
793533;0,4939908436842444;1,6445667
741897;1,4167300237954172;1,4562781
299667;0,4072034948350608;1,083817
695298;0,7671036365233809;0,9990679
445774;0,5683332148898952;2,4176023
977808;0,0;2,4272432
397485;2,1303555161008294;1,4141827
987552;5,7246576116366095;3,1336625
712950;2,9131235103157795;1,3272959
819042;0,8492962005124622;1,577081
851424;6,37022347715935;3,1511037
963867;2,88951616023985;0,7877997
581811;3,411429340040532;2,3591387
66251;2,72044538277659;1,9090173
780892;0,0825020630726067;0,7955892
944797;0,7086242923938117;1,903959
672687;1,8939596671266223;1,1746156
631411;1,150450549304184;1,225579
145796;0,0;0,60985994
171777;0,3677101115918907;1,0240524
132192;2,293509265079732;3,721023
872749;0,6890846185413677;1,6043394
200411;2,804499163179756;1,025926
119447;4,083388377937968;1,8234016
875982;0,0;0,49939466
96613;1,477652757913109;1,1438518
222786;1,280671992219685;1,4011129
73144;5,084312255552413;3,7216036
698402;0,6608363512292017;1,5486152
477967;0,0;0,3089931
749915;0,6232469393627913;0,51290816
311558;3,040281644431727;4,1049137
77327;0,0;1,7150154
705692;0,0;0,32448515
577471;2,467347014566617;2,6758296
430388;1,3411736916935406;1,2315499
413390;3,270177662475083;1,3963045
815050;0,0;0,80816275
849736;2,9715075287464225;4,703221
97794;0,7517638500754087;1,7730783
141673;3,607618477054528;3,9350083
459222;0,0;0,21263409
139628;0,0;0,557161
393282;2,4861021461817385;0,6264779
250438;0,0;0,5751649
535855;5,962641284731023;3,6329057
116461;3,7377228910478255;2,6575212
157238;1,9481857673927296;2,6116464
95667;0,0;0,61393225
368344;2,1710996171724104;2,0849903
527362;4,268025652068024;3,6440196
563366;2,869937776941705;3,923957
521952;1,0215804656349343;1,3238282
885014;1,7136648749858152;2,3242946
125893;4,3351981346554425;3,0665042
132560;0,0;1,4780558
750413;0,7136677158067097;2,9559367
743180;2,193131245941;2,4589021
4083;2,175670798276139;1,6778041
180350;1,5992583242280611;1,7703202
578972;2,5836226569843777;2,5397756
997420;0,0;2,278227
287653;2,9349516561324096;1,9942646
403566;0,0;0,3075511
122832;0,0;1,9611475
597014;3,403491669656095;1,9254146
959409;3,4438152019727744;3,3637705
987135;2,7584143209690963;1,7267344
875512;0,4763573611034951;1,2735543
79121;0,0;1,2672448
479477;0,0;0,22308397
983992;0,0;0,41950506
795513;1,7855812713087225;0,9801116
963625;0,0;2,02009
387478;3,3418488439516265;3,9587872
957197;4,459146253147533;3,485071
132422;2,151897511784685;2,1426866
236901;0,0;0,81065184
200785;0,2601599688947343;0,9698498
286895;0,0;1,3678827
490068;0,3023911919332257;0,869477
502828;1,2737226757165894;1,0413524
608772;1,1096346587635235;2,2255259
651490;1,341050815731407;0,31060588
426505;6,137908451944941;2,9659512
116517;5,165283844551626;3,4437356
450959;0,7240473571391086;0,9882636
501237;0,1733020547249001;0,49675322
596737;1,454806794923187;0,63070333
524804;3,1563877976508548;3,0542715
436033;2,6127401411007;1,5626534
738778;0,2652078439173064;1,3314607
914583;0,4203673767903193;0,6622623
11690;3,296547833386082;3,013928
265830;0,0;0,35102558
267835;2,975924641393239;1,0758389
360129;0,0;1,904982
654103;1,1182223589268316;0,8563247
608520;2,2451005595699614;3,321331
533913;0,0;0,4972169
32666;2,279689418666952;3,098811
727425;4,400332302037279;1,9362508
431034;1,9002492088089744;3,0676134
789788;1,8683487938864496;1,342163
546596;1,267361632466878;1,1821806
227320;1,3710295042088498;1,3184688
410944;1,0206591907160243;2,6977124
